solid auto-kdk-case
facet normal 0 0 1
outer loop
vertex 69.58013153076172 -54.59688949584961 0
vertex 71.14110565185547 -56.03401565551758 0
vertex 71.30244445800781 44.87727737426758 0
endloop
endfacet
facet normal 0 0 1
outer loop
vertex -27.30575180053711 49.91115188598633 0
vertex -43.272613525390625 50.597843170166016 0
vertex -27.287254333496094 47.86231231689453 0
endloop
endfacet
facet normal 0.99999941647613 -0.0010802996804202428 0
outer loop
vertex 72.47288513183594 -55.48084259033203 -1
vertex 72.47288513183594 -55.48084259033203 -20.34014320373535
vertex 72.58074188232422 44.35875701904297 -7.471511363983154
endloop
endfacet
facet normal 0 0 1
outer loop
vertex 68.69977569580078 47.67028045654297 0
vertex 67.93972778320312 48.00221633911133 0
vertex 71.30244445800781 44.87727737426758 0
endloop
endfacet
facet normal -0.9251818504433225 0.37952410148799465 0
outer loop
vertex -64.60614776611328 57.625579833984375 -1
vertex -72.65648651123047 38.00093078613281 -8.300540924072266
vertex -72.65648651123047 38.00093078613281 -1
endloop
endfacet
facet normal 0 0 1
outer loop
vertex 58.43130111694336 -58.71501159667969 0
vertex 53.331302642822266 -58.71501159667969 0
vertex 58.43130111694336 -58.91501235961914 0
endloop
endfacet
facet normal -0.9251818504433225 0.37952410148799465 0
outer loop
vertex -64.60614776611328 57.625579833984375 -5.8527727127075195
vertex -72.65648651123047 38.00093078613281 -8.300540924072266
vertex -64.60614776611328 57.625579833984375 -1
endloop
endfacet
facet normal -0.7116270060656241 -0.7025574739749596 0
outer loop
vertex -61.025657653808594 -61.00535583496094 -20.98863983154297
vertex -59.359039306640625 -62.69348907470703 -21.207889556884766
vertex -61.025657653808594 -61.00535583496094 -1
endloop
endfacet
facet normal 0 0 1
outer loop
vertex 7.472628116607666 55.14702606201172 0
vertex 7.531723499298096 53.10601043701172 0
vertex 11.460306167602539 52.924560546875 0
endloop
endfacet
facet normal -0.7116468621317922 -0.7025373610030636 -0.0000035812264080030266
outer loop
vertex -61.025657653808594 -61.00535583496094 -1
vertex -59.302860260009766 -62.750389099121094 -21.187252044677734
vertex -59.26374435424805 -62.79001235961914 -21.156740188598633
endloop
endfacet
facet normal 0 0 1
outer loop
vertex 7.472628116607666 55.14702606201172 0
vertex 7.257771968841553 53.148414611816406 0
vertex 7.531723499298096 53.10601043701172 0
endloop
endfacet
facet normal 0 -1 0
outer loop
vertex -59.26374435424805 -62.79001235961914 -21.156740188598633
vertex -32.619869232177734 -62.79001235961914 -11.449999809265137
vertex -33.19389724731445 -62.79001235961914 -11.335819244384766
endloop
endfacet
facet normal 0 0 1
outer loop
vertex -68.38236999511719 34.37516784667969 0
vertex -54.234745025634766 27.4027042388916 0
vertex -54.513267517089844 28.771690368652344 0
endloop
endfacet
facet normal 0 -1 0
outer loop
vertex -33.6805305480957 -62.79001235961914 -11.010660171508789
vertex -34.00569152832031 -62.79001235961914 -10.524024963378906
vertex -59.26374435424805 -62.79001235961914 -21.156740188598633
endloop
endfacet
facet normal 0 0 1
outer loop
vertex -60.3431282043457 29.011493682861328 0
vertex -54.234745025634766 27.4027042388916 0
vertex -68.38236999511719 34.37516784667969 0
endloop
endfacet
facet normal 0 -1 0
outer loop
vertex -32.619869232177734 -62.79001235961914 -11.449999809265137
vertex -59.26374435424805 -62.79001235961914 -21.156740188598633
vertex -20.619871139526367 -62.79001235961914 -11.449999809265137
endloop
endfacet
facet normal 0 0 1
outer loop
vertex -10.952168464660645 50.797760009765625 0
vertex 7.257771968841553 53.148414611816406 0
vertex 7.472628116607666 55.14702606201172 0
endloop
endfacet
facet normal 0 0 1
outer loop
vertex 67.93972778320312 48.00221633911133 0
vertex 67.26200866699219 46.109989166259766 0
vertex 67.519287109375 46.003421783447266 0
endloop
endfacet
facet normal 0.8151821462201125 0.579204686172316 0
outer loop
vertex 12.822547912597656 52.73381423950195 -6.449118137359619
vertex 12.67248249053955 52.94501876831055 -6.520107746124268
vertex 12.822547912597656 52.73381423950195 -1
endloop
endfacet
facet normal 0.3663377423460164 -0.9304819496007559 4.9890940764472e-9
outer loop
vertex 67.831298828125 -59.91501235961914 -1
vertex 67.89166259765625 -59.8912467956543 -20.794816970825195
vertex 68.89073181152344 -59.49790573120117 -20.743732452392578
endloop
endfacet
facet normal 0.006883164536306355 0.9999763107423926 0
outer loop
vertex -59.7955207824707 60.00172805786133 -5.718667984008789
vertex -59.7955207824707 60.00172805786133 -1
vertex -59.717933654785156 60.00119400024414 -1
endloop
endfacet
facet normal 0 -1 0
outer loop
vertex 63.331302642822266 -59.91501235961914 -1
vertex 63.331302642822266 -59.91501235961914 -1.5076520442962646
vertex 64.831298828125 -59.91501235961914 -4
endloop
endfacet
facet normal 0.37187872811677475 0.9282813213533363 8.681652595773155e-7
outer loop
vertex -51.19102478027344 57.0018196105957 -3.5
vertex -58.65984344482422 59.993900299072266 -1
vertex -51.377681732177734 57.076595306396484 -2.5
endloop
endfacet
facet normal -8.329298701919277e-14 1.1402966950744336e-14 1
outer loop
vertex -71.66759490966797 37.03374099731445 -1.6284727472754001e-13
vertex -70.30070495605469 33.46909713745117 -8.347411439369248e-15
vertex -69.66331481933594 37.39287567138672 0
endloop
endfacet
facet normal 0 -1 0
outer loop
vertex -20.619871139526367 -62.79001235961914 -11.449999809265137
vertex -59.26374435424805 -62.79001235961914 -21.156740188598633
vertex -20.04584503173828 -62.79001235961914 -11.335819244384766
endloop
endfacet
facet normal -0.6817389390125222 0.731595529670651 0
outer loop
vertex 28.87116050720215 48.69440841674805 -7.120057106018066
vertex 25.897361755371094 45.92326736450195 -7.364246845245361
vertex 28.87116050720215 48.69440841674805 -1
endloop
endfacet
facet normal 0 0 1
outer loop
vertex 43.341651916503906 -56.91501235961914 0
vertex 52.831302642822266 -57.21501159667969 0
vertex 52.869361877441406 -57.0236701965332 0
endloop
endfacet
facet normal 0.031702413647619485 0.9994973521570306 4.753129507804806e-9
outer loop
vertex 23.540193557739258 42.85951232910156 -1
vertex 16.762983322143555 43.0744743347168 -7.976678371429443
vertex 16.479751586914062 43.083457946777344 -1
endloop
endfacet
facet normal 0 -1 0
outer loop
vertex -33.19389724731445 -62.79001235961914 -11.335819244384766
vertex -33.6805305480957 -62.79001235961914 -11.010660171508789
vertex -59.26374435424805 -62.79001235961914 -21.156740188598633
endloop
endfacet
facet normal 0 0 1
outer loop
vertex -27.194534301757812 49.89807891845703 0
vertex -27.14143180847168 47.85395431518555 0
vertex -26.858322143554688 49.88242721557617 0
endloop
endfacet
facet normal 0.16767770602070764 0.9858418670880403 0
outer loop
vertex -42.19804763793945 53.458152770996094 -6.588317394256592
vertex -42.29585647583008 53.474788665771484 -6.600442409515381
vertex -42.29585647583008 53.474788665771484 -1
endloop
endfacet
facet normal -0.621187917524856 0.7836616432622747 -7.769918427105111e-7
outer loop
vertex 24.258136749267578 43.428611755371094 -7.83275842666626
vertex 24.109220504760742 43.310569763183594 -7.845320701599121
vertex 25.26178741455078 44.224185943603516 -1
endloop
endfacet
facet normal 0.40023162203472223 0.9164140160012041 0
outer loop
vertex 68.14994812011719 49.001617431640625 -7.141525745391846
vertex 68.14994812011719 49.001617431640625 -1
vertex 69.2900161743164 48.50370788574219 -1
endloop
endfacet
facet normal 0.0027413382257406955 -0.9999962425253067 0
outer loop
vertex 64.831298828125 -59.91501235961914 -5
vertex 67.85233306884766 -59.90673065185547 -20.78972053527832
vertex 64.831298828125 -59.91501235961914 -4
endloop
endfacet
facet normal -1.6749200211339474e-12 1.6258098495422436e-10 1
outer loop
vertex -60.41777801513672 58.690895080566406 -2.7720967188393786e-10
vertex -59.52643585205078 56.99502182006836 0
vertex -59.24835205078125 56.997886657714844 0
endloop
endfacet
facet normal -0.9214060261923593 0.3886012543680287 0
outer loop
vertex -59.934791564941406 -24.2501220703125 -16.566621780395508
vertex -60.5736198425293 -25.76483726501465 -16.582603454589844
vertex -59.934791564941406 -24.2501220703125 -1
endloop
endfacet
facet normal 0 -1 0
outer loop
vertex -20.619871139526367 -62.79001235961914 -3.450000047683716
vertex -20.04584503173828 -62.79001235961914 -3.564180612564087
vertex 43.08482360839844 -62.79001235961914 -1
endloop
endfacet
facet normal 0.40023055133371804 0.9164144836148391 2.3666778637749704e-7
outer loop
vertex 69.1295394897461 48.573795318603516 -7.1970906257629395
vertex 68.14994812011719 49.001617431640625 -7.141525745391846
vertex 69.2900161743164 48.50370788574219 -1
endloop
endfacet
facet normal 0 -1 0
outer loop
vertex -33.19389724731445 -62.79001235961914 -3.564180612564087
vertex -32.619869232177734 -62.79001235961914 -3.450000047683716
vertex -49.863746643066406 -62.79001235961914 -1.6661099195480347
endloop
endfacet
facet normal -0.9337062346445228 -0.3580400352236402 0.000023727655302406375
outer loop
vertex -71.23966217041016 33.12474822998047 -8.842065811157227
vertex -71.16056060791016 32.9184684753418 -8.791008949279785
vertex -72.66973876953125 36.85417175292969 -8.357698440551758
endloop
endfacet
facet normal 0 0 1
outer loop
vertex 25.8817081451416 43.4421272277832 0
vertex 28.180130004882812 40.49650955200195 0
vertex 26.02783203125 43.581398010253906 0
endloop
endfacet
facet normal 0 0 1
outer loop
vertex 64.831298828125 -58.21501159667969 0
vertex 64.79324340820312 -58.40635299682617 0
vertex 67.64154052734375 -58.91501235961914 0
endloop
endfacet
facet normal 0.37187873216716816 0.9282813196348658 0.000013367564929977128
outer loop
vertex -58.65984344482422 59.993900299072266 -1
vertex -42.603004455566406 53.561370849609375 -1
vertex -51.377681732177734 57.076595306396484 -1.100000023841858
endloop
endfacet
facet normal 0 0 1
outer loop
vertex -44.26374435424805 -60.09001159667969 0
vertex -44.26374435424805 -61.09001159667969 0
vertex -19.119871139526367 -60.09001159667969 0
endloop
endfacet
facet normal 0 0 1
outer loop
vertex 59.231300354003906 -58.71501159667969 0
vertex 59.231300354003906 -58.91501235961914 0
vertex 64.52264404296875 -58.67695236206055 0
endloop
endfacet
facet normal 0 0 1
outer loop
vertex -50.66374588012695 -61.59001159667969 0
vertex -55.76374435424805 -61.59001159667969 0
vertex -50.66374588012695 -61.79001235961914 0
endloop
endfacet
facet normal -0.6211911509977716 0.7836590801630922 0
outer loop
vertex 23.540193557739258 42.85951232910156 -8.117632865905762
vertex 23.540193557739258 42.85951232910156 -1
vertex 25.26178741455078 44.224185943603516 -1
endloop
endfacet
facet normal 0.9702966429208579 0.2419182191082624 6.899083895071529e-9
outer loop
vertex 14.76463794708252 44.94438934326172 -7.485302448272705
vertex 14.690072059631348 45.24346160888672 -7.429409027099609
vertex 14.913400650024414 44.34772491455078 -1
endloop
endfacet
facet normal 0.27130255140853493 0.9624940980156043 0.00019205298047881767
outer loop
vertex -42.6124153137207 53.56513977050781 -6.594155788421631
vertex -42.603004455566406 53.561370849609375 -1
vertex -42.42815399169922 53.5120849609375 -1
endloop
endfacet
facet normal 0 0 1
outer loop
vertex 12.856470108032227 40.19687271118164 0
vertex 15.852604866027832 42.306461334228516 0
vertex 14.286253929138184 43.57073211669922 0
endloop
endfacet
facet normal 0 0 1
outer loop
vertex -26.858322143554688 49.88242721557617 0
vertex -27.14143180847168 47.85395431518555 0
vertex -26.74650001525879 49.879058837890625 0
endloop
endfacet
facet normal 0.6280844169385654 0.7781452082987923 -7.559846479577326e-7
outer loop
vertex 15.976546287536621 43.48961639404297 -7.82224178314209
vertex 15.813529014587402 43.62119674682617 -7.806112766265869
vertex 16.479751586914062 43.083457946777344 -1
endloop
endfacet
facet normal 0.557955661337632 -0.8298707610111856 3.6000467018094984e-8
outer loop
vertex 44.94269943237305 -60.93578338623047 -1
vertex 46.0614013671875 -60.18363571166992 -20.855262756347656
vertex 46.37067794799805 -59.9756965637207 -20.861644744873047
endloop
endfacet
facet normal 0 -1 0
outer loop
vertex -47.22283172607422 -62.79001235961914 -1.5949000120162964
vertex -47.8979377746582 -62.79001235961914 -1.6254053115844727
vertex -32.619869232177734 -62.79001235961914 -3.450000047683716
endloop
endfacet
facet normal 0 0 1
outer loop
vertex -56.225685119628906 -61.28135299682617 0
vertex -58.84577178955078 -61.79001235961914 0
vertex -56.1172981262207 -61.443565368652344 0
endloop
endfacet
facet normal 0 0 1
outer loop
vertex 29.413524627685547 47.83293533325195 0
vertex 26.69380760192871 45.298561096191406 0
vertex 30.49825096130371 46.109989166259766 0
endloop
endfacet
facet normal -2.7744910573425947e-12 7.430361462108766e-11 1
outer loop
vertex -63.759307861328125 57.055076599121094 -8.948027735433683e-11
vertex -62.06563186645508 55.914066314697266 0
vertex -63.1690559387207 57.632469177246094 -1.3074498428355952e-10
endloop
endfacet
facet normal 0 0 1
outer loop
vertex 67.519287109375 -56.808441162109375 0
vertex 67.26200866699219 -56.91501235961914 0
vertex 71.14110565185547 -56.03401565551758 0
endloop
endfacet
facet normal 0 0 1
outer loop
vertex 26.387855529785156 44.751094818115234 0
vertex 26.24036407470703 44.027278900146484 0
vertex 30.240970611572266 46.003421783447266 0
endloop
endfacet
facet normal 0.002878345051528372 0.9999958575563022 0
outer loop
vertex 68.14994812011719 49.001617431640625 -7.141525745391846
vertex 59.831016540527344 49.02556228637695 -3.5
vertex 68.14994812011719 49.001617431640625 -1
endloop
endfacet
facet normal -0.3649973507241298 0.9310085574066259 0
outer loop
vertex 29.93535804748535 49.11162185668945 -1
vertex 28.87116050720215 48.69440841674805 -7.120057106018066
vertex 28.87116050720215 48.69440841674805 -1
endloop
endfacet
facet normal 0 -1 0
outer loop
vertex -54.01652145385742 -62.79001235961914 -1.5589157342910767
vertex -50.66374588012695 -62.79001235961914 -4
vertex -53.304656982421875 -62.79001235961914 -1.5949000120162964
endloop
endfacet
facet normal 0 0 1
outer loop
vertex 42.58012771606445 -59.37995910644531 0
vertex 42.17007827758789 -59.79001235961914 0
vertex 44.07667541503906 -60.43578338623047 0
endloop
endfacet
facet normal 0.7316000286477061 0.6817341109865895 0
outer loop
vertex 72.1635971069336 45.419979095458984 -7.434055805206299
vertex 71.99634552001953 45.599464416503906 -7.506096363067627
vertex 72.1635971069336 45.419979095458984 -1
endloop
endfacet
facet normal 0.05637974940549339 0.9984093969194069 0
outer loop
vertex -27.138147354125977 50.896488189697266 -6.96258544921875
vertex -27.138147354125977 50.896488189697266 -1
vertex -26.926570892333984 50.88454055786133 -1
endloop
endfacet
facet normal 0 0 1
outer loop
vertex 42.58012771606445 -57.67653274536133 0
vertex 42.58012771606445 -59.37995910644531 0
vertex 45.905006408691406 -59.08815002441406 0
endloop
endfacet
facet normal 0 0 1
outer loop
vertex -60.224220275878906 28.95298194885254 0
vertex -54.234745025634766 27.4027042388916 0
vertex -60.3431282043457 29.011493682861328 0
endloop
endfacet
facet normal 0 0 1
outer loop
vertex -10.952168464660645 50.797760009765625 0
vertex -10.879693031311035 48.75990295410156 0
vertex 7.257771968841553 53.148414611816406 0
endloop
endfacet
facet normal 0 0 1
outer loop
vertex -27.287254333496094 47.86231231689453 0
vertex -27.14143180847168 47.85395431518555 0
vertex -27.194534301757812 49.89807891845703 0
endloop
endfacet
facet normal 0 -1 0
outer loop
vertex 58.43130111694336 -59.91501235961914 -4
vertex 57.685176849365234 -59.91501235961914 -1.6591570377349854
vertex 56.46549606323242 -59.91501235961914 -1.6254053115844727
endloop
endfacet
facet normal 0 0 1
outer loop
vertex 10.04875373840332 51.458187103271484 0
vertex 11.460306167602539 52.924560546875 0
vertex 9.884248733520508 51.68131637573242 0
endloop
endfacet
facet normal 0 0 1
outer loop
vertex -44.410194396972656 -61.443565368652344 0
vertex -44.57240295410156 -61.55195236206055 0
vertex 42.7799072265625 -61.79001235961914 0
endloop
endfacet
facet normal 0 -1 0
outer loop
vertex 59.231300354003906 -59.91501235961914 -4
vertex 64.831298828125 -59.91501235961914 -4
vertex 59.9774284362793 -59.91501235961914 -1.6591570377349854
endloop
endfacet
facet normal 0.0028786007330771747 0.9999958566501158 -0.000018450486716593008
outer loop
vertex 38.534690856933594 49.08686828613281 -1
vertex 68.14994812011719 49.001617431640625 -1
vertex 57.63130569458008 49.03189468383789 -1.100000023841858
endloop
endfacet
facet normal 0.37720301931075667 0.925878781283319 -0.02159547619676425
outer loop
vertex -49.339866638183594 56.247657775878906 -3.5
vertex -51.19102478027344 57.0018196105957 -3.5
vertex -42.603004455566406 53.561370849609375 -1
endloop
endfacet
facet normal 0.9702966541957292 0.24191817388648873 0
outer loop
vertex 14.913400650024414 44.34772491455078 -1
vertex 12.822547912597656 52.73381423950195 -6.449118137359619
vertex 12.822547912597656 52.73381423950195 -1
endloop
endfacet
facet normal 0.1730443272741943 0.9849140372632498 1.6535325135174949e-7
outer loop
vertex 7.451837539672852 56.16599655151367 -6.2347798347473145
vertex 8.658632278442383 55.9539680480957 -1
vertex 8.547428131103516 55.973506927490234 -6.259779930114746
endloop
endfacet
facet normal 0 0 1
outer loop
vertex 16.306102752685547 42.09865188598633 0
vertex 14.214447975158691 39.734989166259766 0
vertex 16.448049545288086 42.083961486816406 0
endloop
endfacet
facet normal 0.37038425783351475 0.9288786258396187 0.0000027236195342740118
outer loop
vertex -42.603004455566406 53.561370849609375 -1
vertex -42.6124153137207 53.56513977050781 -6.594155788421631
vertex -49.339866638183594 56.247657775878906 -3.5
endloop
endfacet
facet normal 0 0 1
outer loop
vertex 24.040193557739258 41.99348831176758 0
vertex 23.882213592529297 41.919822692871094 0
vertex 27.418607711791992 39.734989166259766 0
endloop
endfacet
facet normal 0.9999994164864754 -0.001080290103921022 0
outer loop
vertex 72.49170684814453 -38.058902740478516 -1
vertex 72.58074188232422 44.35875701904297 -7.471511363983154
vertex 72.58074188232422 44.35875701904297 -1
endloop
endfacet
facet normal 0.9702966957197966 0.24191800733976926 0
outer loop
vertex 14.865582466125488 44.53951644897461 -7.649563789367676
vertex 14.913400650024414 44.34772491455078 -1
vertex 14.913400650024414 44.34772491455078 -7.7691802978515625
endloop
endfacet
facet normal 0 -1 0
outer loop
vertex -56.26374435424805 -62.79001235961914 -5
vertex -56.26374435424805 -62.79001235961914 -4
vertex -59.26374435424805 -62.79001235961914 -21.156740188598633
endloop
endfacet
facet normal 0 -1 0
outer loop
vertex -47.8979377746582 -62.79001235961914 -1.6254053115844727
vertex -49.11762237548828 -62.79001235961914 -1.6591570377349854
vertex -32.619869232177734 -62.79001235961914 -3.450000047683716
endloop
endfacet
facet normal 0 -1 0
outer loop
vertex 46.460941314697266 -59.91501235961914 -1
vertex 46.72359085083008 -59.91501235961914 -20.814233779907227
vertex 47.07501220703125 -59.91501235961914 -20.783342361450195
endloop
endfacet
facet normal 0 -1 0
outer loop
vertex -45.76374435424805 -62.79001235961914 -1
vertex -45.76374435424805 -62.79001235961914 -1.5076520442962646
vertex -32.619869232177734 -62.79001235961914 -3.450000047683716
endloop
endfacet
facet normal 0 0 1
outer loop
vertex -44.30180740356445 -61.28135299682617 0
vertex -44.410194396972656 -61.443565368652344 0
vertex 42.7799072265625 -61.79001235961914 0
endloop
endfacet
facet normal 0 0 1
outer loop
vertex -58.84577178955078 -61.79001235961914 0
vertex -57.119869232177734 -60.09001159667969 0
vertex -58.00981903076172 -59.79001235961914 0
endloop
endfacet
facet normal -0.9337071785868242 -0.35803757436256967 0
outer loop
vertex -71.16056060791016 32.9184684753418 -8.791008949279785
vertex -71.16056060791016 32.9184684753418 -1
vertex -72.05496215820312 35.25093078613281 -1
endloop
endfacet
facet normal 0 -1 0
outer loop
vertex -56.26374435424805 -62.79001235961914 -5
vertex -59.26374435424805 -62.79001235961914 -21.156740188598633
vertex -44.26374435424805 -62.79001235961914 -5
endloop
endfacet
facet normal 0 0 1
outer loop
vertex -57.58139419555664 -26.390010833740234 0
vertex -59.576210021972656 -25.973228454589844 0
vertex -58.00981903076172 -26.390010833740234 0
endloop
endfacet
facet normal 0.5580537308308202 -0.8298047504293347 0.0003311656865928285
outer loop
vertex 43.11639404296875 -62.7687873840332 -21.173086166381836
vertex 43.169437408447266 -62.73311996459961 -21.185327529907227
vertex 43.08482360839844 -62.79001235961914 -21.156740188598633
endloop
endfacet
facet normal 0 0 1
outer loop
vertex -56.26374435424805 -60.09001159667969 0
vertex -57.119869232177734 -60.09001159667969 0
vertex -56.26374435424805 -61.09001159667969 0
endloop
endfacet
facet normal -0.14325433293420495 0.98968590779838 9.341999928450795e-7
outer loop
vertex -11.339941024780273 51.74814224243164 -6.84019136428833
vertex -11.443592071533203 51.73313903808594 -6.841955184936523
vertex -11.181909561157227 51.77101135253906 -1
endloop
endfacet
facet normal 0 0 1
outer loop
vertex -58.83769226074219 -23.863515853881836 0
vertex -58.95674514770508 -24.449003219604492 0
vertex -56.81986999511719 -25.628488540649414 0
endloop
endfacet
facet normal 1.9217654898701423e-11 8.842525267090122e-11 1
outer loop
vertex -63.1690559387207 57.632469177246094 -1.3074498428355952e-10
vertex -62.06563186645508 55.914066314697266 0
vertex -60.41777801513672 58.690895080566406 -2.7720967188393786e-10
endloop
endfacet
facet normal 0.6817393148235629 -0.7315951794701078 0
outer loop
vertex 68.89073181152344 -59.49790573120117 -1
vertex 71.9748764038086 -56.62393569946289 -20.413209915161133
vertex 71.9748764038086 -56.62393569946289 -1
endloop
endfacet
facet normal 0.5579549825490614 -0.8298712173877805 0
outer loop
vertex 43.08482360839844 -62.79001235961914 -21.156740188598633
vertex 44.60306167602539 -61.76924133300781 -21.060142517089844
vertex 43.08482360839844 -62.79001235961914 -1
endloop
endfacet
facet normal 0 -1 0
outer loop
vertex 46.460941314697266 -59.91501235961914 -1
vertex 52.831302642822266 -59.91501235961914 -5
vertex 52.831302642822266 -59.91501235961914 -4
endloop
endfacet
facet normal 0 -1 0
outer loop
vertex -59.26374435424805 -62.79001235961914 -21.156740188598633
vertex 43.08482360839844 -62.79001235961914 -21.156740188598633
vertex -20.04584503173828 -62.79001235961914 -11.335819244384766
endloop
endfacet
facet normal -0.9803505250144982 0.19726339778019863 9.487054539428932e-8
outer loop
vertex 25.404861450195312 44.935218811035156 -7.372343063354492
vertex 25.326101303100586 44.543800354003906 -7.549075126647949
vertex 25.438434600830078 45.10206604003906 -1
endloop
endfacet
facet normal 0 -1 0
outer loop
vertex 46.460941314697266 -59.91501235961914 -1
vertex 52.831302642822266 -59.91501235961914 -4
vertex 58.43130111694336 -59.91501235961914 -4
endloop
endfacet
facet normal 0 0 1
outer loop
vertex 29.413524627685547 47.83293533325195 0
vertex 30.49825096130371 46.109989166259766 0
vertex 67.26200866699219 46.109989166259766 0
endloop
endfacet
facet normal 0 -1 0
outer loop
vertex -19.5592098236084 -62.79001235961914 -3.8893399238586426
vertex -19.234050750732422 -62.79001235961914 -4.375974655151367
vertex 43.08482360839844 -62.79001235961914 -1
endloop
endfacet
facet normal 0.0029622504550788427 0.9999956012972554 0.0001498612090237282
outer loop
vertex 29.9919490814209 49.11145782470703 -7.156309604644775
vertex 29.93535804748535 49.11162185668945 -7.1322503089904785
vertex 57.831302642822266 49.0284423828125 -3.5
endloop
endfacet
facet normal 0.40023822665492303 0.9164111314929136 0
outer loop
vertex 69.2900161743164 48.50370788574219 -7.12890100479126
vertex 69.1295394897461 48.573795318603516 -7.1970906257629395
vertex 69.2900161743164 48.50370788574219 -1
endloop
endfacet
facet normal 0 -1 0
outer loop
vertex -44.26374435424805 -62.79001235961914 -4
vertex -44.26374435424805 -62.79001235961914 -5
vertex -34.119869232177734 -62.79001235961914 -4.949999809265137
endloop
endfacet
facet normal -0.7158470379296151 -0.6982571290486486 -0.0000044871901091894665
outer loop
vertex -70.40336608886719 32.142250061035156 -8.89182186126709
vertex -70.37853240966797 32.116790771484375 -8.888538360595703
vertex -71.16056060791016 32.9184684753418 -1
endloop
endfacet
facet normal -0.8729341877994643 0.4878379892657907 0
outer loop
vertex 25.897361755371094 45.92326736450195 -1
vertex 25.438434600830078 45.10206604003906 -7.320651054382324
vertex 25.438434600830078 45.10206604003906 -1
endloop
endfacet
facet normal -0.3810909448827921 -0.9245375556073104 0
outer loop
vertex -70.29637145996094 32.032562255859375 -8.857253074645996
vertex -61.369293212890625 28.352853775024414 -9.335358619689941
vertex -70.29637145996094 32.032562255859375 -1
endloop
endfacet
facet normal 0 -1 0
outer loop
vertex -33.6805305480957 -62.79001235961914 -3.8893399238586426
vertex -33.19389724731445 -62.79001235961914 -3.564180612564087
vertex -49.863746643066406 -62.79001235961914 -1.6661099195480347
endloop
endfacet
facet normal 0.9999994164269435 -0.001080344983793839 -6.989211223647553e-7
outer loop
vertex 72.49170684814453 -38.058902740478516 -1
vertex 72.47288513183594 -55.48084259033203 -1
vertex 72.58074188232422 44.35875701904297 -7.471511363983154
endloop
endfacet
facet normal 0 -1 0
outer loop
vertex -50.66374588012695 -62.79001235961914 -4
vertex -51.40987014770508 -62.79001235961914 -1.6591570377349854
vertex -52.62955093383789 -62.79001235961914 -1.6254053115844727
endloop
endfacet
facet normal 0.0028831007356705197 0.9999958437974208 0.00001086427591433329
outer loop
vertex 68.14994812011719 49.001617431640625 -7.141525745391846
vertex 68.0865478515625 49.001800537109375 -7.170551776885986
vertex 59.831016540527344 49.02556228637695 -3.5
endloop
endfacet
facet normal 0 0 1
outer loop
vertex 69.58013153076172 -54.59688949584961 0
vertex 69.47356414794922 -54.85417175292969 0
vertex 71.14110565185547 -56.03401565551758 0
endloop
endfacet
facet normal -0.9803493001111859 0.19726948514990753 -4.4504799069867925e-7
outer loop
vertex 25.326101303100586 44.543800354003906 -7.549075126647949
vertex 25.26178741455078 44.224185943603516 -7.761544227600098
vertex 25.438434600830078 45.10206604003906 -1
endloop
endfacet
facet normal 0 0 1
outer loop
vertex 43.341651916503906 -56.91501235961914 0
vertex 45.960941314697266 -59.04898452758789 0
vertex 46.118919372558594 -58.975318908691406 0
endloop
endfacet
facet normal 0 0 1
outer loop
vertex -58.878265380859375 27.123611450195312 0
vertex -56.71330261230469 24.924148559570312 0
vertex -54.234745025634766 27.4027042388916 0
endloop
endfacet
facet normal 0.006887763658319639 0.999976279074385 5.785091624268105e-7
outer loop
vertex -58.71870422363281 59.99430847167969 -5.7428669929504395
vertex -59.740509033203125 60.001346588134766 -5.741952896118164
vertex -58.65984344482422 59.993900299072266 -1
endloop
endfacet
facet normal 0 0 1
outer loop
vertex -58.710025787353516 26.56609344482422 0
vertex -56.81986999511719 24.666868209838867 0
vertex -56.71330261230469 24.924148559570312 0
endloop
endfacet
facet normal 0.167689840471863 0.9858398031133259 0
outer loop
vertex -27.138147354125977 50.896488189697266 -6.96258544921875
vertex -42.1328010559082 53.44705581665039 -6.595281600952148
vertex -27.138147354125977 50.896488189697266 -1
endloop
endfacet
facet normal 0 0 1
outer loop
vertex 53.13996124267578 -58.67695236206055 0
vertex 52.97774887084961 -58.568565368652344 0
vertex 46.460941314697266 -58.91501235961914 0
endloop
endfacet
facet normal 0 0 1
outer loop
vertex 24.160112380981445 42.077457427978516 0
vertex 24.040193557739258 41.99348831176758 0
vertex 27.418607711791992 39.734989166259766 0
endloop
endfacet
facet normal 0 0 1
outer loop
vertex 64.72063446044922 -56.91501235961914 0
vertex 64.79324340820312 -57.0236701965332 0
vertex 67.26200866699219 -56.91501235961914 0
endloop
endfacet
facet normal -1.1940893076258424e-10 -2.9809326523809124e-10 1
outer loop
vertex -58.85601043701172 58.99523162841797 0
vertex -60.41777801513672 58.690895080566406 -2.7720967188393786e-10
vertex -42.94502639770508 52.62167739868164 0
endloop
endfacet
facet normal -0.8315754474688501 -0.5554118068306976 2.0421305037590997e-7
outer loop
vertex -59.95650863647461 26.937517166137695 -9.632731437683105
vertex -59.743553161621094 26.618675231933594 -9.781974792480469
vertex -60.724220275878906 28.086956024169922 -1
endloop
endfacet
facet normal 0.3718784777079976 0.9282814216699493 0
outer loop
vertex -51.19102478027344 57.0018196105957 -6.124655723571777
vertex -58.65984344482422 59.993900299072266 -5.718195915222168
vertex -58.65984344482422 59.993900299072266 -1
endloop
endfacet
facet normal -0.9999977836940187 0.0021053757504530418 0
outer loop
vertex -59.709842681884766 26.568201065063477 -9.817105293273926
vertex -59.71056365966797 26.22575569152832 -9.827818870544434
vertex -59.709842681884766 26.568201065063477 -1
endloop
endfacet
facet normal -0.22974124348584551 0.9732517459739991 3.7416763036262073e-7
outer loop
vertex -6.044112682342529 52.98381423950195 -1
vertex 7.443079948425293 56.167537689208984 -1
vertex -10.9428071975708 51.82745361328125 -6.802054405212402
endloop
endfacet
facet normal 0 0 1
outer loop
vertex 53.331302642822266 -58.71501159667969 0
vertex 46.460941314697266 -58.91501235961914 0
vertex 58.43130111694336 -58.91501235961914 0
endloop
endfacet
facet normal 0 0 1
outer loop
vertex 8.28299617767334 55.0046501159668 0
vertex 7.472628116607666 55.14702606201172 0
vertex 11.460306167602539 52.924560546875 0
endloop
endfacet
facet normal 0 -1 0
outer loop
vertex 59.231300354003906 -59.91501235961914 -1.6661099195480347
vertex 59.231300354003906 -59.91501235961914 -4
vertex 59.9774284362793 -59.91501235961914 -1.6591570377349854
endloop
endfacet
facet normal 9.100024227314872e-11 2.2659528020223637e-10 1
outer loop
vertex -60.41777801513672 58.690895080566406 -2.7720967188393786e-10
vertex -59.24835205078125 56.997886657714844 0
vertex -43.405582427978516 50.635459899902344 0
endloop
endfacet
facet normal 0 0 1
outer loop
vertex 10.04875373840332 51.458187103271484 0
vertex 12.856470108032227 40.19687271118164 0
vertex 11.460306167602539 52.924560546875 0
endloop
endfacet
facet normal -0.6992746534857966 0.7148531030864448 0
outer loop
vertex -63.72076416015625 58.491668701171875 -5.842238903045654
vertex -64.60614776611328 57.625579833984375 -5.8527727127075195
vertex -63.72076416015625 58.491668701171875 -1
endloop
endfacet
facet normal 0 -1 0
outer loop
vertex 61.872215270996094 -59.91501235961914 -1.5949000120162964
vertex 64.831298828125 -59.91501235961914 -4
vertex 62.58407974243164 -59.91501235961914 -1.5589157342910767
endloop
endfacet
facet normal -0.6211902005383536 0.7836598335726543 0
outer loop
vertex 25.26178741455078 44.224185943603516 -7.761544227600098
vertex 25.16477394104004 44.14728546142578 -7.743031978607178
vertex 25.26178741455078 44.224185943603516 -1
endloop
endfacet
facet normal 0 0 1
outer loop
vertex -44.57240295410156 -61.55195236206055 0
vertex -49.863746643066406 -61.79001235961914 0
vertex 42.7799072265625 -61.79001235961914 0
endloop
endfacet
facet normal 0.37187835708658284 0.9282814699889956 0.0000023777167899789045
outer loop
vertex -42.603004455566406 53.561370849609375 -1
vertex -51.19102478027344 57.0018196105957 -3.5
vertex -49.14980697631836 56.184085845947266 -2.5
endloop
endfacet
facet normal -8.759090206853992e-14 3.538902617935431e-14 1
outer loop
vertex -62.26044845581055 55.71561050415039 0
vertex -71.66759490966797 37.03374099731445 -1.6284727472754001e-13
vertex -69.66331481933594 37.39287567138672 0
endloop
endfacet
facet normal 0 -1 0
outer loop
vertex 62.58407974243164 -59.91501235961914 -1.5589157342910767
vertex 64.831298828125 -59.91501235961914 -4
vertex 63.331302642822266 -59.91501235961914 -1.5076520442962646
endloop
endfacet
facet normal 0.17304696259088628 0.9849135742479418 -4.6093073101347565e-7
outer loop
vertex 8.658632278442383 55.9539680480957 -1
vertex 7.451837539672852 56.16599655151367 -6.2347798347473145
vertex 7.443079948425293 56.167537689208984 -1
endloop
endfacet
facet normal 0.3718785740204733 0.9282813830862382 0
outer loop
vertex -58.65984344482422 59.993900299072266 -1
vertex -51.377681732177734 57.076595306396484 -1.100000023841858
vertex -51.377681732177734 57.076595306396484 -2.5
endloop
endfacet
facet normal 0.3718788265290188 0.9282812819288129 0
outer loop
vertex -42.603004455566406 53.561370849609375 -1
vertex -49.14980697631836 56.184085845947266 -2.5
vertex -49.14980697631836 56.184085845947266 -1.100000023841858
endloop
endfacet
facet normal 0.5477344371111122 0.8366522493859518 0
outer loop
vertex 12.166082382202148 53.65774917602539 -6.427540302276611
vertex 11.993362426757812 53.77082443237305 -6.4951629638671875
vertex 12.166082382202148 53.65774917602539 -1
endloop
endfacet
facet normal 0.1676896743528426 0.985839831369796 4.5805866530973294e-7
outer loop
vertex -27.138147354125977 50.896488189697266 -1
vertex -42.1328010559082 53.44705581665039 -6.595281600952148
vertex -42.29585647583008 53.474788665771484 -1
endloop
endfacet
facet normal -0.8315759694964978 -0.5554110252380213 9.991368437821062e-8
outer loop
vertex -60.498809814453125 27.74946403503418 -9.494338989257812
vertex -60.15498352050781 27.234678268432617 -9.561198234558105
vertex -60.724220275878906 28.086956024169922 -1
endloop
endfacet
facet normal 0.9260609814211195 -0.3773738977318819 0
outer loop
vertex 44.60306167602539 -61.76924133300781 -1
vertex 44.94269943237305 -60.93578338623047 -21.09084701538086
vertex 44.94269943237305 -60.93578338623047 -1
endloop
endfacet
facet normal 0.2713362349519612 0.9624846030857079 0.0001908534561549662
outer loop
vertex -42.29585647583008 53.474788665771484 -1
vertex -42.6124153137207 53.56513977050781 -6.594155788421631
vertex -42.42815399169922 53.5120849609375 -1
endloop
endfacet
facet normal -2.5477528519419885e-15 -3.8186512778972175e-15 1
outer loop
vertex -68.38236999511719 34.37516784667969 0
vertex -70.30070495605469 33.46909713745117 -8.347411439369248e-15
vertex -60.3431282043457 29.011493682861328 0
endloop
endfacet
facet normal 0 0 1
outer loop
vertex 23.540193557739258 41.85951232910156 0
vertex 16.448049545288086 42.083961486816406 0
vertex 27.418607711791992 39.734989166259766 0
endloop
endfacet
facet normal 0 0 1
outer loop
vertex 12.856470108032227 40.19687271118164 0
vertex 14.047374725341797 43.84772491455078 0
vertex 13.973708152770996 44.005706787109375 0
endloop
endfacet
facet normal 0 0 1
outer loop
vertex 14.214447975158691 39.734989166259766 0
vertex 16.306102752685547 42.09865188598633 0
vertex 16.137731552124023 42.14376449584961 0
endloop
endfacet
facet normal 0 0 1
outer loop
vertex 64.79324340820312 -58.40635299682617 0
vertex 64.68485260009766 -58.568565368652344 0
vertex 67.64154052734375 -58.91501235961914 0
endloop
endfacet
facet normal 0 0 1
outer loop
vertex 12.856470108032227 40.19687271118164 0
vertex 13.735308647155762 39.63968276977539 0
vertex 15.852604866027832 42.306461334228516 0
endloop
endfacet
facet normal 0.1676694233535684 0.9858432758163236 -1.491600144020703e-7
outer loop
vertex -42.1328010559082 53.44705581665039 -6.595281600952148
vertex -42.19804763793945 53.458152770996094 -6.588317394256592
vertex -42.29585647583008 53.474788665771484 -1
endloop
endfacet
facet normal -3.8165361392277874e-15 -1.6200254750421909e-15 1
outer loop
vertex -70.30070495605469 33.46909713745117 -8.347411439369248e-15
vertex -68.58099365234375 34.57035827636719 0
vertex -69.66088104248047 37.114410400390625 0
endloop
endfacet
facet normal -0.831576339828216 -0.5554104707672456 -1.1881495358023558e-7
outer loop
vertex -60.724220275878906 28.086956024169922 -1
vertex -59.743553161621094 26.618675231933594 -9.781974792480469
vertex -59.709842681884766 26.568201065063477 -1
endloop
endfacet
facet normal 0.27445634785442213 0.9615995596517359 0
outer loop
vertex -42.29585647583008 53.474788665771484 -6.600442409515381
vertex -42.6124153137207 53.56513977050781 -6.594155788421631
vertex -42.29585647583008 53.474788665771484 -1
endloop
endfacet
facet normal 0.6280788180518335 0.7781497274397133 -3.3417939477722866e-7
outer loop
vertex 15.290176391601562 44.04361343383789 -7.739193916320801
vertex 15.112255096435547 44.18722152709961 -7.733641147613525
vertex 16.479751586914062 43.083457946777344 -1
endloop
endfacet
facet normal 0 0 1
outer loop
vertex 69.58013153076172 43.7918701171875 0
vertex 69.58013153076172 -54.59688949584961 0
vertex 71.30244445800781 44.87727737426758 0
endloop
endfacet
facet normal -0.36499741785819745 0.931008531062493 -0.000006760736789505813
outer loop
vertex 29.02139663696289 48.7533073425293 -7.1787872314453125
vertex 28.87116050720215 48.69440841674805 -7.120057106018066
vertex 29.93535804748535 49.11162185668945 -7.1322503089904785
endloop
endfacet
facet normal 0 0 1
outer loop
vertex -42.46345901489258 52.48945236206055 0
vertex -43.272613525390625 50.597843170166016 0
vertex -27.30575180053711 49.91115188598633 0
endloop
endfacet
facet normal -0.621197256172685 0.7836542406685142 0.0000024045862587041416
outer loop
vertex 23.75835609436035 43.032447814941406 -7.975276470184326
vertex 23.540193557739258 42.85951232910156 -8.117632865905762
vertex 25.26178741455078 44.224185943603516 -1
endloop
endfacet
facet normal 0 -1 0
outer loop
vertex -59.26374435424805 -62.79001235961914 -1
vertex -54.76374435424805 -62.79001235961914 -1.5076520442962646
vertex -54.76374435424805 -62.79001235961914 -1
endloop
endfacet
facet normal 0.03170334604716784 0.9994973225824137 0
outer loop
vertex 23.540193557739258 42.85951232910156 -8.117632865905762
vertex 23.32961082458496 42.86619186401367 -8.038521766662598
vertex 23.540193557739258 42.85951232910156 -1
endloop
endfacet
facet normal 0 -1 0
outer loop
vertex -45.76374435424805 -62.79001235961914 -1.5076520442962646
vertex -46.51097106933594 -62.79001235961914 -1.5589157342910767
vertex -32.619869232177734 -62.79001235961914 -3.450000047683716
endloop
endfacet
facet normal 0.03170235001529861 0.9994973541753389 6.662834475777824e-8
outer loop
vertex 17.14507484436035 43.062355041503906 -7.941774845123291
vertex 16.762983322143555 43.0744743347168 -7.976678371429443
vertex 23.540193557739258 42.85951232910156 -1
endloop
endfacet
facet normal -0.9214060900145612 0.3886011030402232 1.7326370043862517e-8
outer loop
vertex -59.934791564941406 -24.2501220703125 -1
vertex -60.5736198425293 -25.76483726501465 -16.582603454589844
vertex -60.51765441894531 -25.632139205932617 -1
endloop
endfacet
facet normal 0.6817396607809795 -0.7315948570884191 1.026877067897962e-7
outer loop
vertex 68.89073181152344 -59.49790573120117 -1
vertex 68.99699401855469 -59.398887634277344 -20.77361488342285
vertex 71.9748764038086 -56.62393569946289 -20.413209915161133
endloop
endfacet
facet normal -0.9999977779580947 0.002108098401491856 -4.966456217598316e-8
outer loop
vertex -59.815738677978516 -23.664634704589844 -1
vertex -59.709842681884766 26.568201065063477 -1
vertex -59.81447219848633 -23.064226150512695 -16.229469299316406
endloop
endfacet
facet normal -0.7116266400767429 -0.7025578446883116 0
outer loop
vertex -61.025657653808594 -61.00535583496094 -1
vertex -59.26374435424805 -62.79001235961914 -21.156740188598633
vertex -59.26374435424805 -62.79001235961914 -1
endloop
endfacet
facet normal -0.9337070058612922 -0.35803802480395414 1.5468131841621603e-7
outer loop
vertex -72.66973876953125 36.85417175292969 -1
vertex -71.16056060791016 32.9184684753418 -8.791008949279785
vertex -72.05496215820312 35.25093078613281 -1
endloop
endfacet
facet normal 0 0 1
outer loop
vertex -55.9550895690918 -61.55195236206055 0
vertex -56.1172981262207 -61.443565368652344 0
vertex -58.84577178955078 -61.79001235961914 0
endloop
endfacet
facet normal 0 0 1
outer loop
vertex -55.76374435424805 -61.59001159667969 0
vertex -55.9550895690918 -61.55195236206055 0
vertex -58.84577178955078 -61.79001235961914 0
endloop
endfacet
facet normal 0 0 1
outer loop
vertex -59.576210021972656 -25.973228454589844 0
vertex -58.41987228393555 -26.80006217956543 0
vertex -58.00981903076172 -26.390010833740234 0
endloop
endfacet
facet normal 0.9167729722914872 -0.3994087095643154 -2.0775910636564528e-8
outer loop
vertex 71.9748764038086 -56.62393569946289 -1
vertex 72.06061553955078 -56.4271354675293 -20.463045120239258
vertex 72.47288513183594 -55.48084259033203 -20.34014320373535
endloop
endfacet
facet normal -6.059462439010668e-12 -8.797701156694977e-10 1
outer loop
vertex -60.41777801513672 58.690895080566406 -2.7720967188393786e-10
vertex -58.85601043701172 58.99523162841797 0
vertex -59.613128662109375 59.00044631958008 0
endloop
endfacet
facet normal 0.557958424451251 -0.8298688995301972 -0.0000785901841689275
outer loop
vertex 43.08482360839844 -62.79001235961914 -21.156740188598633
vertex 43.169437408447266 -62.73311996459961 -21.185327529907227
vertex 44.60306167602539 -61.76924133300781 -21.060142517089844
endloop
endfacet
facet normal 0.031702296684286604 0.9994973558669086 0
outer loop
vertex 16.762983322143555 43.0744743347168 -7.976678371429443
vertex 16.479751586914062 43.083457946777344 -8.060672760009766
vertex 16.479751586914062 43.083457946777344 -1
endloop
endfacet
facet normal 0 0 1
outer loop
vertex 26.1278133392334 43.724185943603516 0
vertex 26.02783203125 43.581398010253906 0
vertex 28.180130004882812 40.49650955200195 0
endloop
endfacet
facet normal 0 0 1
outer loop
vertex -59.016258239746094 -24.63751220703125 0
vertex -56.81986999511719 -25.628488540649414 0
vertex -58.99510192871094 -24.59214210510254 0
endloop
endfacet
facet normal 0 0 1
outer loop
vertex -55.76374435424805 -61.59001159667969 0
vertex -58.84577178955078 -61.79001235961914 0
vertex -50.66374588012695 -61.79001235961914 0
endloop
endfacet
facet normal 0 0 1
outer loop
vertex -58.815921783447266 -23.6667423248291 0
vertex -58.83769226074219 -23.863515853881836 0
vertex -56.81986999511719 -25.628488540649414 0
endloop
endfacet
facet normal 0.3718784777079976 0.9282814216699493 0
outer loop
vertex -51.19102478027344 57.0018196105957 -3.5
vertex -51.19102478027344 57.0018196105957 -6.124655723571777
vertex -58.65984344482422 59.993900299072266 -1
endloop
endfacet
facet normal 0 0 1
outer loop
vertex -58.84577178955078 -61.79001235961914 0
vertex -58.00981903076172 -59.79001235961914 0
vertex -58.41987228393555 -59.37995910644531 0
endloop
endfacet
facet normal 0 0 1
outer loop
vertex -57.119869232177734 -59.79001235961914 0
vertex -58.00981903076172 -59.79001235961914 0
vertex -57.119869232177734 -60.09001159667969 0
endloop
endfacet
facet normal 0.002878506948537571 0.9999958570534362 -0.000008585506582904067
outer loop
vertex 68.14994812011719 49.001617431640625 -1
vertex 60.03129577636719 49.024986267089844 -1.100000023841858
vertex 57.63130569458008 49.03189468383789 -1.100000023841858
endloop
endfacet
facet normal 0.9260624142187553 -0.3773703816826783 0
outer loop
vertex 44.60306167602539 -61.76924133300781 -21.060142517089844
vertex 44.672122955322266 -61.59976577758789 -21.13163948059082
vertex 44.60306167602539 -61.76924133300781 -1
endloop
endfacet
facet normal 0 0 1
outer loop
vertex -58.84577178955078 -61.79001235961914 0
vertex -58.41987228393555 -59.37995910644531 0
vertex -58.41987228393555 -26.80006217956543 0
endloop
endfacet
facet normal 0 0 1
outer loop
vertex -54.234745025634766 27.4027042388916 0
vertex -59.95817565917969 28.72974395751953 0
vertex -59.895606994628906 28.6403865814209 0
endloop
endfacet
facet normal -3.1800931406564807e-11 3.121777577528188e-11 1
outer loop
vertex -63.759307861328125 57.055076599121094 -8.948027735433683e-11
vertex -62.26044845581055 55.71561050415039 0
vertex -62.06563186645508 55.914066314697266 0
endloop
endfacet
facet normal 0 -1 0
outer loop
vertex -34.119869232177734 -62.79001235961914 -9.949999809265137
vertex -34.119869232177734 -62.79001235961914 -4.949999809265137
vertex -59.26374435424805 -62.79001235961914 -21.156740188598633
endloop
endfacet
facet normal 0.006893105919873535 0.9999762422631602 -1.6346985434609114e-7
outer loop
vertex -58.65984344482422 59.993900299072266 -1
vertex -59.7955207824707 60.00172805786133 -5.718667984008789
vertex -59.717933654785156 60.00119400024414 -1
endloop
endfacet
facet normal 0 0 1
outer loop
vertex 26.69380760192871 45.298561096191406 0
vertex 26.387855529785156 44.751094818115234 0
vertex 30.240970611572266 46.003421783447266 0
endloop
endfacet
facet normal 0 0 1
outer loop
vertex 30.122989654541016 48.11107635498047 0
vertex 29.413524627685547 47.83293533325195 0
vertex 67.26200866699219 46.109989166259766 0
endloop
endfacet
facet normal 0 0 1
outer loop
vertex -59.576210021972656 -25.973228454589844 0
vertex -58.84577178955078 -61.79001235961914 0
vertex -58.41987228393555 -26.80006217956543 0
endloop
endfacet
facet normal 0 0 1
outer loop
vertex 69.47356414794922 44.04914855957031 0
vertex 69.58013153076172 43.7918701171875 0
vertex 71.30244445800781 44.87727737426758 0
endloop
endfacet
facet normal 0 0 1
outer loop
vertex 44.01903533935547 -60.55938720703125 0
vertex 42.7799072265625 -61.79001235961914 0
vertex 43.79206848144531 -61.1094970703125 0
endloop
endfacet
facet normal 0 0 1
outer loop
vertex 43.341651916503906 -56.91501235961914 0
vertex 45.905006408691406 -59.08815002441406 0
vertex 45.960941314697266 -59.04898452758789 0
endloop
endfacet
facet normal 0 -1 0
outer loop
vertex -20.04584503173828 -62.79001235961914 -3.564180612564087
vertex -19.5592098236084 -62.79001235961914 -3.8893399238586426
vertex 43.08482360839844 -62.79001235961914 -1
endloop
endfacet
facet normal 0 0 1
outer loop
vertex 53.331302642822266 -58.71501159667969 0
vertex 53.13996124267578 -58.67695236206055 0
vertex 46.460941314697266 -58.91501235961914 0
endloop
endfacet
facet normal 0.00287853355038664 0.9999958570137175 0
outer loop
vertex 29.93535804748535 49.11162185668945 -7.1322503089904785
vertex 29.93535804748535 49.11162185668945 -1
vertex 38.534690856933594 49.08686828613281 -1
endloop
endfacet
facet normal 0 0 1
outer loop
vertex 42.58012771606445 -59.37995910644531 0
vertex 44.17665481567383 -60.29299545288086 0
vertex 44.29991149902344 -60.16973876953125 0
endloop
endfacet
facet normal 0 -1 0
outer loop
vertex -49.863746643066406 -62.79001235961914 -1.6661099195480347
vertex -49.863746643066406 -62.79001235961914 -4
vertex -44.26374435424805 -62.79001235961914 -4
endloop
endfacet
facet normal 0.3720779006750387 0.9281916350232355 0.004280712808501983
outer loop
vertex -42.6124153137207 53.56513977050781 -6.594155788421631
vertex -49.33646774291992 56.25886535644531 -6.225582599639893
vertex -49.339866638183594 56.247657775878906 -3.5
endloop
endfacet
facet normal -0.3649973507241298 0.9310085574066258 0
outer loop
vertex 29.93535804748535 49.11162185668945 -7.1322503089904785
vertex 28.87116050720215 48.69440841674805 -7.120057106018066
vertex 29.93535804748535 49.11162185668945 -1
endloop
endfacet
facet normal 0 -1 0
outer loop
vertex -53.304656982421875 -62.79001235961914 -1.5949000120162964
vertex -50.66374588012695 -62.79001235961914 -4
vertex -52.62955093383789 -62.79001235961914 -1.6254053115844727
endloop
endfacet
facet normal 0.0028782703312163417 0.9999958577713712 0
outer loop
vertex 59.831016540527344 49.02556228637695 -7.1674652099609375
vertex 59.831016540527344 49.02556228637695 -3.5
vertex 68.0865478515625 49.001800537109375 -7.170551776885986
endloop
endfacet
facet normal -0.6817389390125222 0.731595529670651 0
outer loop
vertex 28.87116050720215 48.69440841674805 -1
vertex 25.897361755371094 45.92326736450195 -7.364246845245361
vertex 25.897361755371094 45.92326736450195 -1
endloop
endfacet
facet normal 0 -1 0
outer loop
vertex -54.76374435424805 -62.79001235961914 -1.5076520442962646
vertex -59.26374435424805 -62.79001235961914 -1
vertex -50.66374588012695 -62.79001235961914 -4
endloop
endfacet
facet normal 0 0 1
outer loop
vertex 41.880130767822266 -59.79001235961914 0
vertex 41.880130767822266 -60.09001159667969 0
vertex 42.17007827758789 -59.79001235961914 0
endloop
endfacet
facet normal 0.002878681097214657 0.999995856588965 -2.069085130753845e-7
outer loop
vertex 29.93535804748535 49.11162185668945 -7.1322503089904785
vertex 38.534690856933594 49.08686828613281 -1
vertex 57.63130569458008 49.03189468383789 -2.5
endloop
endfacet
facet normal 0 0 1
outer loop
vertex 42.17007827758789 -59.79001235961914 0
vertex 44.01903533935547 -60.55938720703125 0
vertex 44.07667541503906 -60.43578338623047 0
endloop
endfacet
facet normal 0 -1 0
outer loop
vertex -34.00569152832031 -62.79001235961914 -4.375974655151367
vertex -33.6805305480957 -62.79001235961914 -3.8893399238586426
vertex -49.863746643066406 -62.79001235961914 -1.6661099195480347
endloop
endfacet
facet normal -0.7158242346816072 -0.698280505987738 0
outer loop
vertex -71.16056060791016 32.9184684753418 -8.791008949279785
vertex -70.40336608886719 32.142250061035156 -8.89182186126709
vertex -71.16056060791016 32.9184684753418 -1
endloop
endfacet
facet normal 0 -1 0
outer loop
vertex -34.119869232177734 -62.79001235961914 -4.949999809265137
vertex -34.00569152832031 -62.79001235961914 -4.375974655151367
vertex -49.863746643066406 -62.79001235961914 -1.6661099195480347
endloop
endfacet
facet normal -0.7158375946311425 -0.6982668101135194 -0.000002567186826680013
outer loop
vertex -70.37853240966797 32.116790771484375 -8.888538360595703
vertex -70.29637145996094 32.032562255859375 -8.857253074645996
vertex -71.16056060791016 32.9184684753418 -1
endloop
endfacet
facet normal -0.9999977778165192 0.0021081655583396084 -4.701695020962525e-8
outer loop
vertex -59.81447219848633 -23.064226150512695 -16.229469299316406
vertex -59.815284729003906 -23.449647903442383 -16.317798614501953
vertex -59.815738677978516 -23.664634704589844 -1
endloop
endfacet
facet normal 0 0 1
outer loop
vertex 71.30244445800781 44.87727737426758 0
vertex 71.14110565185547 -56.03401565551758 0
vertex 71.47311401367188 -55.27195358276367 0
endloop
endfacet
facet normal -0.9999332329862091 0.011555499545580043 0
outer loop
vertex -72.65648651123047 38.00093078613281 -8.300540924072266
vertex -72.66973876953125 36.85417175292969 -8.357698440551758
vertex -72.65648651123047 38.00093078613281 -1
endloop
endfacet
facet normal 0 0 1
outer loop
vertex 67.93972778320312 48.00221633911133 0
vertex 67.519287109375 46.003421783447266 0
vertex 69.47356414794922 44.04914855957031 0
endloop
endfacet
facet normal 0.731595102567457 0.6817393973500709 2.7247050867828847e-7
outer loop
vertex 72.1635971069336 45.419979095458984 -1
vertex 71.99634552001953 45.599464416503906 -7.506096363067627
vertex 69.2900161743164 48.50370788574219 -7.12890100479126
endloop
endfacet
facet normal -0.933707108225687 -0.35803775785358904 0
outer loop
vertex -72.66973876953125 36.85417175292969 -8.357698440551758
vertex -71.16056060791016 32.9184684753418 -8.791008949279785
vertex -72.66973876953125 36.85417175292969 -1
endloop
endfacet
facet normal -0.9803494841529672 0.1972685705352248 0
outer loop
vertex 25.438434600830078 45.10206604003906 -7.320651054382324
vertex 25.419349670410156 45.00722122192383 -7.355395793914795
vertex 25.438434600830078 45.10206604003906 -1
endloop
endfacet
facet normal -0.9803502751242553 0.19726463966913327 6.10375693453941e-8
outer loop
vertex 25.419349670410156 45.00722122192383 -7.355395793914795
vertex 25.404861450195312 44.935218811035156 -7.372343063354492
vertex 25.438434600830078 45.10206604003906 -1
endloop
endfacet
facet normal 0 0 1
outer loop
vertex 42.58012771606445 -59.37995910644531 0
vertex 44.29991149902344 -60.16973876953125 0
vertex 44.38676834106445 -60.10892105102539 0
endloop
endfacet
facet normal 0.5579554032899307 -0.8298709345070296 1.4889038602783075e-8
outer loop
vertex 44.94269943237305 -60.93578338623047 -1
vertex 45.55531311035156 -60.52389907836914 -20.899456024169922
vertex 46.0614013671875 -60.18363571166992 -20.855262756347656
endloop
endfacet
facet normal 0 0 1
outer loop
vertex 43.341651916503906 -56.91501235961914 0
vertex 42.58012771606445 -57.67653274536133 0
vertex 45.905006408691406 -59.08815002441406 0
endloop
endfacet
facet normal 0 0 1
outer loop
vertex 26.24036407470703 44.027278900146484 0
vertex 28.180130004882812 40.49650955200195 0
vertex 28.180130004882812 43.7918701171875 0
endloop
endfacet
facet normal 0 0 1
outer loop
vertex 67.26200866699219 -56.91501235961914 0
vertex 67.64154052734375 -58.91501235961914 0
vertex 71.14110565185547 -56.03401565551758 0
endloop
endfacet
facet normal 0 0 1
outer loop
vertex 67.93972778320312 48.00221633911133 0
vertex 30.122989654541016 48.11107635498047 0
vertex 67.26200866699219 46.109989166259766 0
endloop
endfacet
facet normal 0 0 1
outer loop
vertex 43.341651916503906 -56.91501235961914 0
vertex 46.118919372558594 -58.975318908691406 0
vertex 46.28729248046875 -58.93020248413086 0
endloop
endfacet
facet normal 0 0 1
outer loop
vertex 41.880130767822266 -60.09001159667969 0
vertex -19.119871139526367 -60.09001159667969 0
vertex 42.7799072265625 -61.79001235961914 0
endloop
endfacet
facet normal -1.4682671255565814e-11 3.4045580564209385e-12 1
outer loop
vertex -42.94502639770508 52.62167739868164 0
vertex -60.41777801513672 58.690895080566406 -2.7720967188393786e-10
vertex -43.405582427978516 50.635459899902344 0
endloop
endfacet
facet normal 0 0 1
outer loop
vertex -60.224220275878906 28.95298194885254 0
vertex -60.0814323425293 28.85300064086914 0
vertex -54.234745025634766 27.4027042388916 0
endloop
endfacet
facet normal 0 0 1
outer loop
vertex 26.201480865478516 43.882164001464844 0
vertex 26.1278133392334 43.724185943603516 0
vertex 28.180130004882812 40.49650955200195 0
endloop
endfacet
facet normal 0 0 1
outer loop
vertex 43.341651916503906 -56.91501235961914 0
vertex 46.28729248046875 -58.93020248413086 0
vertex 46.460941314697266 -58.91501235961914 0
endloop
endfacet
facet normal -0.9999177413910593 0.012826162770011739 0
outer loop
vertex -60.5736198425293 -25.76483726501465 -16.582603454589844
vertex -61.025657653808594 -61.00535583496094 -20.98863983154297
vertex -60.5736198425293 -25.76483726501465 -1
endloop
endfacet
facet normal 0 -1 0
outer loop
vertex 46.460941314697266 -59.91501235961914 -1
vertex 54.331302642822266 -59.91501235961914 -1.5076520442962646
vertex 54.331302642822266 -59.91501235961914 -1
endloop
endfacet
facet normal 0 0 1
outer loop
vertex 25.8817081451416 43.4421272277832 0
vertex 27.418607711791992 39.734989166259766 0
vertex 28.180130004882812 40.49650955200195 0
endloop
endfacet
facet normal 0 0 1
outer loop
vertex 52.869361877441406 -58.40635299682617 0
vertex 46.460941314697266 -58.91501235961914 0
vertex 52.97774887084961 -58.568565368652344 0
endloop
endfacet
facet normal 0.3718789720208831 0.928281223577461 -0.000011055452057870853
outer loop
vertex -51.377681732177734 57.076595306396484 -1.100000023841858
vertex -42.603004455566406 53.561370849609375 -1
vertex -49.14980697631836 56.184085845947266 -1.100000023841858
endloop
endfacet
facet normal 0 0 1
outer loop
vertex 23.882213592529297 41.919822692871094 0
vertex 23.713842391967773 41.87470626831055 0
vertex 27.418607711791992 39.734989166259766 0
endloop
endfacet
facet normal 0 0 1
outer loop
vertex -58.710025787353516 26.56609344482422 0
vertex -58.815921783447266 -23.6667423248291 0
vertex -56.81986999511719 24.666868209838867 0
endloop
endfacet
facet normal -0.7116015127832871 -0.7025832954080199 0.0000042596032246180966
outer loop
vertex -59.359039306640625 -62.69348907470703 -21.207889556884766
vertex -59.302860260009766 -62.750389099121094 -21.187252044677734
vertex -61.025657653808594 -61.00535583496094 -1
endloop
endfacet
facet normal 0 0 1
outer loop
vertex 64.68485260009766 -58.568565368652344 0
vertex 64.52264404296875 -58.67695236206055 0
vertex 67.64154052734375 -58.91501235961914 0
endloop
endfacet
facet normal 0 0 1
outer loop
vertex 16.448049545288086 42.083961486816406 0
vertex 14.214447975158691 39.734989166259766 0
vertex 27.418607711791992 39.734989166259766 0
endloop
endfacet
facet normal -0.831577711663771 -0.5554084168105877 -4.9953903158822096e-8
outer loop
vertex -60.71000289916992 28.065670013427734 -9.489086151123047
vertex -60.498809814453125 27.74946403503418 -9.494338989257812
vertex -60.724220275878906 28.086956024169922 -1
endloop
endfacet
facet normal 0 -1 0
outer loop
vertex -19.5592098236084 -62.79001235961914 -11.010660171508789
vertex -20.04584503173828 -62.79001235961914 -11.335819244384766
vertex 43.08482360839844 -62.79001235961914 -21.156740188598633
endloop
endfacet
facet normal -0.8315753344834808 -0.5554119759949647 2.3678491563411287e-7
outer loop
vertex -60.15498352050781 27.234678268432617 -9.561198234558105
vertex -59.95650863647461 26.937517166137695 -9.632731437683105
vertex -60.724220275878906 28.086956024169922 -1
endloop
endfacet
facet normal 0 0 1
outer loop
vertex -19.119871139526367 -60.09001159667969 0
vertex -44.26374435424805 -61.09001159667969 0
vertex 42.7799072265625 -61.79001235961914 0
endloop
endfacet
facet normal -0.6211914726892621 0.783658825164462 2.980304043225189e-8
outer loop
vertex 25.16477394104004 44.14728546142578 -7.743031978607178
vertex 24.970468521118164 43.993263244628906 -7.75942325592041
vertex 25.26178741455078 44.224185943603516 -1
endloop
endfacet
facet normal 0 -1 0
outer loop
vertex 54.331302642822266 -59.91501235961914 -1.5076520442962646
vertex 58.43130111694336 -59.91501235961914 -4
vertex 55.07852554321289 -59.91501235961914 -1.5589157342910767
endloop
endfacet
facet normal 0 -1 0
outer loop
vertex -19.234050750732422 -62.79001235961914 -10.524024963378906
vertex -19.5592098236084 -62.79001235961914 -11.010660171508789
vertex 43.08482360839844 -62.79001235961914 -21.156740188598633
endloop
endfacet
facet normal 0 -1 0
outer loop
vertex 57.685176849365234 -59.91501235961914 -1.6591570377349854
vertex 58.43130111694336 -59.91501235961914 -4
vertex 58.43130111694336 -59.91501235961914 -1.6661099195480347
endloop
endfacet
facet normal 0.5477315385495001 0.8366541469915735 0
outer loop
vertex 12.166082382202148 53.65774917602539 -1
vertex 8.658632278442383 55.9539680480957 -6.2116217613220215
vertex 8.658632278442383 55.9539680480957 -1
endloop
endfacet
facet normal 0 -1 0
outer loop
vertex 61.19710922241211 -59.91501235961914 -1.6254053115844727
vertex 64.831298828125 -59.91501235961914 -4
vertex 61.872215270996094 -59.91501235961914 -1.5949000120162964
endloop
endfacet
facet normal 0 0 1
outer loop
vertex 12.856470108032227 40.19687271118164 0
vertex 13.946648597717285 44.106693267822266 0
vertex 11.460306167602539 52.924560546875 0
endloop
endfacet
facet normal 0 -1 0
outer loop
vertex -32.619869232177734 -62.79001235961914 -3.450000047683716
vertex 43.08482360839844 -62.79001235961914 -1
vertex -45.76374435424805 -62.79001235961914 -1
endloop
endfacet
facet normal -0.35905165019760066 0.9333176910840058 0
outer loop
vertex -59.7955207824707 60.00172805786133 -5.718667984008789
vertex -63.72076416015625 58.491668701171875 -5.842238903045654
vertex -59.7955207824707 60.00172805786133 -1
endloop
endfacet
facet normal -0.9999977779214614 0.0021081157768167605 -1.0629052626310124e-7
outer loop
vertex -59.71056365966797 26.22575569152832 -9.827818870544434
vertex -59.81447219848633 -23.064226150512695 -16.229469299316406
vertex -59.709842681884766 26.568201065063477 -1
endloop
endfacet
facet normal 0 -1 0
outer loop
vertex 59.9774284362793 -59.91501235961914 -1.6591570377349854
vertex 64.831298828125 -59.91501235961914 -4
vertex 61.19710922241211 -59.91501235961914 -1.6254053115844727
endloop
endfacet
facet normal 0 0 1
outer loop
vertex -44.26374435424805 -61.09001159667969 0
vertex -44.30180740356445 -61.28135299682617 0
vertex 42.7799072265625 -61.79001235961914 0
endloop
endfacet
facet normal -0.9799447220804628 0.19926952016463723 0
outer loop
vertex -59.815738677978516 -23.664634704589844 -16.411540985107422
vertex -59.832908630371094 -23.74907112121582 -16.43123435974121
vertex -59.815738677978516 -23.664634704589844 -1
endloop
endfacet
facet normal 0 0 1
outer loop
vertex 11.460306167602539 52.924560546875 0
vertex 13.946648597717285 44.106693267822266 0
vertex 11.89794921875 52.3086051940918 0
endloop
endfacet
facet normal 0 -1 0
outer loop
vertex 63.331302642822266 -59.91501235961914 -1
vertex 64.831298828125 -59.91501235961914 -4
vertex 67.831298828125 -59.91501235961914 -1
endloop
endfacet
facet normal 0 0 1
outer loop
vertex 11.460306167602539 52.924560546875 0
vertex 7.531723499298096 53.10601043701172 0
vertex 9.884248733520508 51.68131637573242 0
endloop
endfacet
facet normal -0.6211912150504744 0.7836590293897693 1.1722310596243507e-8
outer loop
vertex 24.970468521118164 43.993263244628906 -7.75942325592041
vertex 24.258136749267578 43.428611755371094 -7.83275842666626
vertex 25.26178741455078 44.224185943603516 -1
endloop
endfacet
facet normal 0 -1 0
outer loop
vertex 55.07852554321289 -59.91501235961914 -1.5589157342910767
vertex 58.43130111694336 -59.91501235961914 -4
vertex 55.79039001464844 -59.91501235961914 -1.5949000120162964
endloop
endfacet
facet normal -0.22974100077993206 0.973251803266046 1.5783177642628173e-7
outer loop
vertex -11.181909561157227 51.77101135253906 -1
vertex -6.044112682342529 52.98381423950195 -1
vertex -10.9428071975708 51.82745361328125 -6.802054405212402
endloop
endfacet
facet normal 0 0 1
outer loop
vertex -26.74650001525879 49.879058837890625 0
vertex -10.879693031311035 48.75990295410156 0
vertex -11.388152122497559 50.73799133300781 0
endloop
endfacet
facet normal -1.7495442757639153e-12 8.722559564463739e-13 1
outer loop
vertex -71.65876007080078 37.798248291015625 -8.142363736377001e-13
vertex -71.66759490966797 37.03374099731445 -1.6284727472754001e-13
vertex -62.26044845581055 55.71561050415039 0
endloop
endfacet
facet normal -0.3810926718503355 -0.9245368437556039 -6.313798749101582e-7
outer loop
vertex -61.04537582397461 28.219335556030273 -9.383551597595215
vertex -63.67853546142578 29.30471420288086 -1
vertex -61.369293212890625 28.352853775024414 -9.335358619689941
endloop
endfacet
facet normal 0 -1 0
outer loop
vertex 55.79039001464844 -59.91501235961914 -1.5949000120162964
vertex 58.43130111694336 -59.91501235961914 -4
vertex 56.46549606323242 -59.91501235961914 -1.6254053115844727
endloop
endfacet
facet normal 0.8151864720610319 0.5791985978649192 0
outer loop
vertex 12.822547912597656 52.73381423950195 -1
vertex 12.166082382202148 53.65774917602539 -6.427540302276611
vertex 12.166082382202148 53.65774917602539 -1
endloop
endfacet
facet normal 0 0 1
outer loop
vertex 24.160112380981445 42.077457427978516 0
vertex 27.418607711791992 39.734989166259766 0
vertex 25.8817081451416 43.4421272277832 0
endloop
endfacet
facet normal 0.8151877262160562 0.5791968327144855 -4.521742005361585e-7
outer loop
vertex 12.67248249053955 52.94501876831055 -6.520107746124268
vertex 12.166082382202148 53.65774917602539 -6.427540302276611
vertex 12.822547912597656 52.73381423950195 -1
endloop
endfacet
facet normal 0 0 1
outer loop
vertex -11.388152122497559 50.73799133300781 0
vertex -10.879693031311035 48.75990295410156 0
vertex -11.300354957580566 50.74345016479492 0
endloop
endfacet
facet normal 0.5477313965459727 0.8366542399568532 1.3652927043558576e-7
outer loop
vertex 11.993362426757812 53.77082443237305 -6.4951629638671875
vertex 8.658632278442383 55.9539680480957 -6.2116217613220215
vertex 12.166082382202148 53.65774917602539 -1
endloop
endfacet
facet normal -0.9214060471782556 0.388601204568955 0.000005558729110062885
outer loop
vertex -59.934791564941406 -24.2501220703125 -16.566621780395508
vertex -60.46693801879883 -25.511884689331055 -16.654220581054688
vertex -60.5736198425293 -25.76483726501465 -16.582603454589844
endloop
endfacet
facet normal 0.5579549825490613 -0.8298712173877804 0
outer loop
vertex 43.08482360839844 -62.79001235961914 -1
vertex 44.60306167602539 -61.76924133300781 -21.060142517089844
vertex 44.60306167602539 -61.76924133300781 -1
endloop
endfacet
facet normal -0.9999977707486646 0.002111515498719622 0
outer loop
vertex -59.815284729003906 -23.449647903442383 -16.317798614501953
vertex -59.815738677978516 -23.664634704589844 -16.411540985107422
vertex -59.815738677978516 -23.664634704589844 -1
endloop
endfacet
facet normal 0.970296654160979 0.24191817402586654 2.2783364375116938e-10
outer loop
vertex 14.913400650024414 44.34772491455078 -1
vertex 14.690072059631348 45.24346160888672 -7.429409027099609
vertex 12.822547912597656 52.73381423950195 -6.449118137359619
endloop
endfacet
facet normal 0.006930306301126466 0.9999759850973668 -0.00000911719220051272
outer loop
vertex -59.740509033203125 60.001346588134766 -5.741952896118164
vertex -59.7955207824707 60.00172805786133 -5.718667984008789
vertex -58.65984344482422 59.993900299072266 -1
endloop
endfacet
facet normal 0.9702966444498826 0.24191821297557958 6.299787939384131e-9
outer loop
vertex 14.913400650024414 44.34772491455078 -1
vertex 14.865582466125488 44.53951644897461 -7.649563789367676
vertex 14.76463794708252 44.94438934326172 -7.485302448272705
endloop
endfacet
facet normal 0 0 1
outer loop
vertex -11.300354957580566 50.74345016479492 0
vertex -10.879693031311035 48.75990295410156 0
vertex -11.038989067077637 50.78351593017578 0
endloop
endfacet
facet normal 0.17305191401244618 0.9849127042822774 0
outer loop
vertex 8.658632278442383 55.9539680480957 -6.2116217613220215
vertex 8.547428131103516 55.973506927490234 -6.259779930114746
vertex 8.658632278442383 55.9539680480957 -1
endloop
endfacet
facet normal -0.41613702158804206 -0.9093005405714819 0.00158309198855658
outer loop
vertex -61.04537582397461 28.219335556030273 -9.383551597595215
vertex -60.71000289916992 28.065670013427734 -9.489086151123047
vertex -60.724220275878906 28.086956024169922 -1
endloop
endfacet
facet normal -0.22954063605403655 0.9732988476080606 -0.0006705555379461917
outer loop
vertex 7.451837539672852 56.16599655151367 -6.2347798347473145
vertex -10.9428071975708 51.82745361328125 -6.802054405212402
vertex 7.443079948425293 56.167537689208984 -1
endloop
endfacet
facet normal 0 -1 0
outer loop
vertex 43.08482360839844 -62.79001235961914 -1
vertex -32.619869232177734 -62.79001235961914 -3.450000047683716
vertex -20.619871139526367 -62.79001235961914 -3.450000047683716
endloop
endfacet
facet normal 7.497378774848213e-15 1.862057423279513e-14 1
outer loop
vertex -70.30070495605469 33.46909713745117 -8.347411439369248e-15
vertex -69.72457885742188 32.87849426269531 -1.6694823514013207e-15
vertex -60.3431282043457 29.011493682861328 0
endloop
endfacet
facet normal 0 0 1
outer loop
vertex 64.79324340820312 -57.0236701965332 0
vertex 64.831298828125 -57.21501159667969 0
vertex 67.26200866699219 -56.91501235961914 0
endloop
endfacet
facet normal 0 0 1
outer loop
vertex 12.856470108032227 40.19687271118164 0
vertex 13.973708152770996 44.005706787109375 0
vertex 13.946648597717285 44.106693267822266 0
endloop
endfacet
facet normal 0 0 1
outer loop
vertex -10.879693031311035 48.75990295410156 0
vertex -10.952168464660645 50.797760009765625 0
vertex -11.038989067077637 50.78351593017578 0
endloop
endfacet
facet normal 0 0 1
outer loop
vertex 12.856470108032227 40.19687271118164 0
vertex 14.147356033325195 43.70494079589844 0
vertex 14.047374725341797 43.84772491455078 0
endloop
endfacet
facet normal 0 0 1
outer loop
vertex 64.52264404296875 -58.67695236206055 0
vertex 59.231300354003906 -58.91501235961914 0
vertex 67.64154052734375 -58.91501235961914 0
endloop
endfacet
facet normal 0 0 1
outer loop
vertex 15.979751586914062 42.21743392944336 0
vertex 14.214447975158691 39.734989166259766 0
vertex 16.137731552124023 42.14376449584961 0
endloop
endfacet
facet normal 0 0 1
outer loop
vertex 14.214447975158691 39.734989166259766 0
vertex 15.979751586914062 42.21743392944336 0
vertex 15.852604866027832 42.306461334228516 0
endloop
endfacet
facet normal 0 0 1
outer loop
vertex 23.713842391967773 41.87470626831055 0
vertex 23.540193557739258 41.85951232910156 0
vertex 27.418607711791992 39.734989166259766 0
endloop
endfacet
facet normal 0 0 1
outer loop
vertex 12.856470108032227 40.19687271118164 0
vertex 14.286253929138184 43.57073211669922 0
vertex 14.147356033325195 43.70494079589844 0
endloop
endfacet
facet normal 0 0 1
outer loop
vertex 13.735308647155762 39.63968276977539 0
vertex 14.214447975158691 39.734989166259766 0
vertex 15.852604866027832 42.306461334228516 0
endloop
endfacet
facet normal 0 0 1
outer loop
vertex 64.831298828125 -57.21501159667969 0
vertex 64.831298828125 -58.21501159667969 0
vertex 67.26200866699219 -56.91501235961914 0
endloop
endfacet
facet normal -1.2427590364087194e-14 -1.0861671076313913e-16 1
outer loop
vertex -69.66331481933594 37.39287567138672 0
vertex -70.30070495605469 33.46909713745117 -8.347411439369248e-15
vertex -69.66088104248047 37.114410400390625 0
endloop
endfacet
facet normal -0.9999177365172855 0.012826542360575776 -0.0000030365549229031053
outer loop
vertex -61.0223388671875 -60.746665954589844 -21.125932693481445
vertex -61.025657653808594 -61.00535583496094 -20.98863983154297
vertex -60.5736198425293 -25.76483726501465 -16.582603454589844
endloop
endfacet
facet normal -2.9388747955361464e-15 -2.9905670116865244e-15 1
outer loop
vertex -68.38236999511719 34.37516784667969 0
vertex -68.58099365234375 34.57035827636719 0
vertex -70.30070495605469 33.46909713745117 -8.347411439369248e-15
endloop
endfacet
facet normal 0 0 1
outer loop
vertex 52.831302642822266 -57.21501159667969 0
vertex 46.460941314697266 -58.91501235961914 0
vertex 52.831302642822266 -58.21501159667969 0
endloop
endfacet
facet normal 0.6280777168002177 0.7781506163070395 0
outer loop
vertex 16.479751586914062 43.083457946777344 -1
vertex 14.913400650024414 44.34772491455078 -7.7691802978515625
vertex 14.913400650024414 44.34772491455078 -1
endloop
endfacet
facet normal 0.6280750962457495 0.7781527314578602 7.507712383467418e-7
outer loop
vertex 16.479751586914062 43.083457946777344 -1
vertex 15.813529014587402 43.62119674682617 -7.806112766265869
vertex 15.290176391601562 44.04361343383789 -7.739193916320801
endloop
endfacet
facet normal -0.3810910618656959 -0.9245375073873827 -3.978831919620409e-8
outer loop
vertex -63.67853546142578 29.30471420288086 -1
vertex -61.04537582397461 28.219335556030273 -9.383551597595215
vertex -60.724220275878906 28.086956024169922 -1
endloop
endfacet
facet normal 0.5579540170759473 -0.8298718665124234 0
outer loop
vertex 44.94269943237305 -60.93578338623047 -1
vertex 46.460941314697266 -59.91501235961914 -20.88291358947754
vertex 46.460941314697266 -59.91501235961914 -1
endloop
endfacet
facet normal 0.05640394812054715 0.9984080301338089 -8.614062483222592e-7
outer loop
vertex -26.8021240234375 50.87751007080078 -1
vertex -27.138147354125977 50.896488189697266 -6.96258544921875
vertex -26.926570892333984 50.88454055786133 -1
endloop
endfacet
facet normal 0 0 1
outer loop
vertex -49.863746643066406 -61.59001159667969 0
vertex -49.863746643066406 -61.79001235961914 0
vertex -44.57240295410156 -61.55195236206055 0
endloop
endfacet
facet normal 0 0 1
outer loop
vertex 71.30244445800781 44.87727737426758 0
vertex 71.47311401367188 -55.27195358276367 0
vertex 71.58053588867188 44.169795989990234 0
endloop
endfacet
facet normal 0.6280769645884994 0.7781512234477399 2.874521547101193e-7
outer loop
vertex 15.112255096435547 44.18722152709961 -7.733641147613525
vertex 14.913400650024414 44.34772491455078 -7.7691802978515625
vertex 16.479751586914062 43.083457946777344 -1
endloop
endfacet
facet normal 0.3718789720434515 0.9282812236337961 9.210029161675559e-7
outer loop
vertex -51.19102478027344 57.0018196105957 -3.5
vertex -51.377681732177734 57.076595306396484 -2.5
vertex -49.14980697631836 56.184085845947266 -2.5
endloop
endfacet
facet normal 0 -0.9999998624499252 -0.0005244998862404739
outer loop
vertex 67.85233306884766 -59.90673065185547 -20.78972053527832
vertex 64.831298828125 -59.91501235961914 -5
vertex 52.831302642822266 -59.91501235961914 -5
endloop
endfacet
facet normal -0.681738323844516 0.7315961027819897 -0.000013995502914224746
outer loop
vertex 26.076765060424805 46.0904426574707 -7.458252906799316
vertex 25.897361755371094 45.92326736450195 -7.364246845245361
vertex 28.87116050720215 48.69440841674805 -7.120057106018066
endloop
endfacet
facet normal 0 0 1
outer loop
vertex -26.74650001525879 49.879058837890625 0
vertex -10.997074127197266 48.742618560791016 0
vertex -10.879693031311035 48.75990295410156 0
endloop
endfacet
facet normal -0.6211891674563877 0.7836606524731552 -4.343007116270977e-7
outer loop
vertex 24.109220504760742 43.310569763183594 -7.845320701599121
vertex 23.75835609436035 43.032447814941406 -7.975276470184326
vertex 25.26178741455078 44.224185943603516 -1
endloop
endfacet
facet normal 0.5579330828993182 -0.8298859409588014 -0.0000023210849154914148
outer loop
vertex 46.37067794799805 -59.9756965637207 -20.861644744873047
vertex 46.460941314697266 -59.91501235961914 -20.88291358947754
vertex 44.94269943237305 -60.93578338623047 -1
endloop
endfacet
facet normal 0 -1 0
outer loop
vertex -49.11762237548828 -62.79001235961914 -1.6591570377349854
vertex -49.863746643066406 -62.79001235961914 -1.6661099195480347
vertex -32.619869232177734 -62.79001235961914 -3.450000047683716
endloop
endfacet
facet normal 0 -1 0
outer loop
vertex -56.26374435424805 -62.79001235961914 -4
vertex -59.26374435424805 -62.79001235961914 -1
vertex -59.26374435424805 -62.79001235961914 -21.156740188598633
endloop
endfacet
facet normal 0.03170167666617016 0.999497375532598 4.999579562844855e-8
outer loop
vertex 23.540193557739258 42.85951232910156 -1
vertex 23.32961082458496 42.86619186401367 -8.038521766662598
vertex 22.867290496826172 42.880855560302734 -7.966710090637207
endloop
endfacet
facet normal 0 -1 0
outer loop
vertex 46.72359085083008 -59.91501235961914 -20.814233779907227
vertex 46.460941314697266 -59.91501235961914 -1
vertex 46.460941314697266 -59.91501235961914 -20.88291358947754
endloop
endfacet
facet normal 0 -1 0
outer loop
vertex -46.51097106933594 -62.79001235961914 -1.5589157342910767
vertex -47.22283172607422 -62.79001235961914 -1.5949000120162964
vertex -32.619869232177734 -62.79001235961914 -3.450000047683716
endloop
endfacet
facet normal 0.000398597397297718 -0.9999999204835164 0.000012372381520200868
outer loop
vertex 46.460941314697266 -59.91501235961914 -1
vertex 47.07501220703125 -59.91501235961914 -20.783342361450195
vertex 67.85233306884766 -59.90673065185547 -20.78972053527832
endloop
endfacet
facet normal 0.03174804367843285 0.9994959037949783 -0.000004433026421015035
outer loop
vertex 22.867290496826172 42.880855560302734 -7.966710090637207
vertex 22.793792724609375 42.8831901550293 -7.9650444984436035
vertex 23.540193557739258 42.85951232910156 -1
endloop
endfacet
facet normal 0 0 1
outer loop
vertex -42.566162109375 52.5158805847168 0
vertex -43.272613525390625 50.597843170166016 0
vertex -42.46345901489258 52.48945236206055 0
endloop
endfacet
facet normal 0.03170185672710395 0.999497369821343 5.215278932322594e-7
outer loop
vertex 22.793792724609375 42.8831901550293 -7.9650444984436035
vertex 17.14507484436035 43.062355041503906 -7.941774845123291
vertex 23.540193557739258 42.85951232910156 -1
endloop
endfacet
facet normal 0.3663280069606191 -0.9304857824363892 -2.9300389975382274e-8
outer loop
vertex 67.831298828125 -59.91501235961914 -1
vertex 67.85233306884766 -59.90673065185547 -20.78972053527832
vertex 67.89166259765625 -59.8912467956543 -20.794816970825195
endloop
endfacet
facet normal 0 0 1
outer loop
vertex 41.880130767822266 -60.09001159667969 0
vertex 44.01903533935547 -60.55938720703125 0
vertex 42.17007827758789 -59.79001235961914 0
endloop
endfacet
facet normal -0.921405361499117 0.38860283040744975 0
outer loop
vertex -60.5736198425293 -25.76483726501465 -16.582603454589844
vertex -60.5736198425293 -25.76483726501465 -1
vertex -60.51765441894531 -25.632139205932617 -1
endloop
endfacet
facet normal 0.6817294331401349 -0.731604387623824 0
outer loop
vertex 68.99699401855469 -59.398887634277344 -20.77361488342285
vertex 68.89073181152344 -59.49790573120117 -1
vertex 68.89073181152344 -59.49790573120117 -20.743732452392578
endloop
endfacet
facet normal -0.9799462356463639 0.19926207677960522 0
outer loop
vertex -59.815738677978516 -23.664634704589844 -1
vertex -59.934791564941406 -24.2501220703125 -16.566621780395508
vertex -59.934791564941406 -24.2501220703125 -1
endloop
endfacet
facet normal 0.9167737246485492 -0.3994069826555688 0
outer loop
vertex 71.9748764038086 -56.62393569946289 -20.413209915161133
vertex 72.06061553955078 -56.4271354675293 -20.463045120239258
vertex 71.9748764038086 -56.62393569946289 -1
endloop
endfacet
facet normal -0.999933232986209 0.011555499545580042 0
outer loop
vertex -72.65648651123047 38.00093078613281 -1
vertex -72.66973876953125 36.85417175292969 -8.357698440551758
vertex -72.66973876953125 36.85417175292969 -1
endloop
endfacet
facet normal 0 0 1
outer loop
vertex -26.74650001525879 49.879058837890625 0
vertex -27.14143180847168 47.85395431518555 0
vertex -10.997074127197266 48.742618560791016 0
endloop
endfacet
facet normal -0.3810910220190476 -0.9245375238120238 -9.664836409892351e-8
outer loop
vertex -70.29637145996094 32.032562255859375 -1
vertex -61.369293212890625 28.352853775024414 -9.335358619689941
vertex -63.67853546142578 29.30471420288086 -1
endloop
endfacet
facet normal 0 0 1
outer loop
vertex -56.225685119628906 -61.28135299682617 0
vertex -56.26374435424805 -61.09001159667969 0
vertex -58.84577178955078 -61.79001235961914 0
endloop
endfacet
facet normal 0.9306810072833 0.3658317409440332 0
outer loop
vertex 72.58074188232422 44.35875701904297 -1
vertex 72.1635971069336 45.419979095458984 -7.434055805206299
vertex 72.1635971069336 45.419979095458984 -1
endloop
endfacet
facet normal -0.7158262138256019 -0.6982784771136112 0
outer loop
vertex -71.16056060791016 32.9184684753418 -1
vertex -70.29637145996094 32.032562255859375 -8.857253074645996
vertex -70.29637145996094 32.032562255859375 -1
endloop
endfacet
facet normal -0.9999177413910592 0.012826162770011739 0
outer loop
vertex -60.5736198425293 -25.76483726501465 -1
vertex -61.025657653808594 -61.00535583496094 -20.98863983154297
vertex -61.025657653808594 -61.00535583496094 -1
endloop
endfacet
facet normal -0.0008179030003310561 -0.9999988171535679 -0.0013025844108665921
outer loop
vertex 46.460941314697266 -59.91501235961914 -1
vertex 67.85233306884766 -59.90673065185547 -20.78972053527832
vertex 52.831302642822266 -59.91501235961914 -5
endloop
endfacet
facet normal 0 0 1
outer loop
vertex 52.94196319580078 -56.91501235961914 0
vertex 43.341651916503906 -56.91501235961914 0
vertex 52.869361877441406 -57.0236701965332 0
endloop
endfacet
facet normal 0.0004180409282743651 -0.999999825241767 -0.0004180409282743651
outer loop
vertex 64.831298828125 -59.91501235961914 -4
vertex 67.85233306884766 -59.90673065185547 -20.78972053527832
vertex 67.831298828125 -59.91501235961914 -1
endloop
endfacet
facet normal 0 0 1
outer loop
vertex -57.119869232177734 -60.09001159667969 0
vertex -58.84577178955078 -61.79001235961914 0
vertex -56.26374435424805 -61.09001159667969 0
endloop
endfacet
facet normal 0 0 1
outer loop
vertex -59.576210021972656 -25.973228454589844 0
vertex -57.58139419555664 -26.390010833740234 0
vertex -59.016258239746094 -24.63751220703125 0
endloop
endfacet
facet normal -0.05562414576970359 0.9984517787091127 0
outer loop
vertex -11.443592071533203 51.73313903808594 -6.841955184936523
vertex -26.559162139892578 50.89104461669922 -6.935724258422852
vertex -11.443592071533203 51.73313903808594 -1
endloop
endfacet
facet normal 0 0 1
outer loop
vertex -59.016258239746094 -24.63751220703125 0
vertex -57.58139419555664 -26.390010833740234 0
vertex -56.81986999511719 -25.628488540649414 0
endloop
endfacet
facet normal 0 -1 0
outer loop
vertex -44.26374435424805 -62.79001235961914 -5
vertex -59.26374435424805 -62.79001235961914 -21.156740188598633
vertex -34.119869232177734 -62.79001235961914 -4.949999809265137
endloop
endfacet
facet normal 0.9999994200228463 -0.001076636559768317 -0.00002841987293603578
outer loop
vertex 72.47288513183594 -55.48084259033203 -20.34014320373535
vertex 72.47315979003906 -55.224021911621094 -20.405044555664062
vertex 72.58074188232422 44.35875701904297 -7.471511363983154
endloop
endfacet
facet normal 0.0037737273162546854 0.9999811368559263 -0.004846123654183776
outer loop
vertex 68.14994812011719 49.001617431640625 -1
vertex 57.831302642822266 49.0284423828125 -3.5
vertex 60.03129577636719 49.024986267089844 -2.5
endloop
endfacet
facet normal 0 0 1
outer loop
vertex -42.87432098388672 52.598880767822266 0
vertex -43.272613525390625 50.597843170166016 0
vertex -42.566162109375 52.5158805847168 0
endloop
endfacet
facet normal 0 0 1
outer loop
vertex 52.869361877441406 -58.40635299682617 0
vertex 52.831302642822266 -58.21501159667969 0
vertex 46.460941314697266 -58.91501235961914 0
endloop
endfacet
facet normal 0.6280839434582283 0.7781455904713211 0
outer loop
vertex 16.479751586914062 43.083457946777344 -1
vertex 16.479751586914062 43.083457946777344 -8.060672760009766
vertex 16.325666427612305 43.207828521728516 -7.9573493003845215
endloop
endfacet
facet normal 0 -1 0
outer loop
vertex -19.119871139526367 -62.79001235961914 -9.949999809265137
vertex 43.08482360839844 -62.79001235961914 -21.156740188598633
vertex 43.08482360839844 -62.79001235961914 -1
endloop
endfacet
facet normal 0.6280757508833806 0.7781522030760999 2.9964970403725934e-7
outer loop
vertex 16.325666427612305 43.207828521728516 -7.9573493003845215
vertex 15.976546287536621 43.48961639404297 -7.82224178314209
vertex 16.479751586914062 43.083457946777344 -1
endloop
endfacet
facet normal -4.0673559906681374e-11 2.1289325380758147e-11 1
outer loop
vertex -71.65876007080078 37.798248291015625 -8.142363736377001e-13
vertex -62.26044845581055 55.71561050415039 0
vertex -63.759307861328125 57.055076599121094 -8.948027735433683e-11
endloop
endfacet
facet normal -5.686354667736865e-11 1.3357412989769513e-10 1
outer loop
vertex -60.41777801513672 58.690895080566406 -2.7720967188393786e-10
vertex -62.06563186645508 55.914066314697266 0
vertex -59.52643585205078 56.99502182006836 0
endloop
endfacet
facet normal 0 0 1
outer loop
vertex -58.95674514770508 -24.449003219604492 0
vertex -58.99510192871094 -24.59214210510254 0
vertex -56.81986999511719 -25.628488540649414 0
endloop
endfacet
facet normal 0.6816501979676738 -0.7316780242595425 -0.000525762573233463
outer loop
vertex 68.89073181152344 -59.49790573120117 -20.743732452392578
vertex 68.97213745117188 -59.42204666137695 -20.770824432373047
vertex 68.99699401855469 -59.398887634277344 -20.77361488342285
endloop
endfacet
facet normal 0 -1 0
outer loop
vertex -19.119871139526367 -62.79001235961914 -4.949999809265137
vertex -19.119871139526367 -62.79001235961914 -9.949999809265137
vertex 43.08482360839844 -62.79001235961914 -1
endloop
endfacet
facet normal 0 0 1
outer loop
vertex 43.341651916503906 -56.91501235961914 0
vertex 46.460941314697266 -58.91501235961914 0
vertex 52.831302642822266 -57.21501159667969 0
endloop
endfacet
facet normal 0 0 1
outer loop
vertex -58.815921783447266 -23.6667423248291 0
vertex -56.81986999511719 -25.628488540649414 0
vertex -56.81986999511719 24.666868209838867 0
endloop
endfacet
facet normal 0 -1 0
outer loop
vertex -19.234050750732422 -62.79001235961914 -4.375974655151367
vertex -19.119871139526367 -62.79001235961914 -4.949999809265137
vertex 43.08482360839844 -62.79001235961914 -1
endloop
endfacet
facet normal 0.36633766184647826 -0.9304819812940255 0
outer loop
vertex 67.831298828125 -59.91501235961914 -1
vertex 68.89073181152344 -59.49790573120117 -20.743732452392578
vertex 68.89073181152344 -59.49790573120117 -1
endloop
endfacet
facet normal -0.0556037478504886 0.9984529148760705 6.764960318999742e-7
outer loop
vertex -26.559162139892578 50.89104461669922 -6.935724258422852
vertex -26.691638946533203 50.8836669921875 -6.930186748504639
vertex -26.8021240234375 50.87751007080078 -1
endloop
endfacet
facet normal 0 0 1
outer loop
vertex -43.405582427978516 50.635459899902344 0
vertex -42.87432098388672 52.598880767822266 0
vertex -42.94502639770508 52.62167739868164 0
endloop
endfacet
facet normal 0 -1 0
outer loop
vertex 54.331302642822266 -59.91501235961914 -1.5076520442962646
vertex 46.460941314697266 -59.91501235961914 -1
vertex 58.43130111694336 -59.91501235961914 -4
endloop
endfacet
facet normal 0.9167731010029957 -0.39940841412938577 0
outer loop
vertex 71.9748764038086 -56.62393569946289 -1
vertex 72.47288513183594 -55.48084259033203 -20.34014320373535
vertex 72.47288513183594 -55.48084259033203 -1
endloop
endfacet
facet normal 0 0 1
outer loop
vertex 26.69380760192871 45.298561096191406 0
vertex 30.240970611572266 46.003421783447266 0
vertex 30.49825096130371 46.109989166259766 0
endloop
endfacet
facet normal 0 0 1
outer loop
vertex -56.71330261230469 24.924148559570312 0
vertex -58.878265380859375 27.123611450195312 0
vertex -58.710025787353516 26.56609344482422 0
endloop
endfacet
facet normal 0 0 1
outer loop
vertex -58.84577178955078 -61.79001235961914 0
vertex -59.576210021972656 -25.973228454589844 0
vertex -60.02037811279297 -60.600242614746094 0
endloop
endfacet
facet normal -0.14322051700165556 0.9896908019729083 0
outer loop
vertex -11.181909561157227 51.77101135253906 -6.8285298347473145
vertex -11.339941024780273 51.74814224243164 -6.84019136428833
vertex -11.181909561157227 51.77101135253906 -1
endloop
endfacet
facet normal 0 0 1
outer loop
vertex -43.272613525390625 50.597843170166016 0
vertex -42.87432098388672 52.598880767822266 0
vertex -43.405582427978516 50.635459899902344 0
endloop
endfacet
facet normal 0.9306877498923658 0.36581458718903664 0
outer loop
vertex 72.58074188232422 44.35875701904297 -1
vertex 72.58074188232422 44.35875701904297 -7.471511363983154
vertex 72.4814682006836 44.611324310302734 -7.539082050323486
endloop
endfacet
facet normal 0 0 1
outer loop
vertex 26.201480865478516 43.882164001464844 0
vertex 28.180130004882812 40.49650955200195 0
vertex 26.24036407470703 44.027278900146484 0
endloop
endfacet
facet normal 0 0 1
outer loop
vertex -60.0814323425293 28.85300064086914 0
vertex -59.95817565917969 28.72974395751953 0
vertex -54.234745025634766 27.4027042388916 0
endloop
endfacet
facet normal 0 0 1
outer loop
vertex 67.26200866699219 -56.91501235961914 0
vertex 64.831298828125 -58.21501159667969 0
vertex 67.64154052734375 -58.91501235961914 0
endloop
endfacet
facet normal 0.006934376370108647 0.9999759569231441 0
outer loop
vertex -58.65984344482422 59.993900299072266 -5.718195915222168
vertex -58.71870422363281 59.99430847167969 -5.7428669929504395
vertex -58.65984344482422 59.993900299072266 -1
endloop
endfacet
facet normal 0 0 1
outer loop
vertex -54.234745025634766 27.4027042388916 0
vertex -59.895606994628906 28.6403865814209 0
vertex -58.878265380859375 27.123611450195312 0
endloop
endfacet
facet normal 0 -1 0
outer loop
vertex -54.01652145385742 -62.79001235961914 -1.5589157342910767
vertex -54.76374435424805 -62.79001235961914 -1.5076520442962646
vertex -50.66374588012695 -62.79001235961914 -4
endloop
endfacet
facet normal 0.002878697349320147 0.9999958565422014 0
outer loop
vertex 38.534690856933594 49.08686828613281 -1
vertex 57.63130569458008 49.03189468383789 -1.100000023841858
vertex 57.63130569458008 49.03189468383789 -2.5
endloop
endfacet
facet normal -0.05563994579118809 0.9984508983582284 0
outer loop
vertex -26.691638946533203 50.8836669921875 -6.930186748504639
vertex -26.8021240234375 50.87751007080078 -6.9507904052734375
vertex -26.8021240234375 50.87751007080078 -1
endloop
endfacet
facet normal -0.22974633545125592 0.9732505439745303 0
outer loop
vertex -11.026209831237793 51.80776596069336 -6.798576354980469
vertex -11.181909561157227 51.77101135253906 -6.8285298347473145
vertex -11.181909561157227 51.77101135253906 -1
endloop
endfacet
facet normal -0.6992746534857965 0.7148531030864448 0
outer loop
vertex -63.72076416015625 58.491668701171875 -1
vertex -64.60614776611328 57.625579833984375 -5.8527727127075195
vertex -64.60614776611328 57.625579833984375 -1
endloop
endfacet
facet normal 0 0 1
outer loop
vertex 30.240970611572266 46.003421783447266 0
vertex 26.24036407470703 44.027278900146484 0
vertex 28.286697387695312 44.04914855957031 0
endloop
endfacet
facet normal 0 0 1
outer loop
vertex 67.64154052734375 -58.91501235961914 0
vertex 68.34782409667969 -58.636940002441406 0
vertex 71.14110565185547 -56.03401565551758 0
endloop
endfacet
facet normal 0 0 1
outer loop
vertex -27.30575180053711 49.91115188598633 0
vertex -27.287254333496094 47.86231231689453 0
vertex -27.194534301757812 49.89807891845703 0
endloop
endfacet
facet normal -0.9999332055654638 0.0115577814075789 -0.000045787665519915036
outer loop
vertex -72.66675567626953 37.11202621459961 -8.41597843170166
vertex -72.66973876953125 36.85417175292969 -8.357698440551758
vertex -72.65648651123047 38.00093078613281 -8.300540924072266
endloop
endfacet
facet normal 0 0 1
outer loop
vertex 41.880130767822266 -60.09001159667969 0
vertex 42.7799072265625 -61.79001235961914 0
vertex 44.01903533935547 -60.55938720703125 0
endloop
endfacet
facet normal 0.7315953726616377 0.6817391075038013 0
outer loop
vertex 72.1635971069336 45.419979095458984 -1
vertex 69.2900161743164 48.50370788574219 -7.12890100479126
vertex 69.2900161743164 48.50370788574219 -1
endloop
endfacet
facet normal -0.35905165019760066 0.9333176910840059 0
outer loop
vertex -63.72076416015625 58.491668701171875 -5.842238903045654
vertex -63.72076416015625 58.491668701171875 -1
vertex -59.7955207824707 60.00172805786133 -1
endloop
endfacet
facet normal 0.0014402362634608307 0.9999875130829039 0.004785331521894949
outer loop
vertex 59.831016540527344 49.02556228637695 -3.5
vertex 57.831302642822266 49.0284423828125 -3.5
vertex 68.14994812011719 49.001617431640625 -1
endloop
endfacet
facet normal 0.9260611424867432 -0.3773735024828147 -3.063470199531152e-8
outer loop
vertex 44.60306167602539 -61.76924133300781 -1
vertex 44.672122955322266 -61.59976577758789 -21.13163948059082
vertex 44.800437927246094 -61.28488540649414 -21.099153518676758
endloop
endfacet
facet normal 0 0 1
outer loop
vertex 45.905006408691406 -59.08815002441406 0
vertex 42.58012771606445 -59.37995910644531 0
vertex 44.38676834106445 -60.10892105102539 0
endloop
endfacet
facet normal 0 0 1
outer loop
vertex 26.24036407470703 44.027278900146484 0
vertex 28.180130004882812 43.7918701171875 0
vertex 28.286697387695312 44.04914855957031 0
endloop
endfacet
facet normal -0.05562408372971189 0.9984517821653708 -1.5847776890538852e-7
outer loop
vertex -26.559162139892578 50.89104461669922 -6.935724258422852
vertex -26.8021240234375 50.87751007080078 -1
vertex -11.443592071533203 51.73313903808594 -1
endloop
endfacet
facet normal 0 -1 0
outer loop
vertex -59.26374435424805 -62.79001235961914 -1
vertex -56.26374435424805 -62.79001235961914 -4
vertex -50.66374588012695 -62.79001235961914 -4
endloop
endfacet
facet normal 0 0 1
outer loop
vertex 69.47356414794922 -54.85417175292969 0
vertex 67.519287109375 -56.808441162109375 0
vertex 71.14110565185547 -56.03401565551758 0
endloop
endfacet
facet normal -0.22974143659934995 0.9732517003885724 1.3887089077788782e-7
outer loop
vertex -10.9428071975708 51.82745361328125 -6.802054405212402
vertex -11.026209831237793 51.80776596069336 -6.798576354980469
vertex -11.181909561157227 51.77101135253906 -1
endloop
endfacet
facet normal 0.0028788799674063937 0.9999955481791228 0.0007846477353961335
outer loop
vertex 29.9919490814209 49.11145782470703 -7.156309604644775
vertex 57.831302642822266 49.0284423828125 -3.5
vertex 57.83158493041992 49.03131866455078 -7.166717529296875
endloop
endfacet
facet normal 0.0033441725447242512 0.999990534429824 -0.00278344404405284
outer loop
vertex 57.831302642822266 49.0284423828125 -3.5
vertex 29.93535804748535 49.11162185668945 -7.1322503089904785
vertex 57.63130569458008 49.03189468383789 -2.5
endloop
endfacet
facet normal -0.35905115305301455 0.9333178821616556 -0.000018126854643044058
outer loop
vertex -63.56752014160156 58.550621032714844 -5.90713357925415
vertex -63.72076416015625 58.491668701171875 -5.842238903045654
vertex -59.7955207824707 60.00172805786133 -5.718667984008789
endloop
endfacet
facet normal 0.9306789454854407 0.36583698614152 9.988081806629116e-7
outer loop
vertex 72.58074188232422 44.35875701904297 -1
vertex 72.4814682006836 44.611324310302734 -7.539082050323486
vertex 72.1635971069336 45.419979095458984 -7.434055805206299
endloop
endfacet
facet normal 0 0 1
outer loop
vertex 42.58012771606445 -59.37995910644531 0
vertex 44.07667541503906 -60.43578338623047 0
vertex 44.17665481567383 -60.29299545288086 0
endloop
endfacet
facet normal -0.9803499630218726 0.19726619072464752 0
outer loop
vertex 25.438434600830078 45.10206604003906 -1
vertex 25.26178741455078 44.224185943603516 -7.761544227600098
vertex 25.26178741455078 44.224185943603516 -1
endloop
endfacet
facet normal 0 0 1
outer loop
vertex 67.93972778320312 48.00221633911133 0
vertex 69.47356414794922 44.04914855957031 0
vertex 71.30244445800781 44.87727737426758 0
endloop
endfacet
facet normal 0.9260601423971159 -0.3773759566578452 -9.959721630972549e-8
outer loop
vertex 44.60306167602539 -61.76924133300781 -1
vertex 44.800437927246094 -61.28488540649414 -21.099153518676758
vertex 44.94269943237305 -60.93578338623047 -21.09084701538086
endloop
endfacet
facet normal 0.5579524498061903 -0.8298729202445739 -1.1713661415174967e-7
outer loop
vertex 44.94269943237305 -60.93578338623047 -1
vertex 45.2706298828125 -60.715301513671875 -20.953218460083008
vertex 45.55531311035156 -60.52389907836914 -20.899456024169922
endloop
endfacet
facet normal 0 -1 0
outer loop
vertex -51.40987014770508 -62.79001235961914 -1.6591570377349854
vertex -50.66374588012695 -62.79001235961914 -4
vertex -50.66374588012695 -62.79001235961914 -1.6661099195480347
endloop
endfacet
facet normal -0.9251812742582998 0.3795255058474392 -0.00001315424626390177
outer loop
vertex -72.65648651123047 38.00093078613281 -8.300540924072266
vertex -64.60614776611328 57.625579833984375 -5.8527727127075195
vertex -72.55354309082031 38.25187683105469 -8.368977546691895
endloop
endfacet
facet normal 0.05638330155662497 0.9984091963246204 0
outer loop
vertex -26.8021240234375 50.87751007080078 -6.9507904052734375
vertex -27.080087661743164 50.89320755004883 -6.962133407592773
vertex -26.8021240234375 50.87751007080078 -1
endloop
endfacet
facet normal -0.14323390520458762 0.9896888644416705 0
outer loop
vertex -11.443592071533203 51.73313903808594 -6.841955184936523
vertex -11.443592071533203 51.73313903808594 -1
vertex -11.181909561157227 51.77101135253906 -1
endloop
endfacet
facet normal 0.5579573582573585 -0.8298696201009347 0
outer loop
vertex 44.94269943237305 -60.93578338623047 -1
vertex 44.94269943237305 -60.93578338623047 -21.09084701538086
vertex 45.2706298828125 -60.715301513671875 -20.953218460083008
endloop
endfacet
facet normal -0.6992747484376136 0.7148530100329453 0.00001563170280172127
outer loop
vertex -64.60614776611328 57.625579833984375 -5.8527727127075195
vertex -63.72076416015625 58.491668701171875 -5.842238903045654
vertex -64.43276977539062 57.79518127441406 -5.93269681930542
endloop
endfacet
facet normal 0 -1 0
outer loop
vertex -49.863746643066406 -62.79001235961914 -1.6661099195480347
vertex -44.26374435424805 -62.79001235961914 -4
vertex -34.119869232177734 -62.79001235961914 -4.949999809265137
endloop
endfacet
facet normal -0.8315858877689448 -0.5553961750530299 0
outer loop
vertex -59.743553161621094 26.618675231933594 -9.781974792480469
vertex -59.709842681884766 26.568201065063477 -9.817105293273926
vertex -59.709842681884766 26.568201065063477 -1
endloop
endfacet
facet normal 0 -1 0
outer loop
vertex -19.119871139526367 -62.79001235961914 -9.949999809265137
vertex -19.234050750732422 -62.79001235961914 -10.524024963378906
vertex 43.08482360839844 -62.79001235961914 -21.156740188598633
endloop
endfacet
facet normal 0 -1 0
outer loop
vertex -34.00569152832031 -62.79001235961914 -10.524024963378906
vertex -34.119869232177734 -62.79001235961914 -9.949999809265137
vertex -59.26374435424805 -62.79001235961914 -21.156740188598633
endloop
endfacet
facet normal 0.0028784011991038008 0.9999958573946879 0
outer loop
vertex 68.14994812011719 49.001617431640625 -1
vertex 60.03129577636719 49.024986267089844 -2.5
vertex 60.03129577636719 49.024986267089844 -1.100000023841858
endloop
endfacet
facet normal -0.9799464933240563 0.1992608095483975 4.963344941873895e-8
outer loop
vertex -59.832908630371094 -23.74907112121582 -16.43123435974121
vertex -59.934791564941406 -24.2501220703125 -16.566621780395508
vertex -59.815738677978516 -23.664634704589844 -1
endloop
endfacet
facet normal 0.05641462291882124 0.9984074270150344 -0.0000014649074242711219
outer loop
vertex -27.080087661743164 50.89320755004883 -6.962133407592773
vertex -27.138147354125977 50.896488189697266 -6.96258544921875
vertex -26.8021240234375 50.87751007080078 -1
endloop
endfacet
facet normal 0.0028784950391919635 0.9999917197362505 -0.0028765822160589233
outer loop
vertex 57.831302642822266 49.0284423828125 -3.5
vertex 57.63130569458008 49.03189468383789 -2.5
vertex 60.03129577636719 49.024986267089844 -2.5
endloop
endfacet
facet normal -0.8729341877994643 0.48783798926579064 0
outer loop
vertex 25.897361755371094 45.92326736450195 -7.364246845245361
vertex 25.438434600830078 45.10206604003906 -7.320651054382324
vertex 25.897361755371094 45.92326736450195 -1
endloop
endfacet
facet normal -1.5785832985969586e-7 0.1287956450230528 -0.9916711560911061
outer loop
vertex -63.778602600097656 57.46076202392578 -6.7533416748046875
vertex -69.73585510253906 33.231136322021484 -9.90022087097168
vertex -70.32044982910156 33.83041763305664 -9.8223876953125
endloop
endfacet
facet normal 0.0000015579398188546719 0.12879579662888876 -0.9916711363997153
outer loop
vertex -59.95127868652344 28.956274032592773 -10.455428123474121
vertex -60.402099609375 29.32317352294922 -10.407776832580566
vertex -63.778602600097656 57.46076202392578 -6.7533416748046875
endloop
endfacet
facet normal -7.2867781098167675e-9 0.12879561191800867 -0.9916711603907142
outer loop
vertex -63.778602600097656 57.46076202392578 -6.7533416748046875
vertex -60.402099609375 29.32317352294922 -10.407776832580566
vertex -60.91319274902344 29.59408187866211 -10.372591972351074
endloop
endfacet
facet normal 8.705933011462467e-8 0.12879560240869814 -0.9916711616257544
outer loop
vertex -63.778602600097656 57.46076202392578 -6.7533416748046875
vertex -59.574623107910156 28.49925994873047 -10.51478385925293
vertex -59.95127868652344 28.956274032592773 -10.455428123474121
endloop
endfacet
facet normal -4.0349681659980387e-8 0.12879555026120684 -0.9916711683985329
outer loop
vertex 71.49808502197266 -54.89788818359375 -21.346181869506836
vertex -42.24481964111328 52.87668228149414 -7.348709583282471
vertex -27.18630599975586 50.35236358642578 -7.6765618324279785
endloop
endfacet
facet normal 0.0000012717148410830907 0.12879676006743102 -0.9916710112706307
outer loop
vertex 71.49808502197266 -54.89788818359375 -21.346181869506836
vertex -27.18630599975586 50.35236358642578 -7.6765618324279785
vertex -26.691638946533203 50.304046630859375 -7.682836532592773
endloop
endfacet
facet normal -0.0000011989430150995964 0.12879449234297388 -0.9916713057967736
outer loop
vertex 71.49808502197266 -54.89788818359375 -21.346181869506836
vertex -26.691638946533203 50.304046630859375 -7.682836532592773
vertex -26.52100372314453 50.32071304321289 -7.6806721687316895
endloop
endfacet
facet normal -9.208622579505356e-10 0.12879558987808454 -0.9916711632532007
outer loop
vertex 71.49808502197266 -54.89788818359375 -21.346181869506836
vertex -26.52100372314453 50.32071304321289 -7.6806721687316895
vertex -11.302680969238281 51.191226959228516 -7.567612171173096
endloop
endfacet
facet normal 7.039331239761365e-7 0.12879613087901953 -0.991671092989051
outer loop
vertex 71.49808502197266 -54.89788818359375 -21.346181869506836
vertex -11.302680969238281 51.191226959228516 -7.567612171173096
vertex -10.892919540405273 51.23124694824219 -7.562414169311523
endloop
endfacet
facet normal -0.0000023001777759293815 0.1287938373903657 -0.9916713908573611
outer loop
vertex 71.49808502197266 -54.89788818359375 -21.346181869506836
vertex -10.892919540405273 51.23124694824219 -7.562414169311523
vertex -10.786446571350098 51.26327896118164 -7.558254241943359
endloop
endfacet
facet normal 2.4184978550836654e-8 0.1287956090974688 -0.9916711607570381
outer loop
vertex 71.49808502197266 -54.89788818359375 -21.346181869506836
vertex -10.786446571350098 51.26327896118164 -7.558254241943359
vertex 14.590807914733887 43.76509475708008 -8.532097816467285
endloop
endfacet
facet normal -0.000001684533817528817 0.12879463734102534 -0.9916712869642623
outer loop
vertex 71.49808502197266 -54.89788818359375 -21.346181869506836
vertex 14.816463470458984 43.56310272216797 -8.558332443237305
vertex 15.340577125549316 43.14006805419922 -8.613275527954102
endloop
endfacet
facet normal -0.000004016773231378486 0.1287933169975098 -0.9916714584380476
outer loop
vertex 14.816463470458984 43.56310272216797 -8.558332443237305
vertex 71.49808502197266 -54.89788818359375 -21.346181869506836
vertex 14.590807914733887 43.76509475708008 -8.532097816467285
endloop
endfacet
facet normal 0.000006262212748195566 0.12879911383505538 -0.9916707055449854
outer loop
vertex 71.49808502197266 -54.89788818359375 -21.346181869506836
vertex 15.340577125549316 43.14006805419922 -8.613275527954102
vertex 15.565743446350098 42.975162506103516 -8.634692192077637
endloop
endfacet
facet normal -0.00000187365922646359 0.12879454148932057 -0.9916712994127868
outer loop
vertex 71.49808502197266 -54.89788818359375 -21.346181869506836
vertex 15.565743446350098 42.975162506103516 -8.634692192077637
vertex 16.0800838470459 42.70253372192383 -8.670101165771484
endloop
endfacet
facet normal 2.492782314077247e-7 0.1287957269081982 -0.9916711454560563
outer loop
vertex 71.49808502197266 -54.89788818359375 -21.346181869506836
vertex 16.0800838470459 42.70253372192383 -8.670101165771484
vertex 16.63817596435547 42.534645080566406 -8.691905975341797
endloop
endfacet
facet normal 0.0000014605748805335924 0.12879639762140926 -0.991671058344255
outer loop
vertex 71.49808502197266 -54.89788818359375 -21.346181869506836
vertex 16.63817596435547 42.534645080566406 -8.691905975341797
vertex 17.12346649169922 42.47946548461914 -8.699071884155273
endloop
endfacet
facet normal -2.057483380813859e-7 0.1287954825967755 -0.9916711771865823
outer loop
vertex 71.49808502197266 -54.89788818359375 -21.346181869506836
vertex 17.12346649169922 42.47946548461914 -8.699071884155273
vertex 22.772184371948242 42.30030059814453 -8.722342491149902
endloop
endfacet
facet normal 0.00000727385096988464 0.12879916995138796 -0.991670698249638
outer loop
vertex 71.49808502197266 -54.89788818359375 -21.346181869506836
vertex 22.772184371948242 42.30030059814453 -8.722342491149902
vertex 22.867290496826172 42.298789978027344 -8.722537994384766
endloop
endfacet
facet normal -6.638091790628698e-7 0.12879526435514724 -0.9916712055309699
outer loop
vertex 71.49808502197266 -54.89788818359375 -21.346181869506836
vertex 22.867290496826172 42.298789978027344 -8.722537994384766
vertex 23.44768714904785 42.3554801940918 -8.71517562866211
endloop
endfacet
facet normal 5.867041367727202e-7 0.12879587195272196 -0.9916711266178893
outer loop
vertex 23.44768714904785 42.3554801940918 -8.71517562866211
vertex 24.005779266357422 42.52336502075195 -8.693370819091797
vertex 71.49808502197266 -54.89788818359375 -21.346181869506836
endloop
endfacet
facet normal -0.0000011807126202677025 0.1287950246396173 -0.9916712366639895
outer loop
vertex 71.49808502197266 -54.89788818359375 -21.346181869506836
vertex 24.005779266357422 42.52336502075195 -8.693370819091797
vertex 24.52012062072754 42.795997619628906 -8.657962799072266
endloop
endfacet
facet normal 0.0000037204266545168535 0.1287973423493255 -0.9916709356383846
outer loop
vertex 71.49808502197266 -54.89788818359375 -21.346181869506836
vertex 24.52012062072754 42.795997619628906 -8.657962799072266
vertex 24.716035842895508 42.955440521240234 -8.637253761291504
endloop
endfacet
facet normal -2.351673036689588e-7 0.1287954826169264 -0.9916711771839584
outer loop
vertex 24.716035842895508 42.955440521240234 -8.637253761291504
vertex 25.42836570739746 43.52008819580078 -8.563919067382812
vertex 71.49808502197266 -54.89788818359375 -21.346181869506836
endloop
endfacet
facet normal 2.0902423495141467e-8 0.1287956004954693 -0.991671161874243
outer loop
vertex 71.49808502197266 -54.89788818359375 -21.346181869506836
vertex 25.42836570739746 43.52008819580078 -8.563919067382812
vertex 25.68327522277832 43.72754669189453 -8.536974906921387
endloop
endfacet
facet normal -6.689770037020914e-7 0.1287952853394778 -0.9916712028055846
outer loop
vertex 25.68327522277832 43.72754669189453 -8.536974906921387
vertex 26.053255081176758 44.17461395263672 -8.478911399841309
vertex 71.49808502197266 -54.89788818359375 -21.346181869506836
endloop
endfacet
facet normal 8.481787696373311e-7 0.12879596971880306 -0.9916711139200707
outer loop
vertex 26.053255081176758 44.17461395263672 -8.478911399841309
vertex 26.328176498413086 44.684669494628906 -8.412666320800781
vertex 71.49808502197266 -54.89788818359375 -21.346181869506836
endloop
endfacet
facet normal -5.363957044772594e-7 0.1287953521041363 -0.9916711941344689
outer loop
vertex 26.328176498413086 44.684669494628906 -8.412666320800781
vertex 26.360597610473633 44.79065704345703 -8.398900985717773
vertex 71.49808502197266 -54.89788818359375 -21.346181869506836
endloop
endfacet
facet normal 1.3088085868749385e-7 0.1287956492251671 -0.9916711555453503
outer loop
vertex 71.49808502197266 -54.89788818359375 -21.346181869506836
vertex 26.360597610473633 44.79065704345703 -8.398900985717773
vertex 26.73188018798828 45.7579345703125 -8.273273468017578
endloop
endfacet
facet normal -0.0000010283411972557282 0.1287928768210882 -0.9916715156134568
outer loop
vertex -42.85804748535156 53.043739318847656 -7.32701301574707
vertex -50.26374435424805 55.630340576171875 -6.991071701049805
vertex -50.06865692138672 55.64955520629883 -6.988576412200928
endloop
endfacet
facet normal -1.2187851171607856e-7 0.12879534350576735 -0.9916711952513376
outer loop
vertex -42.85804748535156 53.043739318847656 -7.32701301574707
vertex -50.06865692138672 55.64955520629883 -6.988576412200928
vertex -49.88106155395508 55.70646286010742 -6.981185436248779
endloop
endfacet
facet normal -4.4350096816948794e-7 0.12879450928838637 -0.9916713035965935
outer loop
vertex -42.85804748535156 53.043739318847656 -7.32701301574707
vertex -49.88106155395508 55.70646286010742 -6.981185436248779
vertex -49.739620208740234 55.782066345214844 -6.9713664054870605
endloop
endfacet
facet normal -2.7705741830741093e-8 0.1287953949486656 -0.9916711885700907
outer loop
vertex -58.85162353515625 59.4121208190918 -6.499904632568359
vertex -50.97085189819336 55.92323303222656 -6.953031539916992
vertex -50.81931686401367 55.79887008666992 -6.969183444976807
endloop
endfacet
facet normal 9.788115292827437e-7 0.12879782848995597 -0.9916708725052449
outer loop
vertex -58.85162353515625 59.4121208190918 -6.499904632568359
vertex -51.187625885009766 56.247657775878906 -6.910896301269531
vertex -51.09521484375 56.074771881103516 -6.933350563049316
endloop
endfacet
facet normal -8.689544034384591e-7 0.1287934276288556 -0.9916714440775511
outer loop
vertex -51.187625885009766 56.247657775878906 -6.910896301269531
vertex -58.85162353515625 59.4121208190918 -6.499904632568359
vertex -51.226016998291016 56.37421798706055 -6.894459247589111
endloop
endfacet
facet normal -0.000002099938691885975 0.12879079179087569 -0.9916717864018667
outer loop
vertex -50.97085189819336 55.92323303222656 -6.953031539916992
vertex -58.85162353515625 59.4121208190918 -6.499904632568359
vertex -51.09521484375 56.074771881103516 -6.933350563049316
endloop
endfacet
facet normal -5.62128322598388e-8 0.12879556739642398 -0.9916711661730567
outer loop
vertex 71.49808502197266 -54.89788818359375 -21.346181869506836
vertex 26.73188018798828 45.7579345703125 -8.273273468017578
vertex 29.402986526489258 48.24700927734375 -7.9499993324279785
endloop
endfacet
facet normal -1.0428267065905191e-7 0.1287955481037766 -0.9916711686787293
outer loop
vertex 71.49808502197266 -54.89788818359375 -21.346181869506836
vertex 29.402986526489258 48.24700927734375 -7.9499993324279785
vertex 30.11972999572754 48.52800750732422 -7.913504123687744
endloop
endfacet
facet normal -8.549964204142427e-9 0.12879558576892186 -0.9916711637868877
outer loop
vertex 71.49808502197266 -54.89788818359375 -21.346181869506836
vertex 30.11972999572754 48.52800750732422 -7.913504123687744
vertex 58.0204963684082 48.44769287109375 -7.923935413360596
endloop
endfacet
facet normal -1.9453493194164804e-8 0.12879558697511684 -0.9916711636302302
outer loop
vertex 71.49808502197266 -54.89788818359375 -21.346181869506836
vertex 67.94340515136719 48.41912841796875 -7.927645206451416
vertex 71.60553741455078 44.561283111572266 -8.428691864013672
endloop
endfacet
facet normal 1.5010473482048055e-7 0.12879560801497245 -0.9916711608976189
outer loop
vertex 71.49808502197266 -54.89788818359375 -21.346181869506836
vertex 58.12419509887695 48.32133483886719 -7.9403462409973145
vertex 58.27573013305664 48.19697189331055 -7.956498146057129
endloop
endfacet
facet normal 6.573125586403934e-7 0.12879567198741415 -0.9916711525888399
outer loop
vertex 71.49808502197266 -54.89788818359375 -21.346181869506836
vertex 58.27573013305664 48.19697189331055 -7.956498146057129
vertex 58.44861602783203 48.10456085205078 -7.968500137329102
endloop
endfacet
facet normal 1.035708157244499e-7 0.1287956029971595 -0.9916711615493249
outer loop
vertex 71.49808502197266 -54.89788818359375 -21.346181869506836
vertex 58.44861602783203 48.10456085205078 -7.968500137329102
vertex 58.63621139526367 48.04765701293945 -7.975890636444092
endloop
endfacet
facet normal 0.000002434955798644283 0.12879589914690778 -0.9916711230831574
outer loop
vertex 58.12419509887695 48.32133483886719 -7.9403462409973145
vertex 71.49808502197266 -54.89788818359375 -21.346181869506836
vertex 58.0204963684082 48.44769287109375 -7.923935413360596
endloop
endfacet
facet normal -0.0000011377405052643895 0.12879545048200305 -0.9916711813569271
outer loop
vertex 71.49808502197266 -54.89788818359375 -21.346181869506836
vertex 58.63621139526367 48.04765701293945 -7.975890636444092
vertex 58.831302642822266 48.0284423828125 -7.978386402130127
endloop
endfacet
facet normal 0.000001110511393618722 0.1287957225767541 -0.9916711460180228
outer loop
vertex 71.49808502197266 -54.89788818359375 -21.346181869506836
vertex 58.831302642822266 48.0284423828125 -7.978386402130127
vertex 59.026390075683594 48.04765701293945 -7.975890636444092
endloop
endfacet
facet normal -9.611367543827184e-8 0.1287955788209483 -0.9916711646892672
outer loop
vertex 71.49808502197266 -54.89788818359375 -21.346181869506836
vertex 59.026390075683594 48.04765701293945 -7.975890636444092
vertex 59.213985443115234 48.10456085205078 -7.968500137329102
endloop
endfacet
facet normal -5.76076915512405e-7 0.1287955225299066 -0.9916711720000316
outer loop
vertex 59.213985443115234 48.10456085205078 -7.968500137329102
vertex 59.386871337890625 48.19697189331055 -7.956498146057129
vertex 71.49808502197266 -54.89788818359375 -21.346181869506836
endloop
endfacet
facet normal -1.2249526116133239e-7 0.12879557493115995 -0.9916711651944595
outer loop
vertex 59.386871337890625 48.19697189331055 -7.956498146057129
vertex 59.53840637207031 48.32133483886719 -7.9403462409973145
vertex 71.49808502197266 -54.89788818359375 -21.346181869506836
endloop
endfacet
facet normal 7.963302185532838e-7 0.12879567962645294 -0.9916711515965996
outer loop
vertex 59.53840637207031 48.32133483886719 -7.9403462409973145
vertex 59.638282775878906 48.44303512573242 -7.924540042877197
vertex 71.49808502197266 -54.89788818359375 -21.346181869506836
endloop
endfacet
facet normal -2.681741339222051e-8 0.12879558672595984 -0.9916711636625899
outer loop
vertex 67.94340515136719 48.41912841796875 -7.927645206451416
vertex 71.49808502197266 -54.89788818359375 -21.346181869506836
vertex 59.638282775878906 48.44303512573242 -7.924540042877197
endloop
endfacet
facet normal -3.6634568476276525e-9 0.12879557322993812 -0.9916711654154171
outer loop
vertex -10.786446571350098 51.26327896118164 -7.558254241943359
vertex 8.289852142333984 55.420623779296875 -7.018309593200684
vertex 13.945905685424805 44.72222137451172 -8.40778923034668
endloop
endfacet
facet normal -7.430728396208416e-7 0.12879305542436553 -0.9916714924176777
outer loop
vertex 14.590807914733887 43.76509475708008 -8.532097816467285
vertex -10.786446571350098 51.26327896118164 -7.558254241943359
vertex 14.220826148986816 44.21216583251953 -8.474034309387207
endloop
endfacet
facet normal 2.610954969359545e-7 0.12879655770211684 -0.9916710375542975
outer loop
vertex 14.220826148986816 44.21216583251953 -8.474034309387207
vertex -10.786446571350098 51.26327896118164 -7.558254241943359
vertex 13.945905685424805 44.72222137451172 -8.40778923034668
endloop
endfacet
facet normal 1.7442875090252414e-7 0.12879476959579317 -0.9916712697889034
outer loop
vertex 8.289852142333984 55.420623779296875 -7.018309593200684
vertex -10.786446571350098 51.26327896118164 -7.558254241943359
vertex 7.472121238708496 55.56429672241211 -6.999650001525879
endloop
endfacet
facet normal -0.000005748149513443982 0.12879258659921866 -0.9916715532897177
outer loop
vertex 13.816408157348633 45.145565032958984 -8.35280704498291
vertex 13.945905685424805 44.72222137451172 -8.40778923034668
vertex 8.289852142333984 55.420623779296875 -7.018309593200684
endloop
endfacet
facet normal 0.000001832236169611783 0.12879613103558915 -0.9916710929672732
outer loop
vertex 13.816408157348633 45.145565032958984 -8.35280704498291
vertex 11.475157737731934 53.335304260253906 -7.289145469665527
vertex 11.920001983642578 52.70920944213867 -7.370460510253906
endloop
endfacet
facet normal -4.475484408051366e-8 0.1287956033500871 -0.991671161503492
outer loop
vertex 11.475157737731934 53.335304260253906 -7.289145469665527
vertex 13.816408157348633 45.145565032958984 -8.35280704498291
vertex 8.289852142333984 55.420623779296875 -7.018309593200684
endloop
endfacet
facet normal 8.225755065472439e-7 0.12879637302767852 -0.9916710615391772
outer loop
vertex 71.60553741455078 44.561283111572266 -8.428691864013672
vertex 67.94340515136719 48.41912841796875 -7.927645206451416
vertex 71.32221221923828 45.28204345703125 -8.335081100463867
endloop
endfacet
facet normal 2.177948103974747e-7 0.12879573245213433 -0.9916711447360314
outer loop
vertex 71.32221221923828 45.28204345703125 -8.335081100463867
vertex 67.94340515136719 48.41912841796875 -7.927645206451416
vertex 68.71151733398438 48.08366775512695 -7.9712138175964355
endloop
endfacet
facet normal -1.7821402076502346e-7 0.12879538044513408 -0.9916711904537517
outer loop
vertex 71.15995788574219 -55.67400360107422 -21.44698143005371
vertex -63.778602600097656 57.46076202392578 -6.7533416748046875
vertex 71.49808502197266 -54.89788818359375 -21.346181869506836
endloop
endfacet
facet normal 2.3082920830864313e-7 0.12879586022781372 -0.9916711281408389
outer loop
vertex 68.3583755493164 -58.28466796875 -21.786048889160156
vertex -63.778602600097656 57.46076202392578 -6.7533416748046875
vertex 71.15995788574219 -55.67400360107422 -21.44698143005371
endloop
endfacet
facet normal -2.0515979015050603e-7 0.12879537075179937 -0.9916711917126888
outer loop
vertex 67.64483642578125 -58.56559371948242 -21.822534561157227
vertex -63.778602600097656 57.46076202392578 -6.7533416748046875
vertex 68.3583755493164 -58.28466796875 -21.786048889160156
endloop
endfacet
facet normal 0 0.1287955992821056 -0.9916711620318317
outer loop
vertex 47.07501220703125 -58.56559371948242 -21.822534561157227
vertex -63.778602600097656 57.46076202392578 -6.7533416748046875
vertex 67.64483642578125 -58.56559371948242 -21.822534561157227
endloop
endfacet
facet normal 0.0000011132714546577615 0.1287968599002102 -0.9916709983046829
outer loop
vertex 42.785457611083984 -61.44059371948242 -22.195932388305664
vertex -58.79325485229492 26.930919647216797 -10.718476295471191
vertex -58.96255111694336 27.484363555908203 -10.64659595489502
endloop
endfacet
facet normal -5.442330262450401e-7 0.12879498628476438 -0.9916712416459454
outer loop
vertex 42.785457611083984 -61.44059371948242 -22.195932388305664
vertex -58.73670196533203 26.349191665649414 -10.794029235839844
vertex -58.79325485229492 26.930919647216797 -10.718476295471191
endloop
endfacet
facet normal 1.3668772728285612e-7 0.12879572770962397 -0.991671145351991
outer loop
vertex 46.49461364746094 -58.62228012084961 -21.829896926879883
vertex -63.778602600097656 57.46076202392578 -6.7533416748046875
vertex 47.07501220703125 -58.56559371948242 -21.822534561157227
endloop
endfacet
facet normal -1.6368611188575517e-7 0.12879544710247226 -0.9916711817964902
outer loop
vertex 45.9365234375 -58.79016876220703 -21.851701736450195
vertex -63.778602600097656 57.46076202392578 -6.7533416748046875
vertex 46.49461364746094 -58.62228012084961 -21.829896926879883
endloop
endfacet
facet normal 4.030001267740924e-7 0.1287959730568673 -0.9916711134868114
outer loop
vertex 45.40659713745117 -59.07548141479492 -21.888757705688477
vertex -63.778602600097656 57.46076202392578 -6.7533416748046875
vertex 45.9365234375 -58.79016876220703 -21.851701736450195
endloop
endfacet
facet normal -0.0000013665929960077605 0.128794342591409 -0.9916713252457082
outer loop
vertex 44.900508880615234 -59.41574478149414 -21.93294906616211
vertex -63.778602600097656 57.46076202392578 -6.7533416748046875
vertex 45.40659713745117 -59.07548141479492 -21.888757705688477
endloop
endfacet
facet normal 5.523422944993977e-7 0.12879609733878258 -0.9916710973452809
outer loop
vertex 44.46527099609375 -59.769962310791016 -21.978954315185547
vertex -63.778602600097656 57.46076202392578 -6.7533416748046875
vertex 44.900508880615234 -59.41574478149414 -21.93294906616211
endloop
endfacet
facet normal 8.404544676936792e-9 0.12879561476650572 -0.9916711600207591
outer loop
vertex 42.785457611083984 -61.44059371948242 -22.195932388305664
vertex -26.76631736755371 -26.73645782470703 -17.68865203857422
vertex -58.73670196533203 26.349191665649414 -10.794029235839844
endloop
endfacet
facet normal -4.964945092245903e-7 0.12879514496997935 -0.991671221036446
outer loop
vertex 44.09528732299805 -60.2170295715332 -22.037017822265625
vertex -63.778602600097656 57.46076202392578 -6.7533416748046875
vertex 44.46527099609375 -59.769962310791016 -21.978954315185547
endloop
endfacet
facet normal 2.487393963085006e-7 0.1287958167851683 -0.9916711337830599
outer loop
vertex 43.81026840209961 -60.7515754699707 -22.106443405151367
vertex -63.778602600097656 57.46076202392578 -6.7533416748046875
vertex 44.09528732299805 -60.2170295715332 -22.037017822265625
endloop
endfacet
facet normal 6.835389362723949e-7 0.12879620594583338 -0.9916710832395443
outer loop
vertex 42.785457611083984 -61.44059371948242 -22.195932388305664
vertex -63.778602600097656 57.46076202392578 -6.7533416748046875
vertex 43.81026840209961 -60.7515754699707 -22.106443405151367
endloop
endfacet
facet normal -0.000004774426156591053 0.1287861883268034 -0.9916723842446445
outer loop
vertex -26.76631736755371 -26.73645782470703 -17.68865203857422
vertex 42.785457611083984 -61.44059371948242 -22.195932388305664
vertex -26.657930374145508 -26.898670196533203 -17.709718704223633
endloop
endfacet
facet normal -1.9949457519570232e-7 0.12879523324620126 -0.9916712095715075
outer loop
vertex 42.785457611083984 -61.44059371948242 -22.195932388305664
vertex -26.619871139526367 -27.090011596679688 -17.734569549560547
vertex -26.657930374145508 -26.898670196533203 -17.709718704223633
endloop
endfacet
facet normal 2.6084380367170112e-9 0.12879563482139877 -0.9916711574160826
outer loop
vertex 42.785457611083984 -61.44059371948242 -22.195932388305664
vertex -26.619871139526367 -41.09001159667969 -19.552852630615234
vertex -26.619871139526367 -27.090011596679688 -17.734569549560547
endloop
endfacet
facet normal -9.967664567245784e-8 0.1287952917664733 -0.9916712019710863
outer loop
vertex 42.785457611083984 -61.44059371948242 -22.195932388305664
vertex -26.657930374145508 -41.28135299682617 -19.57770347595215
vertex -26.619871139526367 -41.09001159667969 -19.552852630615234
endloop
endfacet
facet normal -0.0000015585448389741554 0.12879034970294254 -0.9916718438177847
outer loop
vertex 42.785457611083984 -61.44059371948242 -22.195932388305664
vertex -26.76631736755371 -41.443565368652344 -19.598770141601562
vertex -26.657930374145508 -41.28135299682617 -19.57770347595215
endloop
endfacet
facet normal -6.029224569055264e-7 0.12879492880383575 -0.9916712491113431
outer loop
vertex 42.785457611083984 -61.44059371948242 -22.195932388305664
vertex -58.96255111694336 27.484363555908203 -10.64659595489502
vertex -59.23080062866211 27.984474182128906 -10.581643104553223
endloop
endfacet
facet normal -1.8294451958488583e-8 0.1287955873694892 -0.9916711635790101
outer loop
vertex 42.785457611083984 -61.44059371948242 -22.195932388305664
vertex -59.574623107910156 28.49925994873047 -10.51478385925293
vertex -63.778602600097656 57.46076202392578 -6.7533416748046875
endloop
endfacet
facet normal 5.132269011267105e-9 0.12879559752720313 -0.9916711622597537
outer loop
vertex -63.778602600097656 57.46076202392578 -6.7533416748046875
vertex -63.17983627319336 58.046478271484375 -6.677270412445068
vertex 71.49808502197266 -54.89788818359375 -21.346181869506836
endloop
endfacet
facet normal -2.999721367977027e-8 0.12879555633272968 -0.9916711676099804
outer loop
vertex 71.49808502197266 -54.89788818359375 -21.346181869506836
vertex -63.17983627319336 58.046478271484375 -6.677270412445068
vertex -59.616294860839844 59.417388916015625 -6.499220371246338
endloop
endfacet
facet normal 0 0.12879562573212733 -0.9916711585965731
outer loop
vertex -26.928529739379883 -41.55195236206055 -19.61284828186035
vertex 42.785457611083984 -61.44059371948242 -22.195932388305664
vertex -58.853816986083984 -61.44059371948242 -22.195932388305664
endloop
endfacet
facet normal 1.260225000129415e-7 0.12879573101980574 -0.9916711449220745
outer loop
vertex -58.85162353515625 59.4121208190918 -6.499904632568359
vertex -50.81931686401367 55.79887008666992 -6.969183444976807
vertex 71.49808502197266 -54.89788818359375 -21.346181869506836
endloop
endfacet
facet normal -0.0000054395085313606115 0.1287896832448372 -0.9916719303580727
outer loop
vertex 71.49808502197266 -54.89788818359375 -21.346181869506836
vertex -50.81931686401367 55.79887008666992 -6.969183444976807
vertex -50.64643096923828 55.70646286010742 -6.981185436248779
endloop
endfacet
facet normal 0.0000014586379385063094 0.1287971734736868 -0.9916709575776943
outer loop
vertex 71.49808502197266 -54.89788818359375 -21.346181869506836
vertex -50.45883560180664 55.64955520629883 -6.988576412200928
vertex -50.26374435424805 55.630340576171875 -6.991071701049805
endloop
endfacet
facet normal -0.000011520675748362758 0.12878878664102086 -0.9916720467487261
outer loop
vertex -58.73670196533203 26.349191665649414 -10.794029235839844
vertex -26.76631736755371 -26.73645782470703 -17.68865203857422
vertex -26.928529739379883 -26.628070831298828 -17.67457389831543
endloop
endfacet
facet normal -7.193079237809859e-8 0.1287955090346668 -0.9916711737529209
outer loop
vertex 71.49808502197266 -54.89788818359375 -21.346181869506836
vertex -59.616294860839844 59.417388916015625 -6.499220371246338
vertex -58.85162353515625 59.4121208190918 -6.499904632568359
endloop
endfacet
facet normal 0.00000642083225369195 0.12879938024761003 -0.9916706709420243
outer loop
vertex -27.119871139526367 -26.590011596679688 -17.669631958007812
vertex -58.73670196533203 26.349191665649414 -10.794029235839844
vertex -26.928529739379883 -26.628070831298828 -17.67457389831543
endloop
endfacet
facet normal 0.000003971099900148561 0.12879971362632378 -0.9916706276551743
outer loop
vertex -42.33054733276367 52.88505554199219 -7.347622394561768
vertex -42.24481964111328 52.87668228149414 -7.348709583282471
vertex 71.49808502197266 -54.89788818359375 -21.346181869506836
endloop
endfacet
facet normal 0 0.12879560915487273 -0.991671160749583
outer loop
vertex -46.119869232177734 -26.590011596679688 -17.669631958007812
vertex -58.73670196533203 26.349191665649414 -10.794029235839844
vertex -27.119871139526367 -26.590011596679688 -17.669631958007812
endloop
endfacet
facet normal 1.2196293994340402e-7 0.12879571602040224 -0.9916711468701593
outer loop
vertex 71.49808502197266 -54.89788818359375 -21.346181869506836
vertex -42.85804748535156 53.043739318847656 -7.32701301574707
vertex -42.33054733276367 52.88505554199219 -7.347622394561768
endloop
endfacet
facet normal -0.000005402002125996714 0.12879434306730875 -0.9916713251701285
outer loop
vertex -46.119869232177734 -26.590011596679688 -17.669631958007812
vertex -46.31121063232422 -26.628070831298828 -17.67457389831543
vertex -58.73670196533203 26.349191665649414 -10.794029235839844
endloop
endfacet
facet normal -1.0332417440486411e-7 0.12879548130466034 -0.9916711773544143
outer loop
vertex 71.49808502197266 -54.89788818359375 -21.346181869506836
vertex -50.26374435424805 55.630340576171875 -6.991071701049805
vertex -42.85804748535156 53.043739318847656 -7.32701301574707
endloop
endfacet
facet normal 0.000005964093186842727 0.12879696469278423 -0.9916709846770527
outer loop
vertex -46.31121063232422 -26.628070831298828 -17.67457389831543
vertex -46.47342300415039 -26.73645782470703 -17.68865203857422
vertex -58.73670196533203 26.349191665649414 -10.794029235839844
endloop
endfacet
facet normal -0.0000071066231649008556 0.12879399532236752 -0.9916713703230511
outer loop
vertex -46.47342300415039 -26.73645782470703 -17.68865203857422
vertex -46.581809997558594 -26.898670196533203 -17.709718704223633
vertex -58.73670196533203 26.349191665649414 -10.794029235839844
endloop
endfacet
facet normal 6.589934542979928e-8 0.128795605438275 -0.9916711612322827
outer loop
vertex -46.581809997558594 -26.898670196533203 -17.709718704223633
vertex -58.84061050415039 -22.9407901763916 -17.195680618286133
vertex -58.73670196533203 26.349191665649414 -10.794029235839844
endloop
endfacet
facet normal -1.1945581944470676e-7 0.12879529563543674 -0.9916712014685948
outer loop
vertex -46.619869232177734 -27.090011596679688 -17.734569549560547
vertex -59.01395034790039 -23.928653717041016 -17.3239803314209
vertex -46.581809997558594 -26.898670196533203 -17.709718704223633
endloop
endfacet
facet normal -3.148030193222724e-8 0.12879563482139872 -0.9916711574160822
outer loop
vertex -46.619869232177734 -41.09001159667969 -19.552852630615234
vertex -59.01395034790039 -23.928653717041016 -17.3239803314209
vertex -46.619869232177734 -27.090011596679688 -17.734569549560547
endloop
endfacet
facet normal 4.2645401604827914e-8 0.1287955346082571 -0.9916711704314952
outer loop
vertex -46.581809997558594 -26.898670196533203 -17.709718704223633
vertex -58.89716339111328 -23.51018714904785 -17.26963233947754
vertex -58.84061050415039 -22.9407901763916 -17.195680618286133
endloop
endfacet
facet normal -7.472097947987554e-7 0.1287927115196394 -0.9916715370821432
outer loop
vertex -58.89716339111328 -23.51018714904785 -17.26963233947754
vertex -46.581809997558594 -26.898670196533203 -17.709718704223633
vertex -59.01395034790039 -23.928653717041016 -17.3239803314209
endloop
endfacet
facet normal 2.979215482530215e-7 0.1287959142028855 -0.9916711211306671
outer loop
vertex 71.49808502197266 -54.89788818359375 -21.346181869506836
vertex -50.64643096923828 55.70646286010742 -6.981185436248779
vertex -50.45883560180664 55.64955520629883 -6.988576412200928
endloop
endfacet
facet normal 1.3482938188354235e-7 0.12879575293926124 -0.9916711420752298
outer loop
vertex -46.619869232177734 -41.09001159667969 -19.552852630615234
vertex -59.60075759887695 -25.554777145385742 -17.53517723083496
vertex -59.01395034790039 -23.928653717041016 -17.3239803314209
endloop
endfacet
facet normal -5.907583432440491e-7 0.12879515671187589 -0.9916712195113935
outer loop
vertex -46.619869232177734 -41.09001159667969 -19.552852630615234
vertex -46.581809997558594 -41.28135299682617 -19.57770347595215
vertex -59.60075759887695 -25.554777145385742 -17.53517723083496
endloop
endfacet
facet normal -0.000008316902395947246 0.12880875456579796 -0.9916694533351509
outer loop
vertex -58.853816986083984 -61.44059371948242 -22.195932388305664
vertex -27.119871139526367 -41.59001159667969 -19.61779022216797
vertex -26.928529739379883 -41.55195236206055 -19.61284828186035
endloop
endfacet
facet normal 0 0.12879566477145507 -0.9916711535262478
outer loop
vertex -27.119871139526367 -41.59001159667969 -19.61779022216797
vertex -60.045570373535156 -60.233455657958984 -22.039152145385742
vertex -46.119869232177734 -41.59001159667969 -19.61779022216797
endloop
endfacet
facet normal 0.000002056736383819487 0.12880271544398025 -0.9916702377756563
outer loop
vertex 42.785457611083984 -61.44059371948242 -22.195932388305664
vertex -26.928529739379883 -41.55195236206055 -19.61284828186035
vertex -26.76631736755371 -41.443565368652344 -19.598770141601562
endloop
endfacet
facet normal 9.902220690206007e-7 0.12879671611691265 -0.9916710169791789
outer loop
vertex -59.23080062866211 27.984474182128906 -10.581643104553223
vertex -59.574623107910156 28.49925994873047 -10.51478385925293
vertex 42.785457611083984 -61.44059371948242 -22.195932388305664
endloop
endfacet
facet normal -0.000004617730830827931 0.12879894623634383 -0.9916707273218688
outer loop
vertex -46.31121063232422 -41.55195236206055 -19.61284828186035
vertex -60.045570373535156 -60.233455657958984 -22.039152145385742
vertex -46.47342300415039 -41.443565368652344 -19.598770141601562
endloop
endfacet
facet normal 0.0000046368440093894235 0.12879237244135772 -0.9916715811091018
outer loop
vertex -60.045570373535156 -60.233455657958984 -22.039152145385742
vertex -46.581809997558594 -41.28135299682617 -19.57770347595215
vertex -46.47342300415039 -41.443565368652344 -19.598770141601562
endloop
endfacet
facet normal 0.00000493597815650945 0.12879203900516054 -0.9916716244122997
outer loop
vertex -60.045570373535156 -60.233455657958984 -22.039152145385742
vertex -46.31121063232422 -41.55195236206055 -19.61284828186035
vertex -46.119869232177734 -41.59001159667969 -19.61779022216797
endloop
endfacet
facet normal -8.883060094412487e-8 0.12879581905045595 -0.991671133488877
outer loop
vertex -58.853816986083984 -61.44059371948242 -22.195932388305664
vertex -60.045570373535156 -60.233455657958984 -22.039152145385742
vertex -27.119871139526367 -41.59001159667969 -19.61779022216797
endloop
endfacet
facet normal -1.704694501660419e-8 0.12879562376962514 -0.9916711588514575
outer loop
vertex -46.581809997558594 -41.28135299682617 -19.57770347595215
vertex -60.045570373535156 -60.233455657958984 -22.039152145385742
vertex -59.60075759887695 -25.554777145385742 -17.53517723083496
endloop
endfacet
facet normal 5.284356083599232e-8 0.12879558765975171 -0.9916711635413104
outer loop
vertex -70.32044982910156 33.83041763305664 -9.8223876953125
vertex -71.69267272949219 37.408973693847656 -9.357614517211914
vertex -63.778602600097656 57.46076202392578 -6.7533416748046875
endloop
endfacet
facet normal 0.0000010898979691233836 0.12879518514315982 -0.9916712158184039
outer loop
vertex -63.778602600097656 57.46076202392578 -6.7533416748046875
vertex -71.69267272949219 37.408973693847656 -9.357614517211914
vertex -71.68365478515625 38.19028854370117 -9.256139755249023
endloop
endfacet
facet normal -1.6914267803643517e-8 0.12879561094447728 -0.9916711605171538
outer loop
vertex -60.91319274902344 29.59408187866211 -10.372591972351074
vertex -69.73585510253906 33.231136322021484 -9.90022087097168
vertex -63.778602600097656 57.46076202392578 -6.7533416748046875
endloop
endfacet
facet normal 0 0 1
outer loop
vertex 41.880130767822266 -27.090011596679688 -4.099999904632568
vertex 69.47356414794922 -54.85417175292969 -4.099999904632568
vertex 69.58013153076172 -54.59688949584961 -4.099999904632568
endloop
endfacet
facet normal -0.7071050101276388 0.7071085522410203 0
outer loop
vertex 42.58012771606445 -57.67653274536133 -4.099999904632568
vertex 42.58012771606445 -57.67653274536133 0
vertex 43.341651916503906 -56.91501235961914 -4.099999904632568
endloop
endfacet
facet normal 0.7009156678336095 0.7132441563625778 0
outer loop
vertex -68.38236999511719 34.37516784667969 0
vertex -68.38236999511719 34.37516784667969 -4.099999904632568
vertex -68.58099365234375 34.57035827636719 0
endloop
endfacet
facet normal -1 0 0
outer loop
vertex 69.58013153076172 -54.59688949584961 0
vertex 69.58013153076172 43.7918701171875 -4.099999904632568
vertex 69.58013153076172 -54.59688949584961 -4.099999904632568
endloop
endfacet
facet normal 0 0 1
outer loop
vertex -56.81986999511719 24.666868209838867 -4.099999904632568
vertex -24.619871139526367 -27.090011596679688 -4.099999904632568
vertex 41.880130767822266 -27.090011596679688 -4.099999904632568
endloop
endfacet
facet normal -0.38268086587637207 -0.9238805955815449 0
outer loop
vertex 67.26200866699219 46.109989166259766 0
vertex 67.26200866699219 46.109989166259766 -4.099999904632568
vertex 67.519287109375 46.003421783447266 0
endloop
endfacet
facet normal -0.7071060910586383 -0.7071074713137833 0
outer loop
vertex 67.519287109375 46.003421783447266 -4.099999904632568
vertex 69.47356414794922 44.04914855957031 -4.099999904632568
vertex 69.47356414794922 44.04914855957031 0
endloop
endfacet
facet normal -0.38268086587637207 -0.9238805955815449 0
outer loop
vertex 67.26200866699219 46.109989166259766 -4.099999904632568
vertex 67.519287109375 46.003421783447266 -4.099999904632568
vertex 67.519287109375 46.003421783447266 0
endloop
endfacet
facet normal 0 -1 0
outer loop
vertex 67.26200866699219 46.109989166259766 0
vertex 30.49825096130371 46.109989166259766 -4.099999904632568
vertex 67.26200866699219 46.109989166259766 -4.099999904632568
endloop
endfacet
facet normal -0.16867530061596742 -0.9856716709747282 0
outer loop
vertex -27.287254333496094 47.86231231689453 0
vertex -43.272613525390625 50.597843170166016 -4.099999904632568
vertex -27.287254333496094 47.86231231689453 -4.099999904632568
endloop
endfacet
facet normal -0.05722234463451988 -0.9983614592293356 0
outer loop
vertex -27.287254333496094 47.86231231689453 0
vertex -27.287254333496094 47.86231231689453 -4.099999904632568
vertex -27.14143180847168 47.85395431518555 0
endloop
endfacet
facet normal 0.054961678602095755 -0.9984884645729464 0
outer loop
vertex -27.14143180847168 47.85395431518555 0
vertex -27.14143180847168 47.85395431518555 -4.099999904632568
vertex -10.997074127197266 48.742618560791016 0
endloop
endfacet
facet normal 0 0 1
outer loop
vertex -27.287254333496094 47.86231231689453 -4.099999904632568
vertex -54.513267517089844 28.771690368652344 -4.099999904632568
vertex 41.880130767822266 -27.090011596679688 -4.099999904632568
endloop
endfacet
facet normal 0 0 1
outer loop
vertex -54.513267517089844 28.771690368652344 -4.099999904632568
vertex -54.234745025634766 27.4027042388916 -4.099999904632568
vertex 41.880130767822266 -27.090011596679688 -4.099999904632568
endloop
endfacet
facet normal 0 0 1
outer loop
vertex -54.234745025634766 27.4027042388916 -4.099999904632568
vertex -56.71330261230469 24.924148559570312 -4.099999904632568
vertex 41.880130767822266 -27.090011596679688 -4.099999904632568
endloop
endfacet
facet normal 0 0 1
outer loop
vertex -56.71330261230469 24.924148559570312 -4.099999904632568
vertex -56.81986999511719 24.666868209838867 -4.099999904632568
vertex 41.880130767822266 -27.090011596679688 -4.099999904632568
endloop
endfacet
facet normal 0.054961678602095755 -0.9984884645729464 0
outer loop
vertex -10.997074127197266 48.742618560791016 0
vertex -27.14143180847168 47.85395431518555 -4.099999904632568
vertex -10.997074127197266 48.742618560791016 -4.099999904632568
endloop
endfacet
facet normal 0.14567934343298986 -0.989331859841243 0
outer loop
vertex -10.997074127197266 48.742618560791016 -4.099999904632568
vertex -10.879693031311035 48.75990295410156 -4.099999904632568
vertex -10.879693031311035 48.75990295410156 0
endloop
endfacet
facet normal 0.14567934343298986 -0.989331859841243 0
outer loop
vertex -10.997074127197266 48.742618560791016 0
vertex -10.997074127197266 48.742618560791016 -4.099999904632568
vertex -10.879693031311035 48.75990295410156 0
endloop
endfacet
facet normal -0.16867530061596742 -0.9856716709747282 0
outer loop
vertex -43.272613525390625 50.597843170166016 0
vertex -43.272613525390625 50.597843170166016 -4.099999904632568
vertex -27.287254333496094 47.86231231689453 0
endloop
endfacet
facet normal -0.27221540959228463 -0.9622363383184531 0
outer loop
vertex -43.405582427978516 50.635459899902344 0
vertex -43.405582427978516 50.635459899902344 -4.099999904632568
vertex -43.272613525390625 50.597843170166016 0
endloop
endfacet
facet normal -0.27221540959228463 -0.9622363383184531 0
outer loop
vertex -43.405582427978516 50.635459899902344 -4.099999904632568
vertex -43.272613525390625 50.597843170166016 -4.099999904632568
vertex -43.272613525390625 50.597843170166016 0
endloop
endfacet
facet normal -0.9238805955815449 -0.38268086587637207 0
outer loop
vertex 69.47356414794922 44.04914855957031 -4.099999904632568
vertex 69.58013153076172 43.7918701171875 0
vertex 69.47356414794922 44.04914855957031 0
endloop
endfacet
facet normal 0.23517234011819513 -0.9719536873963349 0
outer loop
vertex -10.879693031311035 48.75990295410156 0
vertex -10.879693031311035 48.75990295410156 -4.099999904632568
vertex 7.257771968841553 53.148414611816406 0
endloop
endfacet
facet normal -0.37266878448573776 -0.9279644266187808 0
outer loop
vertex -59.24835205078125 56.997886657714844 0
vertex -59.24835205078125 56.997886657714844 -4.099999904632568
vertex -43.405582427978516 50.635459899902344 0
endloop
endfacet
facet normal -0.37266878448573776 -0.9279644266187808 0
outer loop
vertex -59.24835205078125 56.997886657714844 -4.099999904632568
vertex -43.405582427978516 50.635459899902344 -4.099999904632568
vertex -43.405582427978516 50.635459899902344 0
endloop
endfacet
facet normal -0.9238805955815449 -0.38268086587637207 0
outer loop
vertex 69.47356414794922 44.04914855957031 -4.099999904632568
vertex 69.58013153076172 43.7918701171875 -4.099999904632568
vertex 69.58013153076172 43.7918701171875 0
endloop
endfacet
facet normal 0 -1 0
outer loop
vertex 30.49825096130371 46.109989166259766 0
vertex 30.49825096130371 46.109989166259766 -4.099999904632568
vertex 67.26200866699219 46.109989166259766 0
endloop
endfacet
facet normal 0 0 1
outer loop
vertex -58.00981903076172 -59.79001235961914 -4.099999904632568
vertex -57.119869232177734 -59.79001235961914 -4.099999904632568
vertex -57.119869232177734 -27.090011596679688 -4.099999904632568
endloop
endfacet
facet normal 0.7071067811865475 0.7071067811865475 0
outer loop
vertex -58.00981903076172 -59.79001235961914 -4.099999904632568
vertex -58.41987228393555 -59.37995910644531 -4.099999904632568
vertex -58.41987228393555 -59.37995910644531 0
endloop
endfacet
facet normal 0 1 0
outer loop
vertex -57.119869232177734 -59.79001235961914 -4.099999904632568
vertex -58.00981903076172 -59.79001235961914 -4.099999904632568
vertex -58.00981903076172 -59.79001235961914 0
endloop
endfacet
facet normal -1 0 0
outer loop
vertex 69.58013153076172 43.7918701171875 -4.099999904632568
vertex 69.58013153076172 -54.59688949584961 0
vertex 69.58013153076172 43.7918701171875 0
endloop
endfacet
facet normal 0 0 1
outer loop
vertex 67.26200866699219 -56.91501235961914 -4.099999904632568
vertex 64.52264404296875 -56.75307083129883 -4.099999904632568
vertex 64.68485260009766 -56.86145782470703 -4.099999904632568
endloop
endfacet
facet normal 0 0 1
outer loop
vertex 64.68485260009766 -56.86145782470703 -4.099999904632568
vertex 64.72063446044922 -56.91501235961914 -4.099999904632568
vertex 67.26200866699219 -56.91501235961914 -4.099999904632568
endloop
endfacet
facet normal 0 0 1
outer loop
vertex 67.26200866699219 46.109989166259766 -4.099999904632568
vertex 69.58013153076172 -54.59688949584961 -4.099999904632568
vertex 67.519287109375 46.003421783447266 -4.099999904632568
endloop
endfacet
facet normal 0 0 1
outer loop
vertex 41.880130767822266 -27.090011596679688 -4.099999904632568
vertex 53.331302642822266 -56.71501159667969 -4.099999904632568
vertex 64.331298828125 -56.71501159667969 -4.099999904632568
endloop
endfacet
facet normal 0 0 1
outer loop
vertex 41.880130767822266 -27.090011596679688 -4.099999904632568
vertex 53.13996124267578 -56.75307083129883 -4.099999904632568
vertex 53.331302642822266 -56.71501159667969 -4.099999904632568
endloop
endfacet
facet normal 0 0 1
outer loop
vertex 41.880130767822266 -27.090011596679688 -4.099999904632568
vertex 52.97774887084961 -56.86145782470703 -4.099999904632568
vertex 53.13996124267578 -56.75307083129883 -4.099999904632568
endloop
endfacet
facet normal 0 0 1
outer loop
vertex 41.880130767822266 -27.090011596679688 -4.099999904632568
vertex 52.94196319580078 -56.91501235961914 -4.099999904632568
vertex 52.97774887084961 -56.86145782470703 -4.099999904632568
endloop
endfacet
facet normal 0 0 1
outer loop
vertex 41.880130767822266 -27.090011596679688 -4.099999904632568
vertex 43.341651916503906 -56.91501235961914 -4.099999904632568
vertex 52.94196319580078 -56.91501235961914 -4.099999904632568
endloop
endfacet
facet normal 0 0 1
outer loop
vertex 41.880130767822266 -27.090011596679688 -4.099999904632568
vertex 42.58012771606445 -57.67653274536133 -4.099999904632568
vertex 43.341651916503906 -56.91501235961914 -4.099999904632568
endloop
endfacet
facet normal 0 0 1
outer loop
vertex 41.880130767822266 -27.090011596679688 -4.099999904632568
vertex 41.880130767822266 -59.79001235961914 -4.099999904632568
vertex 42.58012771606445 -57.67653274536133 -4.099999904632568
endloop
endfacet
facet normal 0 0 1
outer loop
vertex 69.58013153076172 -54.59688949584961 -4.099999904632568
vertex 69.47356414794922 44.04914855957031 -4.099999904632568
vertex 67.519287109375 46.003421783447266 -4.099999904632568
endloop
endfacet
facet normal 0 0 1
outer loop
vertex 69.58013153076172 -54.59688949584961 -4.099999904632568
vertex 69.58013153076172 43.7918701171875 -4.099999904632568
vertex 69.47356414794922 44.04914855957031 -4.099999904632568
endloop
endfacet
facet normal 0 0 1
outer loop
vertex 30.49825096130371 46.109989166259766 -4.099999904632568
vertex 69.58013153076172 -54.59688949584961 -4.099999904632568
vertex 67.26200866699219 46.109989166259766 -4.099999904632568
endloop
endfacet
facet normal 0 0 1
outer loop
vertex 30.49825096130371 46.109989166259766 -4.099999904632568
vertex 30.240970611572266 46.003421783447266 -4.099999904632568
vertex 69.58013153076172 -54.59688949584961 -4.099999904632568
endloop
endfacet
facet normal 0 0 1
outer loop
vertex 30.240970611572266 46.003421783447266 -4.099999904632568
vertex 28.286697387695312 44.04914855957031 -4.099999904632568
vertex 69.58013153076172 -54.59688949584961 -4.099999904632568
endloop
endfacet
facet normal 0 1 0
outer loop
vertex 67.26200866699219 -56.91501235961914 -4.099999904632568
vertex 64.72063446044922 -56.91501235961914 -4.099999904632568
vertex 64.72063446044922 -56.91501235961914 0
endloop
endfacet
facet normal -0.38269255819931874 0.9238757524141767 0
outer loop
vertex 67.26200866699219 -56.91501235961914 -4.099999904632568
vertex 67.26200866699219 -56.91501235961914 0
vertex 67.519287109375 -56.808441162109375 -4.099999904632568
endloop
endfacet
facet normal 0 0 1
outer loop
vertex 28.286697387695312 44.04914855957031 -4.099999904632568
vertex 28.180130004882812 43.7918701171875 -4.099999904632568
vertex 69.58013153076172 -54.59688949584961 -4.099999904632568
endloop
endfacet
facet normal 0 0 1
outer loop
vertex 28.180130004882812 43.7918701171875 -4.099999904632568
vertex 28.180130004882812 40.49650955200195 -4.099999904632568
vertex 69.58013153076172 -54.59688949584961 -4.099999904632568
endloop
endfacet
facet normal 0 0 1
outer loop
vertex -59.24835205078125 56.997886657714844 -4.099999904632568
vertex -54.513267517089844 28.771690368652344 -4.099999904632568
vertex -43.405582427978516 50.635459899902344 -4.099999904632568
endloop
endfacet
facet normal 0 1 0
outer loop
vertex 67.26200866699219 -56.91501235961914 0
vertex 67.26200866699219 -56.91501235961914 -4.099999904632568
vertex 64.72063446044922 -56.91501235961914 0
endloop
endfacet
facet normal -0.38269255819931874 0.9238757524141767 0
outer loop
vertex 67.519287109375 -56.808441162109375 -4.099999904632568
vertex 67.26200866699219 -56.91501235961914 0
vertex 67.519287109375 -56.808441162109375 0
endloop
endfacet
facet normal 0 0 1
outer loop
vertex -43.272613525390625 50.597843170166016 -4.099999904632568
vertex -54.513267517089844 28.771690368652344 -4.099999904632568
vertex -27.287254333496094 47.86231231689453 -4.099999904632568
endloop
endfacet
facet normal 0 0 1
outer loop
vertex -54.513267517089844 28.771690368652344 -4.099999904632568
vertex -43.272613525390625 50.597843170166016 -4.099999904632568
vertex -43.405582427978516 50.635459899902344 -4.099999904632568
endloop
endfacet
facet normal 0 0 1
outer loop
vertex 28.180130004882812 40.49650955200195 -4.099999904632568
vertex 27.418607711791992 39.734989166259766 -4.099999904632568
vertex 69.58013153076172 -54.59688949584961 -4.099999904632568
endloop
endfacet
facet normal 0 0 1
outer loop
vertex 14.214447975158691 39.734989166259766 -4.099999904632568
vertex 69.58013153076172 -54.59688949584961 -4.099999904632568
vertex 27.418607711791992 39.734989166259766 -4.099999904632568
endloop
endfacet
facet normal 1 0 0
outer loop
vertex -56.81986999511719 24.666868209838867 0
vertex -56.81986999511719 -25.628488540649414 -4.099999904632568
vertex -56.81986999511719 24.666868209838867 -4.099999904632568
endloop
endfacet
facet normal 0.7071067811865475 0.7071067811865475 0
outer loop
vertex -58.00981903076172 -59.79001235961914 0
vertex -58.00981903076172 -59.79001235961914 -4.099999904632568
vertex -58.41987228393555 -59.37995910644531 0
endloop
endfacet
facet normal 0 1 0
outer loop
vertex -57.119869232177734 -59.79001235961914 -4.099999904632568
vertex -58.00981903076172 -59.79001235961914 0
vertex -57.119869232177734 -59.79001235961914 0
endloop
endfacet
facet normal 0 0 1
outer loop
vertex -58.41987228393555 -59.37995910644531 -4.099999904632568
vertex -58.00981903076172 -59.79001235961914 -4.099999904632568
vertex -57.58139419555664 -26.390010833740234 -4.099999904632568
endloop
endfacet
facet normal 0 0 1
outer loop
vertex -58.41987228393555 -59.37995910644531 -4.099999904632568
vertex -57.58139419555664 -26.390010833740234 -4.099999904632568
vertex -58.41987228393555 -26.80006217956543 -4.099999904632568
endloop
endfacet
facet normal 0.010301519251488603 -0.9999469379427646 0
outer loop
vertex -59.52643585205078 56.99502182006836 0
vertex -59.52643585205078 56.99502182006836 -4.099999904632568
vertex -59.24835205078125 56.997886657714844 0
endloop
endfacet
facet normal 0.9238815986068825 -0.3826784443309961 0
outer loop
vertex -56.81986999511719 24.666868209838867 -4.099999904632568
vertex -56.71330261230469 24.924148559570312 -4.099999904632568
vertex -56.71330261230469 24.924148559570312 0
endloop
endfacet
facet normal 0.707106509112996 -0.7071070532599945 0
outer loop
vertex -56.71330261230469 24.924148559570312 -4.099999904632568
vertex -54.234745025634766 27.4027042388916 -4.099999904632568
vertex -54.234745025634766 27.4027042388916 0
endloop
endfacet
facet normal 0.3916921663639527 -0.9200963247449223 0
outer loop
vertex -62.06563186645508 55.914066314697266 0
vertex -62.06563186645508 55.914066314697266 -4.099999904632568
vertex -59.52643585205078 56.99502182006836 0
endloop
endfacet
facet normal 0.7136195754555852 -0.7005334406911568 0
outer loop
vertex -62.26044845581055 55.71561050415039 0
vertex -62.26044845581055 55.71561050415039 -4.099999904632568
vertex -62.06563186645508 55.914066314697266 0
endloop
endfacet
facet normal 0 0 1
outer loop
vertex -57.58139419555664 -26.390010833740234 -4.099999904632568
vertex -58.00981903076172 -59.79001235961914 -4.099999904632568
vertex -57.119869232177734 -27.090011596679688 -4.099999904632568
endloop
endfacet
facet normal 1 0 0
outer loop
vertex -58.41987228393555 -59.37995910644531 0
vertex -58.41987228393555 -59.37995910644531 -4.099999904632568
vertex -58.41987228393555 -26.80006217956543 0
endloop
endfacet
facet normal 1 0 0
outer loop
vertex -58.41987228393555 -26.80006217956543 0
vertex -58.41987228393555 -59.37995910644531 -4.099999904632568
vertex -58.41987228393555 -26.80006217956543 -4.099999904632568
endloop
endfacet
facet normal 0.010301519251488603 -0.9999469379427646 0
outer loop
vertex -59.52643585205078 56.99502182006836 -4.099999904632568
vertex -59.24835205078125 56.997886657714844 -4.099999904632568
vertex -59.24835205078125 56.997886657714844 0
endloop
endfacet
facet normal 0.3916921663639527 -0.9200963247449223 0
outer loop
vertex -62.06563186645508 55.914066314697266 -4.099999904632568
vertex -59.52643585205078 56.99502182006836 -4.099999904632568
vertex -59.52643585205078 56.99502182006836 0
endloop
endfacet
facet normal 0.3826784443309961 -0.9238815986068825 0
outer loop
vertex 30.240970611572266 46.003421783447266 0
vertex 30.240970611572266 46.003421783447266 -4.099999904632568
vertex 30.49825096130371 46.109989166259766 0
endloop
endfacet
facet normal 0.7136195754555852 -0.7005334406911568 0
outer loop
vertex -62.26044845581055 55.71561050415039 -4.099999904632568
vertex -62.06563186645508 55.914066314697266 -4.099999904632568
vertex -62.06563186645508 55.914066314697266 0
endloop
endfacet
facet normal 0.7071067811865476 -0.7071067811865476 0
outer loop
vertex 28.286697387695312 44.04914855957031 0
vertex 28.286697387695312 44.04914855957031 -4.099999904632568
vertex 30.240970611572266 46.003421783447266 0
endloop
endfacet
facet normal 0.3826784443309961 -0.9238815986068825 0
outer loop
vertex 30.240970611572266 46.003421783447266 -4.099999904632568
vertex 30.49825096130371 46.109989166259766 -4.099999904632568
vertex 30.49825096130371 46.109989166259766 0
endloop
endfacet
facet normal 0.7071067811865476 -0.7071067811865476 0
outer loop
vertex 28.286697387695312 44.04914855957031 -4.099999904632568
vertex 30.240970611572266 46.003421783447266 -4.099999904632568
vertex 30.240970611572266 46.003421783447266 0
endloop
endfacet
facet normal 0.9238805955815449 -0.38268086587637207 0
outer loop
vertex 28.180130004882812 43.7918701171875 0
vertex 28.180130004882812 43.7918701171875 -4.099999904632568
vertex 28.286697387695312 44.04914855957031 0
endloop
endfacet
facet normal 1 0 0
outer loop
vertex 28.180130004882812 40.49650955200195 0
vertex 28.180130004882812 40.49650955200195 -4.099999904632568
vertex 28.180130004882812 43.7918701171875 0
endloop
endfacet
facet normal 0.7071058956565386 -0.7071076667154473 0
outer loop
vertex 27.418607711791992 39.734989166259766 0
vertex 27.418607711791992 39.734989166259766 -4.099999904632568
vertex 28.180130004882812 40.49650955200195 0
endloop
endfacet
facet normal 0.9238805955815449 -0.38268086587637207 0
outer loop
vertex 28.180130004882812 43.7918701171875 -4.099999904632568
vertex 28.286697387695312 44.04914855957031 -4.099999904632568
vertex 28.286697387695312 44.04914855957031 0
endloop
endfacet
facet normal 0.9271838376576479 -0.3746066352674984 0
outer loop
vertex -62.26044845581055 55.71561050415039 0
vertex -69.66331481933594 37.39287567138672 -4.099999904632568
vertex -62.26044845581055 55.71561050415039 -4.099999904632568
endloop
endfacet
facet normal 0.9238815986068825 -0.3826784443309961 0
outer loop
vertex -56.81986999511719 24.666868209838867 0
vertex -56.81986999511719 24.666868209838867 -4.099999904632568
vertex -56.71330261230469 24.924148559570312 0
endloop
endfacet
facet normal 0.707106509112996 -0.7071070532599945 0
outer loop
vertex -56.71330261230469 24.924148559570312 0
vertex -56.71330261230469 24.924148559570312 -4.099999904632568
vertex -54.234745025634766 27.4027042388916 0
endloop
endfacet
facet normal 1 0 0
outer loop
vertex 28.180130004882812 40.49650955200195 -4.099999904632568
vertex 28.180130004882812 43.7918701171875 -4.099999904632568
vertex 28.180130004882812 43.7918701171875 0
endloop
endfacet
facet normal 0.7071058956565386 -0.7071076667154473 0
outer loop
vertex 27.418607711791992 39.734989166259766 -4.099999904632568
vertex 28.180130004882812 40.49650955200195 -4.099999904632568
vertex 28.180130004882812 40.49650955200195 0
endloop
endfacet
facet normal 0 -1 0
outer loop
vertex 14.214447975158691 39.734989166259766 0
vertex 14.214447975158691 39.734989166259766 -4.099999904632568
vertex 27.418607711791992 39.734989166259766 0
endloop
endfacet
facet normal 0 -1 0
outer loop
vertex 14.214447975158691 39.734989166259766 -4.099999904632568
vertex 27.418607711791992 39.734989166259766 -4.099999904632568
vertex 27.418607711791992 39.734989166259766 0
endloop
endfacet
facet normal -0.8048939394264393 -0.5934186939038804 0
outer loop
vertex 9.884248733520508 51.68131637573242 0
vertex 9.884248733520508 51.68131637573242 -4.099999904632568
vertex 10.04875373840332 51.458187103271484 0
endloop
endfacet
facet normal 0 0 1
outer loop
vertex -59.52643585205078 56.99502182006836 -4.099999904632568
vertex -54.513267517089844 28.771690368652344 -4.099999904632568
vertex -59.24835205078125 56.997886657714844 -4.099999904632568
endloop
endfacet
facet normal 0 0 1
outer loop
vertex -62.06563186645508 55.914066314697266 -4.099999904632568
vertex -54.513267517089844 28.771690368652344 -4.099999904632568
vertex -59.52643585205078 56.99502182006836 -4.099999904632568
endloop
endfacet
facet normal 0 0 1
outer loop
vertex -62.26044845581055 55.71561050415039 -4.099999904632568
vertex -54.513267517089844 28.771690368652344 -4.099999904632568
vertex -62.06563186645508 55.914066314697266 -4.099999904632568
endloop
endfacet
facet normal -0.9702966294727946 -0.24191827304636218 0
outer loop
vertex 10.04875373840332 51.458187103271484 -4.099999904632568
vertex 12.856470108032227 40.19687271118164 0
vertex 10.04875373840332 51.458187103271484 0
endloop
endfacet
facet normal 0.9799248283154003 0.19936732643799332 0
outer loop
vertex -54.234745025634766 27.4027042388916 -4.099999904632568
vertex -54.513267517089844 28.771690368652344 -4.099999904632568
vertex -54.513267517089844 28.771690368652344 0
endloop
endfacet
facet normal 0.9799248283154003 0.19936732643799332 0
outer loop
vertex -54.234745025634766 27.4027042388916 0
vertex -54.234745025634766 27.4027042388916 -4.099999904632568
vertex -54.513267517089844 28.771690368652344 0
endloop
endfacet
facet normal -0.8048939394264393 -0.5934186939038804 0
outer loop
vertex 9.884248733520508 51.68131637573242 -4.099999904632568
vertex 10.04875373840332 51.458187103271484 -4.099999904632568
vertex 10.04875373840332 51.458187103271484 0
endloop
endfacet
facet normal -0.5180148085117577 -0.855371649145871 0
outer loop
vertex 9.884248733520508 51.68131637573242 0
vertex 7.531723499298096 53.10601043701172 -4.099999904632568
vertex 9.884248733520508 51.68131637573242 -4.099999904632568
endloop
endfacet
facet normal -0.5180148085117577 -0.855371649145871 0
outer loop
vertex 7.531723499298096 53.10601043701172 0
vertex 7.531723499298096 53.10601043701172 -4.099999904632568
vertex 9.884248733520508 51.68131637573242 0
endloop
endfacet
facet normal -0.15296553454529968 -0.9882315241082278 0
outer loop
vertex 7.257771968841553 53.148414611816406 0
vertex 7.257771968841553 53.148414611816406 -4.099999904632568
vertex 7.531723499298096 53.10601043701172 0
endloop
endfacet
facet normal 0 1 0
outer loop
vertex 52.94196319580078 -56.91501235961914 -4.099999904632568
vertex 43.341651916503906 -56.91501235961914 0
vertex 52.94196319580078 -56.91501235961914 0
endloop
endfacet
facet normal 0.37460638353782455 0.9271839393630112 0
outer loop
vertex -54.513267517089844 28.771690368652344 0
vertex -54.513267517089844 28.771690368652344 -4.099999904632568
vertex -68.38236999511719 34.37516784667969 0
endloop
endfacet
facet normal 0.9271838376576479 -0.3746066352674984 0
outer loop
vertex -69.66331481933594 37.39287567138672 0
vertex -69.66331481933594 37.39287567138672 -4.099999904632568
vertex -62.26044845581055 55.71561050415039 0
endloop
endfacet
facet normal -0.15296553454529968 -0.9882315241082278 0
outer loop
vertex 7.257771968841553 53.148414611816406 -4.099999904632568
vertex 7.531723499298096 53.10601043701172 -4.099999904632568
vertex 7.531723499298096 53.10601043701172 0
endloop
endfacet
facet normal 0 1 0
outer loop
vertex 43.341651916503906 -56.91501235961914 -4.099999904632568
vertex 43.341651916503906 -56.91501235961914 0
vertex 52.94196319580078 -56.91501235961914 -4.099999904632568
endloop
endfacet
facet normal 0 0 1
outer loop
vertex -27.287254333496094 47.86231231689453 -4.099999904632568
vertex 41.880130767822266 -27.090011596679688 -4.099999904632568
vertex 69.58013153076172 -54.59688949584961 -4.099999904632568
endloop
endfacet
facet normal 0.9999618086896929 0.008739631687772597 0
outer loop
vertex -69.66088104248047 37.114410400390625 0
vertex -69.66088104248047 37.114410400390625 -4.099999904632568
vertex -69.66331481933594 37.39287567138672 0
endloop
endfacet
facet normal 0.23517234011819513 -0.9719536873963349 0
outer loop
vertex 7.257771968841553 53.148414611816406 0
vertex -10.879693031311035 48.75990295410156 -4.099999904632568
vertex 7.257771968841553 53.148414611816406 -4.099999904632568
endloop
endfacet
facet normal 0 0 1
outer loop
vertex 9.884248733520508 51.68131637573242 -4.099999904632568
vertex 7.257771968841553 53.148414611816406 -4.099999904632568
vertex 10.04875373840332 51.458187103271484 -4.099999904632568
endloop
endfacet
facet normal 0.9999618086896929 0.008739631687772597 0
outer loop
vertex -69.66088104248047 37.114410400390625 -4.099999904632568
vertex -69.66331481933594 37.39287567138672 -4.099999904632568
vertex -69.66331481933594 37.39287567138672 0
endloop
endfacet
facet normal -0.7071054009287083 0.7071081614416926 0
outer loop
vertex 67.519287109375 -56.808441162109375 -4.099999904632568
vertex 67.519287109375 -56.808441162109375 0
vertex 69.47356414794922 -54.85417175292969 -4.099999904632568
endloop
endfacet
facet normal -0.9238826016131793 0.38267602281363744 0
outer loop
vertex 69.47356414794922 -54.85417175292969 -4.099999904632568
vertex 69.47356414794922 -54.85417175292969 0
vertex 69.58013153076172 -54.59688949584961 -4.099999904632568
endloop
endfacet
facet normal 0 0 1
outer loop
vertex 7.257771968841553 53.148414611816406 -4.099999904632568
vertex 9.884248733520508 51.68131637573242 -4.099999904632568
vertex 7.531723499298096 53.10601043701172 -4.099999904632568
endloop
endfacet
facet normal 0 0 1
outer loop
vertex -10.879693031311035 48.75990295410156 -4.099999904632568
vertex 10.04875373840332 51.458187103271484 -4.099999904632568
vertex 7.257771968841553 53.148414611816406 -4.099999904632568
endloop
endfacet
facet normal -0.7071054009287083 0.7071081614416926 0
outer loop
vertex 69.47356414794922 -54.85417175292969 0
vertex 69.47356414794922 -54.85417175292969 -4.099999904632568
vertex 67.519287109375 -56.808441162109375 0
endloop
endfacet
facet normal -0.9238826016131793 0.38267602281363744 0
outer loop
vertex 69.58013153076172 -54.59688949584961 -4.099999904632568
vertex 69.47356414794922 -54.85417175292969 0
vertex 69.58013153076172 -54.59688949584961 0
endloop
endfacet
facet normal 0 0 1
outer loop
vertex -10.879693031311035 48.75990295410156 -4.099999904632568
vertex 12.856470108032227 40.19687271118164 -4.099999904632568
vertex 10.04875373840332 51.458187103271484 -4.099999904632568
endloop
endfacet
facet normal 0.19508964947525603 -0.9807854141796879 0
outer loop
vertex 13.735308647155762 39.63968276977539 0
vertex 13.735308647155762 39.63968276977539 -4.099999904632568
vertex 14.214447975158691 39.734989166259766 0
endloop
endfacet
facet normal -0.5354581989389854 -0.8445617308338199 0
outer loop
vertex 12.856470108032227 40.19687271118164 0
vertex 12.856470108032227 40.19687271118164 -4.099999904632568
vertex 13.735308647155762 39.63968276977539 0
endloop
endfacet
facet normal 0.19508964947525603 -0.9807854141796879 0
outer loop
vertex 13.735308647155762 39.63968276977539 -4.099999904632568
vertex 14.214447975158691 39.734989166259766 -4.099999904632568
vertex 14.214447975158691 39.734989166259766 0
endloop
endfacet
facet normal -0.9702966294727946 -0.24191827304636218 0
outer loop
vertex 12.856470108032227 40.19687271118164 0
vertex 10.04875373840332 51.458187103271484 -4.099999904632568
vertex 12.856470108032227 40.19687271118164 -4.099999904632568
endloop
endfacet
facet normal 0 0 1
outer loop
vertex 64.331298828125 -56.71501159667969 -4.099999904632568
vertex 64.52264404296875 -56.75307083129883 -4.099999904632568
vertex 41.880130767822266 -27.090011596679688 -4.099999904632568
endloop
endfacet
facet normal 0 0 1
outer loop
vertex 41.880130767822266 -27.090011596679688 -4.099999904632568
vertex 64.52264404296875 -56.75307083129883 -4.099999904632568
vertex 67.26200866699219 -56.91501235961914 -4.099999904632568
endloop
endfacet
facet normal 0 0 1
outer loop
vertex 41.880130767822266 -27.090011596679688 -4.099999904632568
vertex 67.26200866699219 -56.91501235961914 -4.099999904632568
vertex 67.519287109375 -56.808441162109375 -4.099999904632568
endloop
endfacet
facet normal 0 0 1
outer loop
vertex 41.880130767822266 -27.090011596679688 -4.099999904632568
vertex 67.519287109375 -56.808441162109375 -4.099999904632568
vertex 69.47356414794922 -54.85417175292969 -4.099999904632568
endloop
endfacet
facet normal -0.5354581989389854 -0.8445617308338199 0
outer loop
vertex 12.856470108032227 40.19687271118164 -4.099999904632568
vertex 13.735308647155762 39.63968276977539 -4.099999904632568
vertex 13.735308647155762 39.63968276977539 0
endloop
endfacet
facet normal 0.9205046800611506 0.390731536973302 0
outer loop
vertex -68.58099365234375 34.57035827636719 0
vertex -68.58099365234375 34.57035827636719 -4.099999904632568
vertex -69.66088104248047 37.114410400390625 0
endloop
endfacet
facet normal -0.7071060910586383 -0.7071074713137833 0
outer loop
vertex 67.519287109375 46.003421783447266 0
vertex 67.519287109375 46.003421783447266 -4.099999904632568
vertex 69.47356414794922 44.04914855957031 0
endloop
endfacet
facet normal 0 0 1
outer loop
vertex -10.879693031311035 48.75990295410156 -4.099999904632568
vertex 13.735308647155762 39.63968276977539 -4.099999904632568
vertex 12.856470108032227 40.19687271118164 -4.099999904632568
endloop
endfacet
facet normal 0.37460638353782455 0.9271839393630112 0
outer loop
vertex -54.513267517089844 28.771690368652344 -4.099999904632568
vertex -68.38236999511719 34.37516784667969 -4.099999904632568
vertex -68.38236999511719 34.37516784667969 0
endloop
endfacet
facet normal 0.9205046800611506 0.390731536973302 0
outer loop
vertex -68.58099365234375 34.57035827636719 -4.099999904632568
vertex -69.66088104248047 37.114410400390625 -4.099999904632568
vertex -69.66088104248047 37.114410400390625 0
endloop
endfacet
facet normal 0.7009156678336095 0.7132441563625778 0
outer loop
vertex -68.38236999511719 34.37516784667969 -4.099999904632568
vertex -68.58099365234375 34.57035827636719 -4.099999904632568
vertex -68.58099365234375 34.57035827636719 0
endloop
endfacet
facet normal 0 0 1
outer loop
vertex -69.66331481933594 37.39287567138672 -4.099999904632568
vertex -54.513267517089844 28.771690368652344 -4.099999904632568
vertex -62.26044845581055 55.71561050415039 -4.099999904632568
endloop
endfacet
facet normal 0 0 1
outer loop
vertex -69.66088104248047 37.114410400390625 -4.099999904632568
vertex -54.513267517089844 28.771690368652344 -4.099999904632568
vertex -69.66331481933594 37.39287567138672 -4.099999904632568
endloop
endfacet
facet normal 0 0 1
outer loop
vertex -68.58099365234375 34.57035827636719 -4.099999904632568
vertex -54.513267517089844 28.771690368652344 -4.099999904632568
vertex -69.66088104248047 37.114410400390625 -4.099999904632568
endloop
endfacet
facet normal 0 0 1
outer loop
vertex -54.513267517089844 28.771690368652344 -4.099999904632568
vertex -68.58099365234375 34.57035827636719 -4.099999904632568
vertex -68.38236999511719 34.37516784667969 -4.099999904632568
endloop
endfacet
facet normal 0 0 1
outer loop
vertex -58.41987228393555 -26.80006217956543 -4.099999904632568
vertex -57.58139419555664 -26.390010833740234 -4.099999904632568
vertex -58.00981903076172 -26.390010833740234 -4.099999904632568
endloop
endfacet
facet normal 0.7071051366393492 -0.7071084257299212 0
outer loop
vertex -58.41987228393555 -26.80006217956543 -4.099999904632568
vertex -58.00981903076172 -26.390010833740234 -4.099999904632568
vertex -58.00981903076172 -26.390010833740234 0
endloop
endfacet
facet normal -0.7071050101276388 0.7071085522410203 0
outer loop
vertex 43.341651916503906 -56.91501235961914 -4.099999904632568
vertex 42.58012771606445 -57.67653274536133 0
vertex 43.341651916503906 -56.91501235961914 0
endloop
endfacet
facet normal -1 0 0
outer loop
vertex 42.58012771606445 -57.67653274536133 0
vertex 42.58012771606445 -57.67653274536133 -4.099999904632568
vertex 42.58012771606445 -59.37995910644531 0
endloop
endfacet
facet normal -0.7071100702771196 0.7071034920806764 0
outer loop
vertex 42.58012771606445 -59.37995910644531 0
vertex 42.58012771606445 -59.37995910644531 -4.099999904632568
vertex 42.17007827758789 -59.79001235961914 0
endloop
endfacet
facet normal 0 1 0
outer loop
vertex 42.17007827758789 -59.79001235961914 0
vertex 42.17007827758789 -59.79001235961914 -4.099999904632568
vertex 41.880130767822266 -59.79001235961914 0
endloop
endfacet
facet normal 0 -1 0
outer loop
vertex -58.00981903076172 -26.390010833740234 -4.099999904632568
vertex -57.58139419555664 -26.390010833740234 -4.099999904632568
vertex -57.58139419555664 -26.390010833740234 0
endloop
endfacet
facet normal 0.7071058956587566 -0.7071076667132294 0
outer loop
vertex -57.58139419555664 -26.390010833740234 -4.099999904632568
vertex -56.81986999511719 -25.628488540649414 -4.099999904632568
vertex -56.81986999511719 -25.628488540649414 0
endloop
endfacet
facet normal 0.7071051366393492 -0.7071084257299212 0
outer loop
vertex -58.41987228393555 -26.80006217956543 0
vertex -58.41987228393555 -26.80006217956543 -4.099999904632568
vertex -58.00981903076172 -26.390010833740234 0
endloop
endfacet
facet normal 0 -1 0
outer loop
vertex -58.00981903076172 -26.390010833740234 0
vertex -58.00981903076172 -26.390010833740234 -4.099999904632568
vertex -57.58139419555664 -26.390010833740234 0
endloop
endfacet
facet normal 0.7071058956587566 -0.7071076667132294 0
outer loop
vertex -57.58139419555664 -26.390010833740234 0
vertex -57.58139419555664 -26.390010833740234 -4.099999904632568
vertex -56.81986999511719 -25.628488540649414 0
endloop
endfacet
facet normal 1 0 0
outer loop
vertex -56.81986999511719 -25.628488540649414 0
vertex -56.81986999511719 -25.628488540649414 -4.099999904632568
vertex -56.81986999511719 24.666868209838867 0
endloop
endfacet
facet normal 0 0 1
outer loop
vertex -57.58139419555664 -26.390010833740234 -4.099999904632568
vertex -57.119869232177734 -27.090011596679688 -4.099999904632568
vertex -24.619871139526367 -27.090011596679688 -4.099999904632568
endloop
endfacet
facet normal 0 0 1
outer loop
vertex -56.81986999511719 -25.628488540649414 -4.099999904632568
vertex -57.58139419555664 -26.390010833740234 -4.099999904632568
vertex -24.619871139526367 -27.090011596679688 -4.099999904632568
endloop
endfacet
facet normal 0 0 1
outer loop
vertex -56.81986999511719 -25.628488540649414 -4.099999904632568
vertex -24.619871139526367 -27.090011596679688 -4.099999904632568
vertex -56.81986999511719 24.666868209838867 -4.099999904632568
endloop
endfacet
facet normal 0 0 1
outer loop
vertex 13.735308647155762 39.63968276977539 -4.099999904632568
vertex 69.58013153076172 -54.59688949584961 -4.099999904632568
vertex 14.214447975158691 39.734989166259766 -4.099999904632568
endloop
endfacet
facet normal 0 0 1
outer loop
vertex -10.879693031311035 48.75990295410156 -4.099999904632568
vertex 69.58013153076172 -54.59688949584961 -4.099999904632568
vertex 13.735308647155762 39.63968276977539 -4.099999904632568
endloop
endfacet
facet normal 0 0 1
outer loop
vertex -10.879693031311035 48.75990295410156 -4.099999904632568
vertex -10.997074127197266 48.742618560791016 -4.099999904632568
vertex 69.58013153076172 -54.59688949584961 -4.099999904632568
endloop
endfacet
facet normal 0 0 1
outer loop
vertex -10.997074127197266 48.742618560791016 -4.099999904632568
vertex -27.14143180847168 47.85395431518555 -4.099999904632568
vertex 69.58013153076172 -54.59688949584961 -4.099999904632568
endloop
endfacet
facet normal 0 0 1
outer loop
vertex 42.17007827758789 -59.79001235961914 -4.099999904632568
vertex 42.58012771606445 -59.37995910644531 -4.099999904632568
vertex 41.880130767822266 -59.79001235961914 -4.099999904632568
endloop
endfacet
facet normal 0 0 1
outer loop
vertex 42.58012771606445 -59.37995910644531 -4.099999904632568
vertex 42.58012771606445 -57.67653274536133 -4.099999904632568
vertex 41.880130767822266 -59.79001235961914 -4.099999904632568
endloop
endfacet
facet normal 0 0 1
outer loop
vertex -27.14143180847168 47.85395431518555 -4.099999904632568
vertex -27.287254333496094 47.86231231689453 -4.099999904632568
vertex 69.58013153076172 -54.59688949584961 -4.099999904632568
endloop
endfacet
facet normal 0 1 0
outer loop
vertex 42.17007827758789 -59.79001235961914 -4.099999904632568
vertex 41.880130767822266 -59.79001235961914 -4.099999904632568
vertex 41.880130767822266 -59.79001235961914 0
endloop
endfacet
facet normal -0.7071100702771196 0.7071034920806764 0
outer loop
vertex 42.58012771606445 -59.37995910644531 -4.099999904632568
vertex 42.17007827758789 -59.79001235961914 -4.099999904632568
vertex 42.17007827758789 -59.79001235961914 0
endloop
endfacet
facet normal -1 0 0
outer loop
vertex 42.58012771606445 -57.67653274536133 -4.099999904632568
vertex 42.58012771606445 -59.37995910644531 -4.099999904632568
vertex 42.58012771606445 -59.37995910644531 0
endloop
endfacet
facet normal -0.05722234463451988 -0.9983614592293356 0
outer loop
vertex -27.287254333496094 47.86231231689453 -4.099999904632568
vertex -27.14143180847168 47.85395431518555 -4.099999904632568
vertex -27.14143180847168 47.85395431518555 0
endloop
endfacet
facet normal 0 -1 0
outer loop
vertex 41.880130767822266 -27.090011596679688 -4.099999904632568
vertex -24.619871139526367 -27.090011596679688 -11.899999618530273
vertex 41.880130767822266 -27.090011596679688 -11.899999618530273
endloop
endfacet
facet normal 0 -1 0
outer loop
vertex -24.619871139526367 -27.090011596679688 -8.199999809265137
vertex -24.619871139526367 -27.090011596679688 -11.899999618530273
vertex 41.880130767822266 -27.090011596679688 -4.099999904632568
endloop
endfacet
facet normal 0 1 0
outer loop
vertex 41.880130767822266 -60.09001159667969 -11.899999618530273
vertex -19.119871139526367 -60.09001159667969 0
vertex 41.880130767822266 -60.09001159667969 0
endloop
endfacet
facet normal 0 1 0
outer loop
vertex -19.119871139526367 -42.09001159667969 -11.899999618530273
vertex -24.619871139526367 -42.09001159667969 -11.899999618530273
vertex -19.119871139526367 -42.09001159667969 -8.199999809265137
endloop
endfacet
facet normal 1 0 0
outer loop
vertex -24.619871139526367 -42.09001159667969 -8.199999809265137
vertex -24.619871139526367 -27.090011596679688 -11.899999618530273
vertex -24.619871139526367 -27.090011596679688 -8.199999809265137
endloop
endfacet
facet normal 0 1 0
outer loop
vertex -19.119871139526367 -42.09001159667969 -8.199999809265137
vertex -24.619871139526367 -42.09001159667969 -11.899999618530273
vertex -24.619871139526367 -42.09001159667969 -8.199999809265137
endloop
endfacet
facet normal 1 0 0
outer loop
vertex -19.119871139526367 -60.09001159667969 -8.199999809265137
vertex -19.119871139526367 -42.09001159667969 -11.899999618530273
vertex -19.119871139526367 -42.09001159667969 -8.199999809265137
endloop
endfacet
facet normal 0 0 1
outer loop
vertex -19.119871139526367 -42.09001159667969 -11.899999618530273
vertex -19.119871139526367 -60.09001159667969 -11.899999618530273
vertex 41.880130767822266 -60.09001159667969 -11.899999618530273
endloop
endfacet
facet normal 0 0 1
outer loop
vertex 41.880130767822266 -27.090011596679688 -11.899999618530273
vertex -19.119871139526367 -42.09001159667969 -11.899999618530273
vertex 41.880130767822266 -60.09001159667969 -11.899999618530273
endloop
endfacet
facet normal 0 0 1
outer loop
vertex -24.619871139526367 -42.09001159667969 -11.899999618530273
vertex -19.119871139526367 -42.09001159667969 -11.899999618530273
vertex -24.619871139526367 -27.090011596679688 -11.899999618530273
endloop
endfacet
facet normal 1 0 0
outer loop
vertex -24.619871139526367 -42.09001159667969 -8.199999809265137
vertex -24.619871139526367 -42.09001159667969 -11.899999618530273
vertex -24.619871139526367 -27.090011596679688 -11.899999618530273
endloop
endfacet
facet normal -1 0 0
outer loop
vertex 41.880130767822266 -59.79001235961914 0
vertex 41.880130767822266 -60.09001159667969 -11.899999618530273
vertex 41.880130767822266 -60.09001159667969 0
endloop
endfacet
facet normal -1 0 0
outer loop
vertex 41.880130767822266 -59.79001235961914 -4.099999904632568
vertex 41.880130767822266 -60.09001159667969 -11.899999618530273
vertex 41.880130767822266 -59.79001235961914 0
endloop
endfacet
facet normal 0 0 1
outer loop
vertex -24.619871139526367 -27.090011596679688 -11.899999618530273
vertex -19.119871139526367 -42.09001159667969 -11.899999618530273
vertex 41.880130767822266 -27.090011596679688 -11.899999618530273
endloop
endfacet
facet normal -1 0 0
outer loop
vertex 41.880130767822266 -60.09001159667969 -11.899999618530273
vertex 41.880130767822266 -59.79001235961914 -4.099999904632568
vertex 41.880130767822266 -27.090011596679688 -4.099999904632568
endloop
endfacet
facet normal 0 -1 0
outer loop
vertex -24.619871139526367 -27.090011596679688 -4.099999904632568
vertex -24.619871139526367 -27.090011596679688 -8.199999809265137
vertex 41.880130767822266 -27.090011596679688 -4.099999904632568
endloop
endfacet
facet normal 0 1 0
outer loop
vertex 41.880130767822266 -60.09001159667969 -11.899999618530273
vertex -19.119871139526367 -60.09001159667969 -8.199999809265137
vertex -19.119871139526367 -60.09001159667969 0
endloop
endfacet
facet normal -1 0 0
outer loop
vertex 41.880130767822266 -27.090011596679688 -11.899999618530273
vertex 41.880130767822266 -60.09001159667969 -11.899999618530273
vertex 41.880130767822266 -27.090011596679688 -4.099999904632568
endloop
endfacet
facet normal 0 1 0
outer loop
vertex 41.880130767822266 -60.09001159667969 -11.899999618530273
vertex -19.119871139526367 -60.09001159667969 -11.899999618530273
vertex -19.119871139526367 -60.09001159667969 -8.199999809265137
endloop
endfacet
facet normal 1 0 0
outer loop
vertex -19.119871139526367 -60.09001159667969 -11.899999618530273
vertex -19.119871139526367 -42.09001159667969 -11.899999618530273
vertex -19.119871139526367 -60.09001159667969 -8.199999809265137
endloop
endfacet
facet normal 1 0 0
outer loop
vertex -57.119869232177734 -59.79001235961914 -4.099999904632568
vertex -57.119869232177734 -60.09001159667969 -8.199999809265137
vertex -57.119869232177734 -27.090011596679688 -4.099999904632568
endloop
endfacet
facet normal 0 0 1
outer loop
vertex -21.619871139526367 -60.09001159667969 -8.199999809265137
vertex -19.119871139526367 -60.09001159667969 -8.199999809265137
vertex -19.119871139526367 -42.09001159667969 -8.199999809265137
endloop
endfacet
facet normal 0 1 0
outer loop
vertex -30.752553939819336 -60.09001159667969 -5.776120662689209
vertex -57.119869232177734 -60.09001159667969 -8.199999809265137
vertex -30.369871139526367 -60.09001159667969 -5.699999809265137
endloop
endfacet
facet normal 0 0 1
outer loop
vertex -57.119869232177734 -27.090011596679688 -8.199999809265137
vertex -57.119869232177734 -60.09001159667969 -8.199999809265137
vertex -31.619871139526367 -51.09001159667969 -8.199999809265137
endloop
endfacet
facet normal 0 0 1
outer loop
vertex -57.119869232177734 -27.090011596679688 -8.199999809265137
vertex -31.619871139526367 -51.09001159667969 -8.199999809265137
vertex -21.619871139526367 -51.09001159667969 -8.199999809265137
endloop
endfacet
facet normal 0 0 1
outer loop
vertex -57.119869232177734 -27.090011596679688 -8.199999809265137
vertex -21.619871139526367 -51.09001159667969 -8.199999809265137
vertex -33.16987228393555 -38.99000930786133 -8.199999809265137
endloop
endfacet
facet normal 0 1 0
outer loop
vertex -19.119871139526367 -60.09001159667969 0
vertex -21.94599151611328 -60.09001159667969 -6.31731653213501
vertex -22.162763595581055 -60.09001159667969 -5.992893218994141
endloop
endfacet
facet normal 0 1 0
outer loop
vertex -56.26374435424805 -60.09001159667969 -5
vertex -57.119869232177734 -60.09001159667969 -8.199999809265137
vertex -57.119869232177734 -60.09001159667969 0
endloop
endfacet
facet normal 1 0 0
outer loop
vertex -57.119869232177734 -60.09001159667969 0
vertex -57.119869232177734 -60.09001159667969 -8.199999809265137
vertex -57.119869232177734 -59.79001235961914 -4.099999904632568
endloop
endfacet
facet normal 0 0 1
outer loop
vertex -29.069869995117188 -29.190011978149414 -8.199999809265137
vertex -24.619871139526367 -27.090011596679688 -8.199999809265137
vertex -57.119869232177734 -27.090011596679688 -8.199999809265137
endloop
endfacet
facet normal 0 -1 0
outer loop
vertex -57.119869232177734 -27.090011596679688 -4.099999904632568
vertex -57.119869232177734 -27.090011596679688 -8.199999809265137
vertex -24.619871139526367 -27.090011596679688 -4.099999904632568
endloop
endfacet
facet normal 0 1 0
outer loop
vertex -56.26374435424805 -60.09001159667969 0
vertex -56.26374435424805 -60.09001159667969 -5
vertex -57.119869232177734 -60.09001159667969 0
endloop
endfacet
facet normal 0 1 0
outer loop
vertex -22.869871139526367 -60.09001159667969 -5.699999809265137
vertex -30.369871139526367 -60.09001159667969 -5.699999809265137
vertex -19.119871139526367 -60.09001159667969 0
endloop
endfacet
facet normal 0 0 1
outer loop
vertex -57.119869232177734 -27.090011596679688 -8.199999809265137
vertex -33.16987228393555 -29.190011978149414 -8.199999809265137
vertex -29.069869995117188 -29.190011978149414 -8.199999809265137
endloop
endfacet
facet normal 0 0 1
outer loop
vertex -33.16987228393555 -38.99000930786133 -8.199999809265137
vertex -33.16987228393555 -29.190011978149414 -8.199999809265137
vertex -57.119869232177734 -27.090011596679688 -8.199999809265137
endloop
endfacet
facet normal 0 1 0
outer loop
vertex -19.119871139526367 -60.09001159667969 -8.199999809265137
vertex -21.619871139526367 -60.09001159667969 -8.199999809265137
vertex -19.119871139526367 -60.09001159667969 0
endloop
endfacet
facet normal 0 1 0
outer loop
vertex -31.293750762939453 -60.09001159667969 -6.31731653213501
vertex -57.119869232177734 -60.09001159667969 -8.199999809265137
vertex -31.076976776123047 -60.09001159667969 -5.992893218994141
endloop
endfacet
facet normal 0 -1 0
outer loop
vertex -24.619871139526367 -27.090011596679688 -4.099999904632568
vertex -57.119869232177734 -27.090011596679688 -8.199999809265137
vertex -24.619871139526367 -27.090011596679688 -8.199999809265137
endloop
endfacet
facet normal 0 1 0
outer loop
vertex -21.619871139526367 -60.09001159667969 -8.199999809265137
vertex -21.869871139526367 -60.09001159667969 -6.699999809265137
vertex -19.119871139526367 -60.09001159667969 0
endloop
endfacet
facet normal 0 1 0
outer loop
vertex -31.369871139526367 -60.09001159667969 -6.699999809265137
vertex -57.119869232177734 -60.09001159667969 -8.199999809265137
vertex -31.293750762939453 -60.09001159667969 -6.31731653213501
endloop
endfacet
facet normal 0 0 1
outer loop
vertex -57.119869232177734 -60.09001159667969 -8.199999809265137
vertex -31.619871139526367 -60.09001159667969 -8.199999809265137
vertex -31.619871139526367 -51.09001159667969 -8.199999809265137
endloop
endfacet
facet normal 0 1 0
outer loop
vertex -57.119869232177734 -60.09001159667969 -8.199999809265137
vertex -31.369871139526367 -60.09001159667969 -6.699999809265137
vertex -31.619871139526367 -60.09001159667969 -8.199999809265137
endloop
endfacet
facet normal 0 1 0
outer loop
vertex -30.369871139526367 -60.09001159667969 -5.699999809265137
vertex -57.119869232177734 -60.09001159667969 -8.199999809265137
vertex -19.119871139526367 -60.09001159667969 0
endloop
endfacet
facet normal 0 1 0
outer loop
vertex -31.369871139526367 -60.09001159667969 -8.199999809265137
vertex -31.619871139526367 -60.09001159667969 -8.199999809265137
vertex -31.369871139526367 -60.09001159667969 -6.699999809265137
endloop
endfacet
facet normal 0 1 0
outer loop
vertex -57.119869232177734 -60.09001159667969 -8.199999809265137
vertex -56.26374435424805 -60.09001159667969 -5
vertex -44.26374435424805 -60.09001159667969 -5
endloop
endfacet
facet normal 1 0 0
outer loop
vertex -57.119869232177734 -60.09001159667969 -8.199999809265137
vertex -57.119869232177734 -27.090011596679688 -8.199999809265137
vertex -57.119869232177734 -27.090011596679688 -4.099999904632568
endloop
endfacet
facet normal 1 0 0
outer loop
vertex -57.119869232177734 -60.09001159667969 0
vertex -57.119869232177734 -59.79001235961914 -4.099999904632568
vertex -57.119869232177734 -59.79001235961914 0
endloop
endfacet
facet normal 0 0 1
outer loop
vertex -29.069869995117188 -38.99000930786133 -8.199999809265137
vertex -24.619871139526367 -42.09001159667969 -8.199999809265137
vertex -24.619871139526367 -27.090011596679688 -8.199999809265137
endloop
endfacet
facet normal 0 0 1
outer loop
vertex -19.119871139526367 -42.09001159667969 -8.199999809265137
vertex -24.619871139526367 -42.09001159667969 -8.199999809265137
vertex -21.619871139526367 -51.09001159667969 -8.199999809265137
endloop
endfacet
facet normal 0 0 1
outer loop
vertex -33.16987228393555 -38.99000930786133 -8.199999809265137
vertex -21.619871139526367 -51.09001159667969 -8.199999809265137
vertex -24.619871139526367 -42.09001159667969 -8.199999809265137
endloop
endfacet
facet normal 0 0 1
outer loop
vertex -29.069869995117188 -38.99000930786133 -8.199999809265137
vertex -33.16987228393555 -38.99000930786133 -8.199999809265137
vertex -24.619871139526367 -42.09001159667969 -8.199999809265137
endloop
endfacet
facet normal 0 1 0
outer loop
vertex -19.119871139526367 -60.09001159667969 0
vertex -22.162763595581055 -60.09001159667969 -5.992893218994141
vertex -22.487186431884766 -60.09001159667969 -5.776120662689209
endloop
endfacet
facet normal 0 1 0
outer loop
vertex -22.487186431884766 -60.09001159667969 -5.776120662689209
vertex -22.869871139526367 -60.09001159667969 -5.699999809265137
vertex -19.119871139526367 -60.09001159667969 0
endloop
endfacet
facet normal 0 1 0
outer loop
vertex -21.619871139526367 -60.09001159667969 -8.199999809265137
vertex -21.869871139526367 -60.09001159667969 -8.199999809265137
vertex -21.869871139526367 -60.09001159667969 -6.699999809265137
endloop
endfacet
facet normal 0 1 0
outer loop
vertex -19.119871139526367 -60.09001159667969 0
vertex -44.26374435424805 -60.09001159667969 -5
vertex -44.26374435424805 -60.09001159667969 0
endloop
endfacet
facet normal 0 0 1
outer loop
vertex -24.619871139526367 -27.090011596679688 -8.199999809265137
vertex -29.069869995117188 -29.190011978149414 -8.199999809265137
vertex -29.069869995117188 -38.99000930786133 -8.199999809265137
endloop
endfacet
facet normal 0 1 0
outer loop
vertex -44.26374435424805 -60.09001159667969 -5
vertex -19.119871139526367 -60.09001159667969 0
vertex -57.119869232177734 -60.09001159667969 -8.199999809265137
endloop
endfacet
facet normal 0 1 0
outer loop
vertex -19.119871139526367 -60.09001159667969 0
vertex -21.869871139526367 -60.09001159667969 -6.699999809265137
vertex -21.94599151611328 -60.09001159667969 -6.31731653213501
endloop
endfacet
facet normal 0 0 1
outer loop
vertex -21.619871139526367 -51.09001159667969 -8.199999809265137
vertex -21.619871139526367 -60.09001159667969 -8.199999809265137
vertex -19.119871139526367 -42.09001159667969 -8.199999809265137
endloop
endfacet
facet normal 0 1 0
outer loop
vertex -31.076976776123047 -60.09001159667969 -5.992893218994141
vertex -57.119869232177734 -60.09001159667969 -8.199999809265137
vertex -30.752553939819336 -60.09001159667969 -5.776120662689209
endloop
endfacet
facet normal 0 1 0
outer loop
vertex -31.076976776123047 -60.09001159667969 -8.907106399536133
vertex -30.752553939819336 -60.09001159667969 -9.123879432678223
vertex -31.619871139526367 -60.09001159667969 -9.5
endloop
endfacet
facet normal 0 1 0
outer loop
vertex -31.369871139526367 -60.09001159667969 -8.199999809265137
vertex -31.293750762939453 -60.09001159667969 -8.582683563232422
vertex -31.619871139526367 -60.09001159667969 -8.199999809265137
endloop
endfacet
facet normal -1 0 0
outer loop
vertex -21.619871139526367 -51.09001159667969 -8.199999809265137
vertex -21.619871139526367 -51.09001159667969 -9.5
vertex -21.619871139526367 -60.09001159667969 -8.199999809265137
endloop
endfacet
facet normal 0 1 0
outer loop
vertex -31.293750762939453 -60.09001159667969 -8.582683563232422
vertex -31.619871139526367 -60.09001159667969 -9.5
vertex -31.619871139526367 -60.09001159667969 -8.199999809265137
endloop
endfacet
facet normal 0 1 0
outer loop
vertex -31.619871139526367 -60.09001159667969 -9.5
vertex -30.752553939819336 -60.09001159667969 -9.123879432678223
vertex -30.369871139526367 -60.09001159667969 -9.199999809265137
endloop
endfacet
facet normal 0 0 1
outer loop
vertex -31.619871139526367 -60.09001159667969 -9.5
vertex -21.619871139526367 -60.09001159667969 -9.5
vertex -31.619871139526367 -51.09001159667969 -9.5
endloop
endfacet
facet normal 0 -1 0
outer loop
vertex -21.619871139526367 -51.09001159667969 -8.199999809265137
vertex -31.619871139526367 -51.09001159667969 -9.5
vertex -21.619871139526367 -51.09001159667969 -9.5
endloop
endfacet
facet normal 0 1 0
outer loop
vertex -31.293750762939453 -60.09001159667969 -8.582683563232422
vertex -31.076976776123047 -60.09001159667969 -8.907106399536133
vertex -31.619871139526367 -60.09001159667969 -9.5
endloop
endfacet
facet normal 0 0 1
outer loop
vertex -31.619871139526367 -51.09001159667969 -9.5
vertex -21.619871139526367 -60.09001159667969 -9.5
vertex -21.619871139526367 -51.09001159667969 -9.5
endloop
endfacet
facet normal 0 1 0
outer loop
vertex -21.619871139526367 -60.09001159667969 -8.199999809265137
vertex -21.619871139526367 -60.09001159667969 -9.5
vertex -21.869871139526367 -60.09001159667969 -8.199999809265137
endloop
endfacet
facet normal 0 1 0
outer loop
vertex -21.94599151611328 -60.09001159667969 -8.582683563232422
vertex -21.869871139526367 -60.09001159667969 -8.199999809265137
vertex -21.619871139526367 -60.09001159667969 -9.5
endloop
endfacet
facet normal 0 1 0
outer loop
vertex -22.162763595581055 -60.09001159667969 -8.907106399536133
vertex -21.94599151611328 -60.09001159667969 -8.582683563232422
vertex -21.619871139526367 -60.09001159667969 -9.5
endloop
endfacet
facet normal -1 0 0
outer loop
vertex -21.619871139526367 -60.09001159667969 -9.5
vertex -21.619871139526367 -60.09001159667969 -8.199999809265137
vertex -21.619871139526367 -51.09001159667969 -9.5
endloop
endfacet
facet normal 0 1 0
outer loop
vertex -22.487186431884766 -60.09001159667969 -9.123879432678223
vertex -22.162763595581055 -60.09001159667969 -8.907106399536133
vertex -21.619871139526367 -60.09001159667969 -9.5
endloop
endfacet
facet normal 0 1 0
outer loop
vertex -30.369871139526367 -60.09001159667969 -9.199999809265137
vertex -22.869871139526367 -60.09001159667969 -9.199999809265137
vertex -31.619871139526367 -60.09001159667969 -9.5
endloop
endfacet
facet normal 0 1 0
outer loop
vertex -21.619871139526367 -60.09001159667969 -9.5
vertex -22.869871139526367 -60.09001159667969 -9.199999809265137
vertex -22.487186431884766 -60.09001159667969 -9.123879432678223
endloop
endfacet
facet normal 0 1 0
outer loop
vertex -21.619871139526367 -60.09001159667969 -9.5
vertex -31.619871139526367 -60.09001159667969 -9.5
vertex -22.869871139526367 -60.09001159667969 -9.199999809265137
endloop
endfacet
facet normal 0 -1 0
outer loop
vertex -21.619871139526367 -51.09001159667969 -8.199999809265137
vertex -31.619871139526367 -51.09001159667969 -8.199999809265137
vertex -31.619871139526367 -51.09001159667969 -9.5
endloop
endfacet
facet normal 1 0 0
outer loop
vertex -31.619871139526367 -51.09001159667969 -8.199999809265137
vertex -31.619871139526367 -60.09001159667969 -9.5
vertex -31.619871139526367 -51.09001159667969 -9.5
endloop
endfacet
facet normal 1 0 0
outer loop
vertex -31.619871139526367 -51.09001159667969 -8.199999809265137
vertex -31.619871139526367 -60.09001159667969 -8.199999809265137
vertex -31.619871139526367 -60.09001159667969 -9.5
endloop
endfacet
facet normal 0 0 1
outer loop
vertex -33.16987228393555 -38.99000930786133 -10
vertex -32.369869232177734 -30.840011596679688 -10
vertex -33.16987228393555 -29.190011978149414 -10
endloop
endfacet
facet normal 0 0 1
outer loop
vertex -32.369869232177734 -37.34001159667969 -10
vertex -33.16987228393555 -38.99000930786133 -10
vertex -29.869871139526367 -37.34001159667969 -10
endloop
endfacet
facet normal 0 0 1
outer loop
vertex -29.869871139526367 -37.34001159667969 -10
vertex -29.069869995117188 -38.99000930786133 -10
vertex -29.069869995117188 -29.190011978149414 -10
endloop
endfacet
facet normal 0 0 1
outer loop
vertex -33.16987228393555 -38.99000930786133 -10
vertex -29.069869995117188 -38.99000930786133 -10
vertex -29.869871139526367 -37.34001159667969 -10
endloop
endfacet
facet normal 1 0 0
outer loop
vertex -33.16987228393555 -29.190011978149414 -8.199999809265137
vertex -33.16987228393555 -38.99000930786133 -8.199999809265137
vertex -33.16987228393555 -38.99000930786133 -10
endloop
endfacet
facet normal 0 0 1
outer loop
vertex -33.16987228393555 -38.99000930786133 -10
vertex -32.369869232177734 -37.34001159667969 -10
vertex -32.369869232177734 -30.840011596679688 -10
endloop
endfacet
facet normal 1 0 0
outer loop
vertex -33.16987228393555 -29.190011978149414 -8.199999809265137
vertex -33.16987228393555 -38.99000930786133 -10
vertex -33.16987228393555 -29.190011978149414 -10
endloop
endfacet
facet normal 0 1 0
outer loop
vertex -29.069869995117188 -38.99000930786133 -10
vertex -33.16987228393555 -38.99000930786133 -10
vertex -33.16987228393555 -38.99000930786133 -8.199999809265137
endloop
endfacet
facet normal 0 1 0
outer loop
vertex -29.069869995117188 -38.99000930786133 -10
vertex -33.16987228393555 -38.99000930786133 -8.199999809265137
vertex -29.069869995117188 -38.99000930786133 -8.199999809265137
endloop
endfacet
facet normal -1 0 0
outer loop
vertex -29.069869995117188 -29.190011978149414 -10
vertex -29.069869995117188 -38.99000930786133 -10
vertex -29.069869995117188 -38.99000930786133 -8.199999809265137
endloop
endfacet
facet normal -1 0 0
outer loop
vertex -29.069869995117188 -29.190011978149414 -10
vertex -29.069869995117188 -38.99000930786133 -8.199999809265137
vertex -29.069869995117188 -29.190011978149414 -8.199999809265137
endloop
endfacet
facet normal 0 0 1
outer loop
vertex -29.069869995117188 -29.190011978149414 -10
vertex -32.369869232177734 -30.840011596679688 -10
vertex -29.869871139526367 -30.840011596679688 -10
endloop
endfacet
facet normal 0 -1 0
outer loop
vertex -33.16987228393555 -29.190011978149414 -10
vertex -29.069869995117188 -29.190011978149414 -10
vertex -29.069869995117188 -29.190011978149414 -8.199999809265137
endloop
endfacet
facet normal 0 -1 0
outer loop
vertex -29.069869995117188 -29.190011978149414 -8.199999809265137
vertex -33.16987228393555 -29.190011978149414 -8.199999809265137
vertex -33.16987228393555 -29.190011978149414 -10
endloop
endfacet
facet normal 0 0 1
outer loop
vertex -33.16987228393555 -29.190011978149414 -10
vertex -32.369869232177734 -30.840011596679688 -10
vertex -29.069869995117188 -29.190011978149414 -10
endloop
endfacet
facet normal 0 0 1
outer loop
vertex -29.869871139526367 -30.840011596679688 -10
vertex -29.869871139526367 -37.34001159667969 -10
vertex -29.069869995117188 -29.190011978149414 -10
endloop
endfacet
facet normal -1 0 0
outer loop
vertex -29.869871139526367 -30.840011596679688 -10
vertex -29.869871139526367 -37.34001159667969 -11.699999809265137
vertex -29.869871139526367 -37.34001159667969 -10
endloop
endfacet
facet normal 0 1 0
outer loop
vertex -29.869871139526367 -37.34001159667969 -10
vertex -32.369869232177734 -37.34001159667969 -11.699999809265137
vertex -32.369869232177734 -37.34001159667969 -10
endloop
endfacet
facet normal 0 -1 0
outer loop
vertex -32.369869232177734 -30.840011596679688 -11.699999809265137
vertex -29.869871139526367 -30.840011596679688 -11.699999809265137
vertex -32.369869232177734 -30.840011596679688 -10
endloop
endfacet
facet normal -1 0 0
outer loop
vertex -29.869871139526367 -37.34001159667969 -11.699999809265137
vertex -29.869871139526367 -30.840011596679688 -10
vertex -29.869871139526367 -30.840011596679688 -11.699999809265137
endloop
endfacet
facet normal 0 1 0
outer loop
vertex -29.869871139526367 -37.34001159667969 -11.699999809265137
vertex -32.369869232177734 -37.34001159667969 -11.699999809265137
vertex -29.869871139526367 -37.34001159667969 -10
endloop
endfacet
facet normal 1 0 0
outer loop
vertex -32.369869232177734 -37.34001159667969 -10
vertex -32.369869232177734 -30.840011596679688 -11.699999809265137
vertex -32.369869232177734 -30.840011596679688 -10
endloop
endfacet
facet normal 1 0 0
outer loop
vertex -32.369869232177734 -30.840011596679688 -11.699999809265137
vertex -32.369869232177734 -37.34001159667969 -10
vertex -32.369869232177734 -37.34001159667969 -11.699999809265137
endloop
endfacet
facet normal 0 -1 0
outer loop
vertex -32.369869232177734 -30.840011596679688 -10
vertex -29.869871139526367 -30.840011596679688 -11.699999809265137
vertex -29.869871139526367 -30.840011596679688 -10
endloop
endfacet
facet normal -0.831469252991977 0.5555707707654927 0
outer loop
vertex -26.657930374145508 -41.28135299682617 -11.699999809265137
vertex -26.657930374145508 -41.28135299682617 -19.57770347595215
vertex -26.76631736755371 -41.443565368652344 -11.699999809265137
endloop
endfacet
facet normal -0.8314692529919769 -0.5555707707654925 0
outer loop
vertex -26.76631736755371 -26.73645782470703 -17.68865203857422
vertex -26.657930374145508 -26.898670196533203 -17.709718704223633
vertex -26.657930374145508 -26.898670196533203 -11.699999809265137
endloop
endfacet
facet normal 1 0 0
outer loop
vertex -46.619869232177734 -27.090011596679688 -11.699999809265137
vertex -46.619869232177734 -41.09001159667969 -19.552852630615234
vertex -46.619869232177734 -27.090011596679688 -17.734569549560547
endloop
endfacet
facet normal -0.9807861986664705 0.19508570553829574 0
outer loop
vertex -26.619871139526367 -41.09001159667969 -19.552852630615234
vertex -26.657930374145508 -41.28135299682617 -11.699999809265137
vertex -26.619871139526367 -41.09001159667969 -11.699999809265137
endloop
endfacet
facet normal -1 0 0
outer loop
vertex -26.619871139526367 -27.090011596679688 -17.734569549560547
vertex -26.619871139526367 -41.09001159667969 -19.552852630615234
vertex -26.619871139526367 -41.09001159667969 -11.699999809265137
endloop
endfacet
facet normal 0 0 -1
outer loop
vertex -27.119871139526367 -41.59001159667969 -11.699999809265137
vertex -46.119869232177734 -41.59001159667969 -11.699999809265137
vertex -32.369869232177734 -37.34001159667969 -11.699999809265137
endloop
endfacet
facet normal 0 0 -1
outer loop
vertex -26.619871139526367 -27.090011596679688 -11.699999809265137
vertex -26.657930374145508 -41.28135299682617 -11.699999809265137
vertex -26.657930374145508 -26.898670196533203 -11.699999809265137
endloop
endfacet
facet normal 0 0 -1
outer loop
vertex -46.119869232177734 -41.59001159667969 -11.699999809265137
vertex -32.369869232177734 -30.840011596679688 -11.699999809265137
vertex -32.369869232177734 -37.34001159667969 -11.699999809265137
endloop
endfacet
facet normal 0 0 -1
outer loop
vertex -26.76631736755371 -26.73645782470703 -11.699999809265137
vertex -26.928529739379883 -41.55195236206055 -11.699999809265137
vertex -26.928529739379883 -26.628070831298828 -11.699999809265137
endloop
endfacet
facet normal 0 0 -1
outer loop
vertex -27.119871139526367 -41.59001159667969 -11.699999809265137
vertex -32.369869232177734 -37.34001159667969 -11.699999809265137
vertex -29.869871139526367 -37.34001159667969 -11.699999809265137
endloop
endfacet
facet normal 0.9807861986664705 -0.19508570553829574 0
outer loop
vertex -46.619869232177734 -27.090011596679688 -17.734569549560547
vertex -46.581809997558594 -26.898670196533203 -17.709718704223633
vertex -46.581809997558594 -26.898670196533203 -11.699999809265137
endloop
endfacet
facet normal 0.8314692529919772 -0.5555707707654927 0
outer loop
vertex -46.581809997558594 -26.898670196533203 -17.709718704223633
vertex -46.47342300415039 -26.73645782470703 -17.68865203857422
vertex -46.47342300415039 -26.73645782470703 -11.699999809265137
endloop
endfacet
facet normal 0.5555707707654927 -0.831469252991977 0
outer loop
vertex -46.47342300415039 -26.73645782470703 -17.68865203857422
vertex -46.31121063232422 -26.628070831298828 -17.67457389831543
vertex -46.31121063232422 -26.628070831298828 -11.699999809265137
endloop
endfacet
facet normal 0.19508570553829574 -0.9807861986664705 0
outer loop
vertex -46.31121063232422 -26.628070831298828 -17.67457389831543
vertex -46.119869232177734 -26.590011596679688 -17.669631958007812
vertex -46.119869232177734 -26.590011596679688 -11.699999809265137
endloop
endfacet
facet normal 0 0 -1
outer loop
vertex -46.119869232177734 -41.59001159667969 -11.699999809265137
vertex -46.31121063232422 -41.55195236206055 -11.699999809265137
vertex -46.119869232177734 -26.590011596679688 -11.699999809265137
endloop
endfacet
facet normal -0.19508570553829574 0.9807861986664705 0
outer loop
vertex -26.928529739379883 -41.55195236206055 -11.699999809265137
vertex -26.928529739379883 -41.55195236206055 -19.61284828186035
vertex -27.119871139526367 -41.59001159667969 -11.699999809265137
endloop
endfacet
facet normal 0 0 -1
outer loop
vertex -27.119871139526367 -41.59001159667969 -11.699999809265137
vertex -29.869871139526367 -37.34001159667969 -11.699999809265137
vertex -27.119871139526367 -26.590011596679688 -11.699999809265137
endloop
endfacet
facet normal 0.9807861986664705 -0.19508570553829574 0
outer loop
vertex -46.619869232177734 -27.090011596679688 -11.699999809265137
vertex -46.619869232177734 -27.090011596679688 -17.734569549560547
vertex -46.581809997558594 -26.898670196533203 -11.699999809265137
endloop
endfacet
facet normal 0 0 -1
outer loop
vertex -46.31121063232422 -41.55195236206055 -11.699999809265137
vertex -46.47342300415039 -41.443565368652344 -11.699999809265137
vertex -46.31121063232422 -26.628070831298828 -11.699999809265137
endloop
endfacet
facet normal 0 0 -1
outer loop
vertex -46.47342300415039 -41.443565368652344 -11.699999809265137
vertex -46.581809997558594 -41.28135299682617 -11.699999809265137
vertex -46.47342300415039 -26.73645782470703 -11.699999809265137
endloop
endfacet
facet normal 0 0 -1
outer loop
vertex -46.581809997558594 -41.28135299682617 -11.699999809265137
vertex -46.619869232177734 -41.09001159667969 -11.699999809265137
vertex -46.581809997558594 -26.898670196533203 -11.699999809265137
endloop
endfacet
facet normal -0.5555707707654927 0.831469252991977 0
outer loop
vertex -26.76631736755371 -41.443565368652344 -11.699999809265137
vertex -26.76631736755371 -41.443565368652344 -19.598770141601562
vertex -26.928529739379883 -41.55195236206055 -11.699999809265137
endloop
endfacet
facet normal 0.8314692529919769 -0.5555707707654925 0
outer loop
vertex -46.581809997558594 -26.898670196533203 -11.699999809265137
vertex -46.581809997558594 -26.898670196533203 -17.709718704223633
vertex -46.47342300415039 -26.73645782470703 -11.699999809265137
endloop
endfacet
facet normal 0 1 0
outer loop
vertex -27.119871139526367 -41.59001159667969 -19.61779022216797
vertex -46.119869232177734 -41.59001159667969 -11.699999809265137
vertex -27.119871139526367 -41.59001159667969 -11.699999809265137
endloop
endfacet
facet normal 0 0 -1
outer loop
vertex -26.928529739379883 -41.55195236206055 -11.699999809265137
vertex -27.119871139526367 -41.59001159667969 -11.699999809265137
vertex -26.928529739379883 -26.628070831298828 -11.699999809265137
endloop
endfacet
facet normal 0 0 -1
outer loop
vertex -26.76631736755371 -41.443565368652344 -11.699999809265137
vertex -26.928529739379883 -41.55195236206055 -11.699999809265137
vertex -26.76631736755371 -26.73645782470703 -11.699999809265137
endloop
endfacet
facet normal 1 0 0
outer loop
vertex -46.619869232177734 -41.09001159667969 -11.699999809265137
vertex -46.619869232177734 -41.09001159667969 -19.552852630615234
vertex -46.619869232177734 -27.090011596679688 -11.699999809265137
endloop
endfacet
facet normal 0.5555707707654927 -0.8314692529919772 0
outer loop
vertex -46.47342300415039 -26.73645782470703 -11.699999809265137
vertex -46.47342300415039 -26.73645782470703 -17.68865203857422
vertex -46.31121063232422 -26.628070831298828 -11.699999809265137
endloop
endfacet
facet normal 0.831469252991977 0.5555707707654927 0
outer loop
vertex -46.47342300415039 -41.443565368652344 -11.699999809265137
vertex -46.47342300415039 -41.443565368652344 -19.598770141601562
vertex -46.581809997558594 -41.28135299682617 -11.699999809265137
endloop
endfacet
facet normal 0.19508570553829577 -0.9807861986664707 0
outer loop
vertex -46.31121063232422 -26.628070831298828 -11.699999809265137
vertex -46.31121063232422 -26.628070831298828 -17.67457389831543
vertex -46.119869232177734 -26.590011596679688 -11.699999809265137
endloop
endfacet
facet normal 0 0 -1
outer loop
vertex -46.581809997558594 -26.898670196533203 -11.699999809265137
vertex -46.619869232177734 -41.09001159667969 -11.699999809265137
vertex -46.619869232177734 -27.090011596679688 -11.699999809265137
endloop
endfacet
facet normal 0 0 -1
outer loop
vertex -46.47342300415039 -26.73645782470703 -11.699999809265137
vertex -46.581809997558594 -41.28135299682617 -11.699999809265137
vertex -46.581809997558594 -26.898670196533203 -11.699999809265137
endloop
endfacet
facet normal 0.19508570553829577 0.9807861986664705 0
outer loop
vertex -46.119869232177734 -41.59001159667969 -11.699999809265137
vertex -46.119869232177734 -41.59001159667969 -19.61779022216797
vertex -46.31121063232422 -41.55195236206055 -11.699999809265137
endloop
endfacet
facet normal 0 0 -1
outer loop
vertex -26.657930374145508 -41.28135299682617 -11.699999809265137
vertex -26.76631736755371 -41.443565368652344 -11.699999809265137
vertex -26.657930374145508 -26.898670196533203 -11.699999809265137
endloop
endfacet
facet normal 0 0 -1
outer loop
vertex -46.31121063232422 -26.628070831298828 -11.699999809265137
vertex -46.47342300415039 -41.443565368652344 -11.699999809265137
vertex -46.47342300415039 -26.73645782470703 -11.699999809265137
endloop
endfacet
facet normal 0 0 -1
outer loop
vertex -26.619871139526367 -41.09001159667969 -11.699999809265137
vertex -26.657930374145508 -41.28135299682617 -11.699999809265137
vertex -26.619871139526367 -27.090011596679688 -11.699999809265137
endloop
endfacet
facet normal 0.5555707707654927 0.8314692529919772 0
outer loop
vertex -46.31121063232422 -41.55195236206055 -11.699999809265137
vertex -46.31121063232422 -41.55195236206055 -19.61284828186035
vertex -46.47342300415039 -41.443565368652344 -11.699999809265137
endloop
endfacet
facet normal 0 0 -1
outer loop
vertex -46.119869232177734 -26.590011596679688 -11.699999809265137
vertex -46.31121063232422 -41.55195236206055 -11.699999809265137
vertex -46.31121063232422 -26.628070831298828 -11.699999809265137
endloop
endfacet
facet normal 0 -1 0
outer loop
vertex -46.119869232177734 -26.590011596679688 -11.699999809265137
vertex -46.119869232177734 -26.590011596679688 -17.669631958007812
vertex -27.119871139526367 -26.590011596679688 -11.699999809265137
endloop
endfacet
facet normal 0 -1 0
outer loop
vertex -27.119871139526367 -26.590011596679688 -11.699999809265137
vertex -46.119869232177734 -26.590011596679688 -17.669631958007812
vertex -27.119871139526367 -26.590011596679688 -17.669631958007812
endloop
endfacet
facet normal 0 0 -1
outer loop
vertex -46.119869232177734 -26.590011596679688 -11.699999809265137
vertex -27.119871139526367 -26.590011596679688 -11.699999809265137
vertex -46.119869232177734 -41.59001159667969 -11.699999809265137
endloop
endfacet
facet normal -0.19508570553829577 0.9807861986664705 0
outer loop
vertex -26.928529739379883 -41.55195236206055 -19.61284828186035
vertex -27.119871139526367 -41.59001159667969 -19.61779022216797
vertex -27.119871139526367 -41.59001159667969 -11.699999809265137
endloop
endfacet
facet normal -0.5555707707654927 -0.8314692529919772 0
outer loop
vertex -26.928529739379883 -26.628070831298828 -17.67457389831543
vertex -26.76631736755371 -26.73645782470703 -17.68865203857422
vertex -26.76631736755371 -26.73645782470703 -11.699999809265137
endloop
endfacet
facet normal 0.9807861986664705 0.19508570553829577 0
outer loop
vertex -46.581809997558594 -41.28135299682617 -11.699999809265137
vertex -46.581809997558594 -41.28135299682617 -19.57770347595215
vertex -46.619869232177734 -41.09001159667969 -11.699999809265137
endloop
endfacet
facet normal 0 1 0
outer loop
vertex -27.119871139526367 -41.59001159667969 -19.61779022216797
vertex -46.119869232177734 -41.59001159667969 -19.61779022216797
vertex -46.119869232177734 -41.59001159667969 -11.699999809265137
endloop
endfacet
facet normal 0.831469252991977 0.5555707707654927 0
outer loop
vertex -46.581809997558594 -41.28135299682617 -19.57770347595215
vertex -46.581809997558594 -41.28135299682617 -11.699999809265137
vertex -46.47342300415039 -41.443565368652344 -19.598770141601562
endloop
endfacet
facet normal -0.5555707707654927 0.8314692529919772 0
outer loop
vertex -26.928529739379883 -41.55195236206055 -19.61284828186035
vertex -26.928529739379883 -41.55195236206055 -11.699999809265137
vertex -26.76631736755371 -41.443565368652344 -19.598770141601562
endloop
endfacet
facet normal -0.831469252991977 0.5555707707654927 0
outer loop
vertex -26.76631736755371 -41.443565368652344 -19.598770141601562
vertex -26.76631736755371 -41.443565368652344 -11.699999809265137
vertex -26.657930374145508 -41.28135299682617 -19.57770347595215
endloop
endfacet
facet normal -0.9807861986664705 0.19508570553829577 0
outer loop
vertex -26.657930374145508 -41.28135299682617 -19.57770347595215
vertex -26.657930374145508 -41.28135299682617 -11.699999809265137
vertex -26.619871139526367 -41.09001159667969 -19.552852630615234
endloop
endfacet
facet normal 0 0 -1
outer loop
vertex -26.657930374145508 -26.898670196533203 -11.699999809265137
vertex -26.76631736755371 -41.443565368652344 -11.699999809265137
vertex -26.76631736755371 -26.73645782470703 -11.699999809265137
endloop
endfacet
facet normal 0.19508570553829574 0.9807861986664705 0
outer loop
vertex -46.119869232177734 -41.59001159667969 -19.61779022216797
vertex -46.31121063232422 -41.55195236206055 -19.61284828186035
vertex -46.31121063232422 -41.55195236206055 -11.699999809265137
endloop
endfacet
facet normal -0.19508570553829577 -0.9807861986664707 0
outer loop
vertex -27.119871139526367 -26.590011596679688 -17.669631958007812
vertex -26.928529739379883 -26.628070831298828 -17.67457389831543
vertex -26.928529739379883 -26.628070831298828 -11.699999809265137
endloop
endfacet
facet normal 0 0 -1
outer loop
vertex -26.928529739379883 -26.628070831298828 -11.699999809265137
vertex -27.119871139526367 -41.59001159667969 -11.699999809265137
vertex -27.119871139526367 -26.590011596679688 -11.699999809265137
endloop
endfacet
facet normal -0.8314692529919772 -0.5555707707654927 0
outer loop
vertex -26.76631736755371 -26.73645782470703 -11.699999809265137
vertex -26.76631736755371 -26.73645782470703 -17.68865203857422
vertex -26.657930374145508 -26.898670196533203 -11.699999809265137
endloop
endfacet
facet normal -0.5555707707654927 -0.831469252991977 0
outer loop
vertex -26.928529739379883 -26.628070831298828 -11.699999809265137
vertex -26.928529739379883 -26.628070831298828 -17.67457389831543
vertex -26.76631736755371 -26.73645782470703 -11.699999809265137
endloop
endfacet
facet normal -0.19508570553829574 -0.9807861986664705 0
outer loop
vertex -27.119871139526367 -26.590011596679688 -11.699999809265137
vertex -27.119871139526367 -26.590011596679688 -17.669631958007812
vertex -26.928529739379883 -26.628070831298828 -11.699999809265137
endloop
endfacet
facet normal -0.9807861986664705 -0.19508570553829574 0
outer loop
vertex -26.657930374145508 -26.898670196533203 -11.699999809265137
vertex -26.657930374145508 -26.898670196533203 -17.709718704223633
vertex -26.619871139526367 -27.090011596679688 -11.699999809265137
endloop
endfacet
facet normal -1 0 0
outer loop
vertex -26.619871139526367 -27.090011596679688 -17.734569549560547
vertex -26.619871139526367 -41.09001159667969 -11.699999809265137
vertex -26.619871139526367 -27.090011596679688 -11.699999809265137
endloop
endfacet
facet normal 0 0 -1
outer loop
vertex -27.119871139526367 -26.590011596679688 -11.699999809265137
vertex -29.869871139526367 -37.34001159667969 -11.699999809265137
vertex -29.869871139526367 -30.840011596679688 -11.699999809265137
endloop
endfacet
facet normal 0.5555707707654927 0.831469252991977 0
outer loop
vertex -46.31121063232422 -41.55195236206055 -19.61284828186035
vertex -46.47342300415039 -41.443565368652344 -19.598770141601562
vertex -46.47342300415039 -41.443565368652344 -11.699999809265137
endloop
endfacet
facet normal 0 0 -1
outer loop
vertex -32.369869232177734 -30.840011596679688 -11.699999809265137
vertex -27.119871139526367 -26.590011596679688 -11.699999809265137
vertex -29.869871139526367 -30.840011596679688 -11.699999809265137
endloop
endfacet
facet normal 0.9807861986664705 0.19508570553829574 0
outer loop
vertex -46.581809997558594 -41.28135299682617 -19.57770347595215
vertex -46.619869232177734 -41.09001159667969 -19.552852630615234
vertex -46.619869232177734 -41.09001159667969 -11.699999809265137
endloop
endfacet
facet normal 0 0 -1
outer loop
vertex -32.369869232177734 -30.840011596679688 -11.699999809265137
vertex -46.119869232177734 -41.59001159667969 -11.699999809265137
vertex -27.119871139526367 -26.590011596679688 -11.699999809265137
endloop
endfacet
facet normal -0.9807861986664705 -0.19508570553829574 0
outer loop
vertex -26.657930374145508 -26.898670196533203 -17.709718704223633
vertex -26.619871139526367 -27.090011596679688 -17.734569549560547
vertex -26.619871139526367 -27.090011596679688 -11.699999809265137
endloop
endfacet
facet normal -4.802040930178895e-7 -0.7071087838866759 0.707104778480584
outer loop
vertex -49.863746643066406 -61.79001235961914 0
vertex -49.863746643066406 -62.05307388305664 -0.2630630135536194
vertex -49.24657440185547 -62.05867004394531 -0.2686587870121002
endloop
endfacet
facet normal 3.383127188460934e-9 -0.7071069309637491 0.7071066314093141
outer loop
vertex -45.76374435424805 -62.22721862792969 -0.4372060298919678
vertex -45.76374435424805 -62.79001235961914 -1
vertex 42.7799072265625 -61.79001235961914 0
endloop
endfacet
facet normal 0 -0.7071067811865475 0.7071067811865475
outer loop
vertex 42.7799072265625 -61.79001235961914 0
vertex -45.76374435424805 -62.79001235961914 -1
vertex 43.08482360839844 -62.79001235961914 -1
endloop
endfacet
facet normal -1.4178112385207363e-8 -0.70710609538656 0.7071074669858698
outer loop
vertex -47.6449089050293 -62.11016082763672 -0.32014966011047363
vertex -46.88142776489258 -62.14836120605469 -0.3583499491214752
vertex 42.7799072265625 -61.79001235961914 0
endloop
endfacet
facet normal 4.802040930178895e-7 -0.7071087838866759 0.707104778480584
outer loop
vertex -50.66374588012695 -61.79001235961914 0
vertex -51.28091812133789 -62.05867004394531 -0.2686587870121002
vertex -50.66374588012695 -62.05307388305664 -0.2630630135536194
endloop
endfacet
facet normal 0 -0.7071080976610904 0.7071054647095536
outer loop
vertex -47.6449089050293 -62.11016082763672 -0.32014966011047363
vertex 42.7799072265625 -61.79001235961914 0
vertex -49.863746643066406 -61.79001235961914 0
endloop
endfacet
facet normal 4.45068705909488e-8 -0.707113437036549 0.7071001252738938
outer loop
vertex 42.7799072265625 -61.79001235961914 0
vertex -46.88142776489258 -62.14836120605469 -0.3583499491214752
vertex -46.185874938964844 -62.19511032104492 -0.4050999879837036
endloop
endfacet
facet normal -2.2950308548883082e-7 -0.7070833483412086 0.7071302132553328
outer loop
vertex 42.7799072265625 -61.79001235961914 0
vertex -46.185874938964844 -62.19511032104492 -0.4050999879837036
vertex -45.76374435424805 -62.22721862792969 -0.4372060298919678
endloop
endfacet
facet normal -4.167910917977405e-7 -0.7071141002622519 0.7070994620349618
outer loop
vertex -58.84577178955078 -61.79001235961914 0
vertex -52.374046325683594 -62.088008880615234 -0.2979988753795624
vertex -51.28091812133789 -62.05867004394531 -0.2686587870121002
endloop
endfacet
facet normal 0 -0.7071067811865476 0.7071067811865476
outer loop
vertex -58.84577178955078 -61.79001235961914 0
vertex -59.26374435424805 -62.79001235961914 -1
vertex -54.76374435424805 -62.79001235961914 -1
endloop
endfacet
facet normal 0 -0.7071082323162615 0.7071053300538555
outer loop
vertex -50.66374588012695 -61.79001235961914 0
vertex -58.84577178955078 -61.79001235961914 0
vertex -51.28091812133789 -62.05867004394531 -0.2686587870121002
endloop
endfacet
facet normal -7.338373878578196e-8 -0.7071069309637472 0.7071066314093123
outer loop
vertex -58.84577178955078 -61.79001235961914 0
vertex -54.76374435424805 -62.79001235961914 -1
vertex -54.76374435424805 -62.22721862792969 -0.4372060298919678
endloop
endfacet
facet normal 0.000002201414794995986 -0.7070963114204251 0.707117250794225
outer loop
vertex -58.84577178955078 -61.79001235961914 0
vertex -54.76374435424805 -62.22721862792969 -0.4372060298919678
vertex -54.341617584228516 -62.19511032104492 -0.4050999879837036
endloop
endfacet
facet normal -0.000002479301146444474 -0.7071166891619116 0.7070968730680044
outer loop
vertex -49.863746643066406 -61.79001235961914 0
vertex -48.153446197509766 -62.088008880615234 -0.2979988753795624
vertex -47.6449089050293 -62.11016082763672 -0.32014966011047363
endloop
endfacet
facet normal -4.0145363172477774e-7 -0.7071107816813654 0.7071027806689825
outer loop
vertex -58.84577178955078 -61.79001235961914 0
vertex -54.341617584228516 -62.19511032104492 -0.4050999879837036
vertex -53.64606475830078 -62.14836120605469 -0.3583499491214752
endloop
endfacet
facet normal 1.1104991407689741e-7 -0.7071070634385007 0.707106498934473
outer loop
vertex -58.84577178955078 -61.79001235961914 0
vertex -53.64606475830078 -62.14836120605469 -0.3583499491214752
vertex -52.88258361816406 -62.11016082763672 -0.32014966011047363
endloop
endfacet
facet normal 9.555461896501418e-7 -0.7070991984828182 0.7071143638083185
outer loop
vertex -58.84577178955078 -61.79001235961914 0
vertex -52.88258361816406 -62.11016082763672 -0.32014966011047363
vertex -52.374046325683594 -62.088008880615234 -0.2979988753795624
endloop
endfacet
facet normal 7.798682074525041e-7 -0.7071073365453933 0.7071062258268357
outer loop
vertex -49.863746643066406 -61.79001235961914 0
vertex -49.24657440185547 -62.05867004394531 -0.2686587870121002
vertex -48.153446197509766 -62.088008880615234 -0.2979988753795624
endloop
endfacet
facet normal 0.39453350234575 -0.5868075722948913 0.7071069145639659
outer loop
vertex 42.7799072265625 -61.79001235961914 0
vertex 44.60306167602539 -61.76924133300781 -1
vertex 43.79206848144531 -61.1094970703125 0
endloop
endfacet
facet normal 0.3945335876521719 -0.5868073212456472 0.707107075305299
outer loop
vertex 42.7799072265625 -61.79001235961914 0
vertex 43.08482360839844 -62.79001235961914 -1
vertex 44.60306167602539 -61.76924133300781 -1
endloop
endfacet
facet normal 0.6548241904339432 -0.26684371983145694 0.7071065752834162
outer loop
vertex 43.79206848144531 -61.1094970703125 0
vertex 44.60306167602539 -61.76924133300781 -1
vertex 44.94269943237305 -60.93578338623047 -1
endloop
endfacet
facet normal 0.6545069813452367 -0.27003950111005554 0.706186433748609
outer loop
vertex 43.79206848144531 -61.1094970703125 0
vertex 44.94269943237305 -60.93578338623047 -1
vertex 44.01903533935547 -60.55938720703125 0
endloop
endfacet
facet normal 0.6420714658706786 -0.29941669802191084 0.7057576592998008
outer loop
vertex 44.07667541503906 -60.43578338623047 0
vertex 44.01903533935547 -60.55938720703125 0
vertex 44.94269943237305 -60.93578338623047 -1
endloop
endfacet
facet normal 0.5803346094115338 -0.4063474066433408 0.7057574131621956
outer loop
vertex 44.07667541503906 -60.43578338623047 0
vertex 44.94269943237305 -60.93578338623047 -1
vertex 44.17665481567383 -60.29299545288086 0
endloop
endfacet
facet normal 0.5009521406968298 -0.5009521406968298 0.7057576818303342
outer loop
vertex 44.17665481567383 -60.29299545288086 0
vertex 44.94269943237305 -60.93578338623047 -1
vertex 44.29991149902344 -60.16973876953125 0
endloop
endfacet
facet normal 0.4063517087738101 -0.5803313088547252 0.7057576501459736
outer loop
vertex 44.29991149902344 -60.16973876953125 0
vertex 44.94269943237305 -60.93578338623047 -1
vertex 44.38676834106445 -60.10892105102539 0
endloop
endfacet
facet normal 0.39524973312661754 -0.5878724762049053 0.7058212239540906
outer loop
vertex 44.38676834106445 -60.10892105102539 0
vertex 44.94269943237305 -60.93578338623047 -1
vertex 45.905006408691406 -59.08815002441406 0
endloop
endfacet
facet normal 0.39524862856896215 -0.5878723104207938 0.705821980569373
outer loop
vertex 45.905006408691406 -59.08815002441406 0
vertex 44.94269943237305 -60.93578338623047 -1
vertex 46.460941314697266 -59.91501235961914 -1
endloop
endfacet
facet normal 0.18336482187792283 -0.6843118718227579 0.7057581768425436
outer loop
vertex 46.28729248046875 -58.93020248413086 0
vertex 46.118919372558594 -58.975318908691406 0
vertex 46.460941314697266 -59.91501235961914 -1
endloop
endfacet
facet normal 0.2994025468250573 -0.6420774517977369 0.7057582169890722
outer loop
vertex 46.118919372558594 -58.975318908691406 0
vertex 45.960941314697266 -59.04898452758789 0
vertex 46.460941314697266 -59.91501235961914 -1
endloop
endfacet
facet normal 0.4063478758078879 -0.5803329992179858 0.7057584670728893
outer loop
vertex 45.905006408691406 -59.08815002441406 0
vertex 46.460941314697266 -59.91501235961914 -1
vertex 45.960941314697266 -59.04898452758789 0
endloop
endfacet
facet normal 0.061736959392451995 -0.7057579428688616 0.7057579428688616
outer loop
vertex 46.28729248046875 -58.93020248413086 0
vertex 46.460941314697266 -59.91501235961914 -1
vertex 46.460941314697266 -58.91501235961914 0
endloop
endfacet
facet normal -3.80610778260185e-8 -0.7071069309637487 0.7071066314093136
outer loop
vertex 46.460941314697266 -58.91501235961914 0
vertex 54.331302642822266 -59.91501235961914 -1
vertex 54.331302642822266 -59.35221862792969 -0.4372060298919678
endloop
endfacet
facet normal 0 -0.707109574492063 0.7071039878699975
outer loop
vertex 58.43130111694336 -58.91501235961914 0
vertex 46.460941314697266 -58.91501235961914 0
vertex 56.72100067138672 -59.213008880615234 -0.2979988753795624
endloop
endfacet
facet normal -9.394420407846169e-7 -0.7070990136263015 0.7071145486608439
outer loop
vertex 67.64154052734375 -58.91501235961914 0
vertex 60.94160079956055 -59.213008880615234 -0.2979988753795624
vertex 61.450138092041016 -59.23516082763672 -0.32014966011047363
endloop
endfacet
facet normal 6.949835323576519e-8 -0.7071069309637474 0.7071066314093124
outer loop
vertex 63.331302642822266 -59.35221862792969 -0.4372060298919678
vertex 63.331302642822266 -59.91501235961914 -1
vertex 67.64154052734375 -58.91501235961914 0
endloop
endfacet
facet normal -1.0903667325501748e-7 -0.7071070433253931 0.7071065190475965
outer loop
vertex 61.450138092041016 -59.23516082763672 -0.32014966011047363
vertex 62.213623046875 -59.27336120605469 -0.3583499491214752
vertex 67.64154052734375 -58.91501235961914 0
endloop
endfacet
facet normal -0.0000021514566605984275 -0.7070959831328816 0.7071175790720486
outer loop
vertex 63.331302642822266 -59.35221862792969 -0.4372060298919678
vertex 67.64154052734375 -58.91501235961914 0
vertex 62.90917205810547 -59.32011032104492 -0.4050999879837036
endloop
endfacet
facet normal 3.929398427471481e-7 -0.7071108450322637 0.7071027173173666
outer loop
vertex 67.64154052734375 -58.91501235961914 0
vertex 62.213623046875 -59.27336120605469 -0.3583499491214752
vertex 62.90917205810547 -59.32011032104492 -0.4050999879837036
endloop
endfacet
facet normal 8.500090010369286e-8 -0.7071068031276011 0.7071067592454882
outer loop
vertex 46.460941314697266 -58.91501235961914 0
vertex 55.44898223876953 -59.27336120605469 -0.3583499491214752
vertex 56.21246337890625 -59.23516082763672 -0.32014966011047363
endloop
endfacet
facet normal 4.1144821963524215e-7 -0.7071141997934459 0.7070993625016962
outer loop
vertex 67.64154052734375 -58.91501235961914 0
vertex 59.848472595214844 -59.18367004394531 -0.2686587870121002
vertex 60.94160079956055 -59.213008880615234 -0.2979988753795624
endloop
endfacet
facet normal 0 -0.7071067811865476 0.7071067811865476
outer loop
vertex 67.64154052734375 -58.91501235961914 0
vertex 63.331302642822266 -59.91501235961914 -1
vertex 67.831298828125 -59.91501235961914 -1
endloop
endfacet
facet normal 0 -0.7071082323162615 0.7071053300538555
outer loop
vertex 59.231300354003906 -58.91501235961914 0
vertex 59.848472595214844 -59.18367004394531 -0.2686587870121002
vertex 67.64154052734375 -58.91501235961914 0
endloop
endfacet
facet normal -2.95247171577072e-7 -0.7071115717606729 0.7071019905799047
outer loop
vertex 46.460941314697266 -58.91501235961914 0
vertex 54.7534294128418 -59.32011032104492 -0.4050999879837036
vertex 55.44898223876953 -59.27336120605469 -0.3583499491214752
endloop
endfacet
facet normal -4.802040930178895e-7 -0.7071087838866759 0.707104778480584
outer loop
vertex 59.231300354003906 -59.17807388305664 -0.2630630135536194
vertex 59.848472595214844 -59.18367004394531 -0.2686587870121002
vertex 59.231300354003906 -58.91501235961914 0
endloop
endfacet
facet normal 0.0000015890348969923898 -0.7070922857398151 0.707121276334349
outer loop
vertex 46.460941314697266 -58.91501235961914 0
vertex 54.331302642822266 -59.35221862792969 -0.4372060298919678
vertex 54.7534294128418 -59.32011032104492 -0.4050999879837036
endloop
endfacet
facet normal 4.802070611432211e-7 -0.7071087838866759 0.707104778480584
outer loop
vertex 58.43130111694336 -58.91501235961914 0
vertex 57.81413269042969 -59.18367004394531 -0.2686587870121002
vertex 58.43130111694336 -59.17807388305664 -0.2630630135536194
endloop
endfacet
facet normal 7.438706510221414e-7 -0.7070967686949778 0.707116793535953
outer loop
vertex 46.460941314697266 -58.91501235961914 0
vertex 56.21246337890625 -59.23516082763672 -0.32014966011047363
vertex 56.72100067138672 -59.213008880615234 -0.2979988753795624
endloop
endfacet
facet normal -7.798649903873501e-7 -0.707107336554625 0.7071062258176037
outer loop
vertex 58.43130111694336 -58.91501235961914 0
vertex 56.72100067138672 -59.213008880615234 -0.2979988753795624
vertex 57.81413269042969 -59.18367004394531 -0.2686587870121002
endloop
endfacet
facet normal 0 -0.7071067811865476 0.7071067811865476
outer loop
vertex 46.460941314697266 -58.91501235961914 0
vertex 46.460941314697266 -59.91501235961914 -1
vertex 54.331302642822266 -59.91501235961914 -1
endloop
endfacet
facet normal 0.2590428959189033 -0.6579501213196118 0.7071056610786371
outer loop
vertex 67.64154052734375 -58.91501235961914 0
vertex 67.831298828125 -59.91501235961914 -1
vertex 68.34782409667969 -58.636940002441406 0
endloop
endfacet
facet normal 0.259039762005922 -0.6579499082084896 0.7071070074524471
outer loop
vertex 68.34782409667969 -58.636940002441406 0
vertex 67.831298828125 -59.91501235961914 -1
vertex 68.89073181152344 -59.49790573120117 -1
endloop
endfacet
facet normal 0.4820620792510964 -0.5173162700687506 0.707106801318065
outer loop
vertex 68.34782409667969 -58.636940002441406 0
vertex 68.89073181152344 -59.49790573120117 -1
vertex 71.14110565185547 -56.03401565551758 0
endloop
endfacet
facet normal 0.4820632248680154 -0.5173166983989013 0.7071057069402774
outer loop
vertex 71.14110565185547 -56.03401565551758 0
vertex 68.89073181152344 -59.49790573120117 -1
vertex 71.9748764038086 -56.62393569946289 -1
endloop
endfacet
facet normal 0.6482572456824862 -0.28242473318932965 0.7071059422060407
outer loop
vertex 71.14110565185547 -56.03401565551758 0
vertex 71.9748764038086 -56.62393569946289 -1
vertex 72.47288513183594 -55.48084259033203 -1
endloop
endfacet
facet normal 0.6482573981600899 -0.2824269629647358 0.7071049118208884
outer loop
vertex 71.14110565185547 -56.03401565551758 0
vertex 72.47288513183594 -55.48084259033203 -1
vertex 71.47311401367188 -55.27195358276367 0
endloop
endfacet
facet normal 0.7071077167502763 -0.0007638525778823946 0.7071054330447832
outer loop
vertex 71.47311401367188 -55.27195358276367 0
vertex 72.47288513183594 -55.48084259033203 -1
vertex 71.58053588867188 44.169795989990234 0
endloop
endfacet
facet normal 0.7071059169907614 -0.0007638799702834129 0.7071072327759387
outer loop
vertex 71.58053588867188 44.169795989990234 0
vertex 72.49170684814453 -38.058902740478516 -1
vertex 72.58074188232422 44.35875701904297 -1
endloop
endfacet
facet normal 0.7071043214911078 -0.0007639170525432737 0.7071088282289627
outer loop
vertex 71.58053588867188 44.169795989990234 0
vertex 72.47288513183594 -55.48084259033203 -1
vertex 72.49170684814453 -38.058902740478516 -1
endloop
endfacet
facet normal 0.6580918543534 0.25867776785736624 0.7071074343054482
outer loop
vertex 71.30244445800781 44.87727737426758 0
vertex 71.58053588867188 44.169795989990234 0
vertex 72.58074188232422 44.35875701904297 -1
endloop
endfacet
facet normal 0.6580921905207654 0.2586826311870778 0.7071053422918759
outer loop
vertex 71.30244445800781 44.87727737426758 0
vertex 72.58074188232422 44.35875701904297 -1
vertex 72.1635971069336 45.419979095458984 -1
endloop
endfacet
facet normal 0.5173170112623406 0.48206324251538707 0.7071054660191437
outer loop
vertex 71.30244445800781 44.87727737426758 0
vertex 72.1635971069336 45.419979095458984 -1
vertex 69.2900161743164 48.50370788574219 -1
endloop
endfacet
facet normal 0.5173166145050352 0.48206312455841255 0.7071058367019956
outer loop
vertex 71.30244445800781 44.87727737426758 0
vertex 69.2900161743164 48.50370788574219 -1
vertex 68.69977569580078 47.67028045654297 0
endloop
endfacet
facet normal 0.2830062116548637 0.6480019186325571 0.7071074866053161
outer loop
vertex 69.2900161743164 48.50370788574219 -1
vertex 68.14994812011719 49.001617431640625 -1
vertex 67.93972778320312 48.00221633911133 0
endloop
endfacet
facet normal 0.2830034833935592 0.6480052868850144 0.7071054918158829
outer loop
vertex 67.93972778320312 48.00221633911133 0
vertex 68.69977569580078 47.67028045654297 0
vertex 69.2900161743164 48.50370788574219 -1
endloop
endfacet
facet normal 0.002035475969673481 0.7071031117985154 0.707107520906427
outer loop
vertex 68.14994812011719 49.001617431640625 -1
vertex 38.534690856933594 49.08686828613281 -1
vertex 67.93972778320312 48.00221633911133 0
endloop
endfacet
facet normal 0.0020354813239153854 0.707103187315549 0.7071074453744437
outer loop
vertex 38.534690856933594 49.08686828613281 -1
vertex 30.122989654541016 48.11107635498047 0
vertex 67.93972778320312 48.00221633911133 0
endloop
endfacet
facet normal 0.002035429318575163 0.7071034087985609 0.7071072240423968
outer loop
vertex 29.93535804748535 49.11162185668945 -1
vertex 30.122989654541016 48.11107635498047 0
vertex 38.534690856933594 49.08686828613281 -1
endloop
endfacet
facet normal -0.25809085202808224 0.6583222860379739 0.7071074033024648
outer loop
vertex 29.413524627685547 47.83293533325195 0
vertex 30.122989654541016 48.11107635498047 0
vertex 29.93535804748535 49.11162185668945 -1
endloop
endfacet
facet normal -0.2580920657031903 0.6583223721808185 0.707106880115927
outer loop
vertex 28.87116050720215 48.69440841674805 -1
vertex 29.413524627685547 47.83293533325195 0
vertex 29.93535804748535 49.11162185668945 -1
endloop
endfacet
facet normal -0.4820620621213311 0.5173160217030378 0.7071069946992973
outer loop
vertex 28.87116050720215 48.69440841674805 -1
vertex 26.69380760192871 45.298561096191406 0
vertex 29.413524627685547 47.83293533325195 0
endloop
endfacet
facet normal -0.4820621159807971 0.5173160412194793 0.7071069437030881
outer loop
vertex 25.897361755371094 45.92326736450195 -1
vertex 26.69380760192871 45.298561096191406 0
vertex 28.87116050720215 48.69440841674805 -1
endloop
endfacet
facet normal -0.6172568669541351 0.34495461191343046 0.7071069762897406
outer loop
vertex 26.69380760192871 45.298561096191406 0
vertex 25.897361755371094 45.92326736450195 -1
vertex 26.387855529785156 44.751094818115234 0
endloop
endfacet
facet normal -0.6172579668307466 0.3449537085448383 0.7071064568685083
outer loop
vertex 25.897361755371094 45.92326736450195 -1
vertex 25.438434600830078 45.10206604003906 -1
vertex 26.387855529785156 44.751094818115234 0
endloop
endfacet
facet normal -0.6927366736405746 0.14115845955413175 0.7072412532436839
outer loop
vertex 25.438434600830078 45.10206604003906 -1
vertex 26.24036407470703 44.027278900146484 0
vertex 26.387855529785156 44.751094818115234 0
endloop
endfacet
facet normal -0.6938395062620808 0.13961450659180283 0.7064662264391126
outer loop
vertex 25.26178741455078 44.224185943603516 -1
vertex 26.24036407470703 44.027278900146484 0
vertex 25.438434600830078 45.10206604003906 -1
endloop
endfacet
facet normal -0.580330740469097 0.40635244963599154 0.7057576909544935
outer loop
vertex 25.26178741455078 44.224185943603516 -1
vertex 26.02783203125 43.581398010253906 0
vertex 26.1278133392334 43.724185943603516 0
endloop
endfacet
facet normal -0.6843133256935723 0.18336020947910367 0.7057579654938244
outer loop
vertex 25.26178741455078 44.224185943603516 -1
vertex 26.201480865478516 43.882164001464844 0
vertex 26.24036407470703 44.027278900146484 0
endloop
endfacet
facet normal -0.642074760043447 0.2994090437442114 0.7057579096541015
outer loop
vertex 25.26178741455078 44.224185943603516 -1
vertex 26.1278133392334 43.724185943603516 0
vertex 26.201480865478516 43.882164001464844 0
endloop
endfacet
facet normal -0.4893638409313016 0.5134439893942309 0.7049101367861728
outer loop
vertex 25.8817081451416 43.4421272277832 0
vertex 26.02783203125 43.581398010253906 0
vertex 25.26178741455078 44.224185943603516 -1
endloop
endfacet
facet normal -0.43969838326284666 0.554698227789464 0.7063817720208149
outer loop
vertex 25.26178741455078 44.224185943603516 -1
vertex 23.540193557739258 42.85951232910156 -1
vertex 24.160112380981445 42.077457427978516 0
endloop
endfacet
facet normal -0.43969641158253003 0.5546979055338103 0.7063832523763928
outer loop
vertex 25.26178741455078 44.224185943603516 -1
vertex 24.160112380981445 42.077457427978516 0
vertex 25.8817081451416 43.4421272277832 0
endloop
endfacet
facet normal -0.06175240428537438 0.7057572672544633 0.7057572672544633
outer loop
vertex 23.540193557739258 42.85951232910156 -1
vertex 23.540193557739258 41.85951232910156 0
vertex 23.713842391967773 41.87470626831055 0
endloop
endfacet
facet normal -0.18336712038040762 0.6843126977078077 0.7057567788687968
outer loop
vertex 23.540193557739258 42.85951232910156 -1
vertex 23.713842391967773 41.87470626831055 0
vertex 23.882213592529297 41.919822692871094 0
endloop
endfacet
facet normal -0.2994001555273929 0.6420800756529277 0.7057568443307536
outer loop
vertex 23.540193557739258 42.85951232910156 -1
vertex 23.882213592529297 41.919822692871094 0
vertex 24.040193557739258 41.99348831176758 0
endloop
endfacet
facet normal -0.40635594892446525 0.580329166381496 0.705756970508018
outer loop
vertex 23.540193557739258 42.85951232910156 -1
vertex 24.040193557739258 41.99348831176758 0
vertex 24.160112380981445 42.077457427978516 0
endloop
endfacet
facet normal 0.02237261348036207 0.7069297936026103 0.7069297936026103
outer loop
vertex 16.448049545288086 42.083961486816406 0
vertex 23.540193557739258 41.85951232910156 0
vertex 23.540193557739258 42.85951232910156 -1
endloop
endfacet
facet normal 0.022417001797557422 0.7067516747779383 0.7071064617361289
outer loop
vertex 23.540193557739258 42.85951232910156 -1
vertex 16.479751586914062 43.083457946777344 -1
vertex 16.448049545288086 42.083961486816406 0
endloop
endfacet
facet normal 0.07288419014320059 0.7042475090427333 0.7062034698543156
outer loop
vertex 16.448049545288086 42.083961486816406 0
vertex 16.479751586914062 43.083457946777344 -1
vertex 16.306102752685547 42.09865188598633 0
endloop
endfacet
facet normal 0.18335248589561165 0.6843159433635684 0.7057574339490368
outer loop
vertex 16.479751586914062 43.083457946777344 -1
vertex 16.137731552124023 42.14376449584961 0
vertex 16.306102752685547 42.09865188598633 0
endloop
endfacet
facet normal 0.29941263166010373 0.6420735822936882 0.7057574589920543
outer loop
vertex 16.479751586914062 43.083457946777344 -1
vertex 15.979751586914062 42.21743392944336 0
vertex 16.137731552124023 42.14376449584961 0
endloop
endfacet
facet normal 0.40634710147455716 0.5803348038595036 0.7057574289744157
outer loop
vertex 15.852604866027832 42.306461334228516 0
vertex 15.979751586914062 42.21743392944336 0
vertex 16.479751586914062 43.083457946777344 -1
endloop
endfacet
facet normal 0.4444473873973636 0.5506436531154962 0.7065819748049613
outer loop
vertex 16.479751586914062 43.083457946777344 -1
vertex 14.913400650024414 44.34772491455078 -1
vertex 15.852604866027832 42.306461334228516 0
endloop
endfacet
facet normal 0.4444488590712485 0.5506438149628895 0.7065809229758334
outer loop
vertex 15.852604866027832 42.306461334228516 0
vertex 14.913400650024414 44.34772491455078 -1
vertex 14.286253929138184 43.57073211669922 0
endloop
endfacet
facet normal 0.4926835321787975 0.5098977676381456 0.7051717547360072
outer loop
vertex 14.147356033325195 43.70494079589844 0
vertex 14.286253929138184 43.57073211669922 0
vertex 14.913400650024414 44.34772491455078 -1
endloop
endfacet
facet normal 0.6420794112701006 0.29940010699014175 0.7057574693599301
outer loop
vertex 13.973708152770996 44.005706787109375 0
vertex 14.047374725341797 43.84772491455078 0
vertex 14.913400650024414 44.34772491455078 -1
endloop
endfacet
facet normal 0.6843130811222059 0.18336323200771987 0.705757417355791
outer loop
vertex 14.913400650024414 44.34772491455078 -1
vertex 13.946648597717285 44.106693267822266 0
vertex 13.973708152770996 44.005706787109375 0
endloop
endfacet
facet normal 0.5803259571291811 0.40635995654227286 0.7057573019112604
outer loop
vertex 14.913400650024414 44.34772491455078 -1
vertex 14.047374725341797 43.84772491455078 0
vertex 14.147356033325195 43.70494079589844 0
endloop
endfacet
facet normal 0.6872838063243503 0.17167191257945938 0.7058113940675819
outer loop
vertex 13.946648597717285 44.106693267822266 0
vertex 14.913400650024414 44.34772491455078 -1
vertex 11.89794921875 52.3086051940918 0
endloop
endfacet
facet normal 0.686103064391749 0.17106191154823266 0.7071070692969461
outer loop
vertex 12.822547912597656 52.73381423950195 -1
vertex 11.89794921875 52.3086051940918 0
vertex 14.913400650024414 44.34772491455078 -1
endloop
endfacet
facet normal 0.5764235801592552 0.40955504151143657 0.7071071518581551
outer loop
vertex 12.822547912597656 52.73381423950195 -1
vertex 12.166082382202148 53.65774917602539 -1
vertex 11.460306167602539 52.924560546875 0
endloop
endfacet
facet normal 0.5764235404977351 0.40955526383004115 0.707107055423124
outer loop
vertex 11.89794921875 52.3086051940918 0
vertex 12.822547912597656 52.73381423950195 -1
vertex 11.460306167602539 52.924560546875 0
endloop
endfacet
facet normal 0.3873048439181853 0.5916031540250044 0.7071072521373097
outer loop
vertex 8.28299617767334 55.0046501159668 0
vertex 11.460306167602539 52.924560546875 0
vertex 12.166082382202148 53.65774917602539 -1
endloop
endfacet
facet normal 0.38730497098231653 0.5916042574085254 0.7071062593899833
outer loop
vertex 12.166082382202148 53.65774917602539 -1
vertex 8.658632278442383 55.9539680480957 -1
vertex 8.28299617767334 55.0046501159668 0
endloop
endfacet
facet normal 0.12236252570584845 0.6964381850022716 0.7071076769302022
outer loop
vertex 7.443079948425293 56.167537689208984 -1
vertex 7.472628116607666 55.14702606201172 0
vertex 8.658632278442383 55.9539680480957 -1
endloop
endfacet
facet normal 0.12235965399100501 0.6964403630798145 0.7071060286466646
outer loop
vertex 8.658632278442383 55.9539680480957 -1
vertex 7.472628116607666 55.14702606201172 0
vertex 8.28299617767334 55.0046501159668 0
endloop
endfacet
facet normal -0.1624511524552489 0.6881918471818536 0.7071079157656134
outer loop
vertex 7.443079948425293 56.167537689208984 -1
vertex -10.952168464660645 50.797760009765625 0
vertex 7.472628116607666 55.14702606201172 0
endloop
endfacet
facet normal -0.16245145418527782 0.6881930965403181 0.7071066305072645
outer loop
vertex -6.044112682342529 52.98381423950195 -1
vertex -11.181909561157227 51.77101135253906 -1
vertex -10.952168464660645 50.797760009765625 0
endloop
endfacet
facet normal -0.16245173273469696 0.6881935090174015 0.70710616506845
outer loop
vertex -6.044112682342529 52.98381423950195 -1
vertex -10.952168464660645 50.797760009765625 0
vertex 7.443079948425293 56.167537689208984 -1
endloop
endfacet
facet normal -0.11461691984101245 0.6986137619500598 0.7062589987392333
outer loop
vertex -11.181909561157227 51.77101135253906 -1
vertex -11.038989067077637 50.78351593017578 0
vertex -10.952168464660645 50.797760009765625 0
endloop
endfacet
facet normal -0.10128164194787698 0.6998155434288315 0.7071069467766182
outer loop
vertex -11.181909561157227 51.77101135253906 -1
vertex -11.443592071533203 51.73313903808594 -1
vertex -11.300354957580566 50.74345016479492 0
endloop
endfacet
facet normal -0.10726414310837755 0.6997292580350416 0.706309683533332
outer loop
vertex -11.038989067077637 50.78351593017578 0
vertex -11.181909561157227 51.77101135253906 -1
vertex -11.300354957580566 50.74345016479492 0
endloop
endfacet
facet normal -0.043953095763193596 0.7069199689292678 0.7059265421429305
outer loop
vertex -11.443592071533203 51.73313903808594 -1
vertex -11.388152122497559 50.73799133300781 0
vertex -11.300354957580566 50.74345016479492 0
endloop
endfacet
facet normal -0.03954940963655715 0.7071726772529388 0.7059338841168561
outer loop
vertex -11.443592071533203 51.73313903808594 -1
vertex -26.74650001525879 49.879058837890625 0
vertex -11.388152122497559 50.73799133300781 0
endloop
endfacet
facet normal -0.03933217767019113 0.7060122209306681 0.7071065858102764
outer loop
vertex -11.443592071533203 51.73313903808594 -1
vertex -26.8021240234375 50.87751007080078 -1
vertex -26.74650001525879 49.879058837890625 0
endloop
endfacet
facet normal 0.02132943571439226 0.7080865388605182 0.705803449025745
outer loop
vertex -26.858322143554688 49.88242721557617 0
vertex -26.74650001525879 49.879058837890625 0
vertex -26.8021240234375 50.87751007080078 -1
endloop
endfacet
facet normal 0.039883506188214166 0.7059791765480796 0.7071086961808843
outer loop
vertex -26.8021240234375 50.87751007080078 -1
vertex -26.926570892333984 50.88454055786133 -1
vertex -27.194534301757812 49.89807891845703 0
endloop
endfacet
facet normal 0.03986649753783763 0.7059819559993159 0.707106880306963
outer loop
vertex -26.926570892333984 50.88454055786133 -1
vertex -27.138147354125977 50.896488189697266 -1
vertex -27.194534301757812 49.89807891845703 0
endloop
endfacet
facet normal 0.032937991563172696 0.7075366376826197 0.7059086308075272
outer loop
vertex -26.8021240234375 50.87751007080078 -1
vertex -27.194534301757812 49.89807891845703 0
vertex -26.858322143554688 49.88242721557617 0
endloop
endfacet
facet normal 0.08262372439750304 0.7029164531103592 0.7064572033134333
outer loop
vertex -27.194534301757812 49.89807891845703 0
vertex -27.138147354125977 50.896488189697266 -1
vertex -27.30575180053711 49.91115188598633 0
endloop
endfacet
facet normal 0.11860478711013975 0.6972720519349537 0.7069261560198333
outer loop
vertex -42.29585647583008 53.474788665771484 -1
vertex -27.30575180053711 49.91115188598633 0
vertex -27.138147354125977 50.896488189697266 -1
endloop
endfacet
facet normal 0.11860482058237093 0.6972721609763955 0.706926042851677
outer loop
vertex -27.30575180053711 49.91115188598633 0
vertex -42.29585647583008 53.474788665771484 -1
vertex -42.46345901489258 52.48945236206055 0
endloop
endfacet
facet normal 0.17656782973142332 0.6861627713422502 0.7056943054381678
outer loop
vertex -42.29585647583008 53.474788665771484 -1
vertex -42.566162109375 52.5158805847168 0
vertex -42.46345901489258 52.48945236206055 0
endloop
endfacet
facet normal 0.1922210856651998 0.6818471383813842 0.7057871733793477
outer loop
vertex -42.29585647583008 53.474788665771484 -1
vertex -42.42815399169922 53.5120849609375 -1
vertex -42.566162109375 52.5158805847168 0
endloop
endfacet
facet normal 0.19183988622315148 0.6805861474399668 0.7071067486360966
outer loop
vertex -42.42815399169922 53.5120849609375 -1
vertex -42.603004455566406 53.561370849609375 -1
vertex -42.87432098388672 52.598880767822266 0
endloop
endfacet
facet normal 0.18410085797892148 0.6835203377724622 0.7063333645969474
outer loop
vertex -42.566162109375 52.5158805847168 0
vertex -42.42815399169922 53.5120849609375 -1
vertex -42.87432098388672 52.598880767822266 0
endloop
endfacet
facet normal 0.21705883619539615 0.673223816747267 0.7068628963198892
outer loop
vertex -42.87432098388672 52.598880767822266 0
vertex -42.603004455566406 53.561370849609375 -1
vertex -42.94502639770508 52.62167739868164 0
endloop
endfacet
facet normal 0.26300548457985606 0.6565686768422331 0.7069269323420593
outer loop
vertex -42.603004455566406 53.561370849609375 -1
vertex -58.85601043701172 58.99523162841797 0
vertex -42.94502639770508 52.62167739868164 0
endloop
endfacet
facet normal 0.26295852501618827 0.6563953931668691 0.7071052976400488
outer loop
vertex -58.85601043701172 58.99523162841797 0
vertex -42.603004455566406 53.561370849609375 -1
vertex -58.65984344482422 59.993900299072266 -1
endloop
endfacet
facet normal 0.004867126032079098 0.7070891169032627 0.7071076946555962
outer loop
vertex -59.717933654785156 60.00119400024414 -1
vertex -59.7955207824707 60.00172805786133 -1
vertex -59.613128662109375 59.00044631958008 0
endloop
endfacet
facet normal 0.004874158348954998 0.7070894610702644 0.7071073020580062
outer loop
vertex -59.717933654785156 60.00119400024414 -1
vertex -59.613128662109375 59.00044631958008 0
vertex -58.65984344482422 59.993900299072266 -1
endloop
endfacet
facet normal 0.0048701288153559785 0.7070914019743691 0.7071053889621003
outer loop
vertex -58.65984344482422 59.993900299072266 -1
vertex -59.613128662109375 59.00044631958008 0
vertex -58.85601043701172 58.99523162841797 0
endloop
endfacet
facet normal -0.2538874273530833 0.6599563293607758 0.7071059450808515
outer loop
vertex -63.1690559387207 57.632469177246094 -1.3074498428355952e-10
vertex -60.41777801513672 58.690895080566406 -2.7720967188393786e-10
vertex -63.72076416015625 58.491668701171875 -1
endloop
endfacet
facet normal -0.25388771424442735 0.659954898195837 0.7071071778047954
outer loop
vertex -59.7955207824707 60.00172805786133 -1
vertex -63.72076416015625 58.491668701171875 -1
vertex -60.41777801513672 58.690895080566406 -2.7720967188393786e-10
endloop
endfacet
facet normal -0.2538867662533452 0.6599547870099747 0.7071076219530081
outer loop
vertex -59.613128662109375 59.00044631958008 0
vertex -59.7955207824707 60.00172805786133 -1
vertex -60.41777801513672 58.690895080566406 -2.7720967188393786e-10
endloop
endfacet
facet normal -0.4944619263227957 0.5054775553896592 0.7071066711709373
outer loop
vertex -63.72076416015625 58.491668701171875 -1
vertex -64.60614776611328 57.625579833984375 -1
vertex -63.759307861328125 57.055076599121094 -8.948027735433683e-11
endloop
endfacet
facet normal -0.49446438366111817 0.5054768007129851 0.7071054922934736
outer loop
vertex -63.72076416015625 58.491668701171875 -1
vertex -63.759307861328125 57.055076599121094 -8.948027735433683e-11
vertex -63.1690559387207 57.632469177246094 -1.3074498428355952e-10
endloop
endfacet
facet normal -0.654202162106097 0.26836396068288554 0.7071070044217513
outer loop
vertex -64.60614776611328 57.625579833984375 -1
vertex -71.65876007080078 37.798248291015625 -8.142363736377001e-13
vertex -63.759307861328125 57.055076599121094 -8.948027735433683e-11
endloop
endfacet
facet normal -0.6542019395485488 0.26836389319558596 0.7071072359407907
outer loop
vertex -72.65648651123047 38.00093078613281 -1
vertex -71.65876007080078 37.798248291015625 -8.142363736377001e-13
vertex -64.60614776611328 57.625579833984375 -1
endloop
endfacet
facet normal -0.7070588915040819 0.008170950660613421 0.7071074596624766
outer loop
vertex -72.65648651123047 38.00093078613281 -1
vertex -71.66759490966797 37.03374099731445 -1.6284727472754001e-13
vertex -71.65876007080078 37.798248291015625 -8.142363736377001e-13
endloop
endfacet
facet normal -0.7070588848540776 0.008170964173507284 0.7071074661558762
outer loop
vertex -72.65648651123047 38.00093078613281 -1
vertex -72.66973876953125 36.85417175292969 -1
vertex -71.66759490966797 37.03374099731445 -1.6284727472754001e-13
endloop
endfacet
facet normal -0.6602309597900693 -0.2531709049512532 0.707106478983786
outer loop
vertex -72.05496215820312 35.25093078613281 -1
vertex -71.16056060791016 32.9184684753418 -1
vertex -70.30070495605469 33.46909713745117 -8.347411439369248e-15
endloop
endfacet
facet normal -0.6602302717248539 -0.2531703477178709 0.7071073209453697
outer loop
vertex -72.66973876953125 36.85417175292969 -1
vertex -70.30070495605469 33.46909713745117 -8.347411439369248e-15
vertex -71.66759490966797 37.03374099731445 -1.6284727472754001e-13
endloop
endfacet
facet normal -0.6602312026358219 -0.25317136341674373 0.7071060880884588
outer loop
vertex -72.66973876953125 36.85417175292969 -1
vertex -72.05496215820312 35.25093078613281 -1
vertex -70.30070495605469 33.46909713745117 -8.347411439369248e-15
endloop
endfacet
facet normal -0.5061657320879532 -0.4937576044897156 0.7071065546778955
outer loop
vertex -71.16056060791016 32.9184684753418 -1
vertex -70.29637145996094 32.032562255859375 -1
vertex -70.30070495605469 33.46909713745117 -8.347411439369248e-15
endloop
endfacet
facet normal -0.5061649198297812 -0.49375787519975045 0.707106947082221
outer loop
vertex -70.30070495605469 33.46909713745117 -8.347411439369248e-15
vertex -70.29637145996094 32.032562255859375 -1
vertex -69.72457885742188 32.87849426269531 -1.6694823514013207e-15
endloop
endfacet
facet normal -0.26947200340401295 -0.6537465694370741 0.707106966682329
outer loop
vertex -63.67853546142578 29.30471420288086 -1
vertex -60.724220275878906 28.086956024169922 -1
vertex -60.3431282043457 29.011493682861328 0
endloop
endfacet
facet normal -0.26947199378413994 -0.6537466260683137 0.7071069179906931
outer loop
vertex -60.3431282043457 29.011493682861328 0
vertex -70.29637145996094 32.032562255859375 -1
vertex -63.67853546142578 29.30471420288086 -1
endloop
endfacet
facet normal -0.26947195556102005 -0.6537464376569024 0.7071071067504762
outer loop
vertex -69.72457885742188 32.87849426269531 -1.6694823514013207e-15
vertex -70.29637145996094 32.032562255859375 -1
vertex -60.3431282043457 29.011493682861328 0
endloop
endfacet
facet normal -0.31254260737615475 -0.6351511304574841 0.7063286487557296
outer loop
vertex -60.724220275878906 28.086956024169922 -1
vertex -60.224220275878906 28.95298194885254 0
vertex -60.3431282043457 29.011493682861328 0
endloop
endfacet
facet normal -0.40635244963599154 -0.580330740469097 0.7057576909544935
outer loop
vertex -60.224220275878906 28.95298194885254 0
vertex -60.724220275878906 28.086956024169922 -1
vertex -60.0814323425293 28.85300064086914 0
endloop
endfacet
facet normal -0.5009521406968298 -0.5009521406968298 0.7057576818303342
outer loop
vertex -60.0814323425293 28.85300064086914 0
vertex -60.724220275878906 28.086956024169922 -1
vertex -59.95817565917969 28.72974395751953 0
endloop
endfacet
facet normal -0.5803311272051687 -0.40635194554501386 0.7057576631879815
outer loop
vertex -59.95817565917969 28.72974395751953 0
vertex -60.724220275878906 28.086956024169922 -1
vertex -59.895606994628906 28.6403865814209 0
endloop
endfacet
facet normal -0.5882935318336225 -0.3945841929529777 0.7058427835392026
outer loop
vertex -60.724220275878906 28.086956024169922 -1
vertex -58.878265380859375 27.123611450195312 0
vertex -59.895606994628906 28.6403865814209 0
endloop
endfacet
facet normal -0.5880130479485494 -0.39273436260326045 0.7071070469687513
outer loop
vertex -60.724220275878906 28.086956024169922 -1
vertex -59.709842681884766 26.568201065063477 -1
vertex -58.878265380859375 27.123611450195312 0
endloop
endfacet
facet normal -0.6918096772087993 -0.20876416143646714 0.691243007501693
outer loop
vertex -59.709842681884766 26.568201065063477 -1
vertex -58.710025787353516 26.56609344482422 0
vertex -58.878265380859375 27.123611450195312 0
endloop
endfacet
facet normal -0.7071691648784041 0.0014907854986523441 0.7070428203466729
outer loop
vertex -59.709842681884766 26.568201065063477 -1
vertex -59.815738677978516 -23.664634704589844 -1
vertex -58.815921783447266 -23.6667423248291 0
endloop
endfacet
facet normal -0.7071691648784041 0.0014907854986523441 0.7070428203466729
outer loop
vertex -59.709842681884766 26.568201065063477 -1
vertex -58.815921783447266 -23.6667423248291 0
vertex -58.710025787353516 26.56609344482422 0
endloop
endfacet
facet normal -0.7049352683656045 0.0779920822085281 0.7049705685538166
outer loop
vertex -59.815738677978516 -23.664634704589844 -1
vertex -58.83769226074219 -23.863515853881836 0
vertex -58.815921783447266 -23.6667423248291 0
endloop
endfacet
facet normal -0.6935982690343886 0.1410361369951801 0.7064207310477069
outer loop
vertex -59.815738677978516 -23.664634704589844 -1
vertex -58.95674514770508 -24.449003219604492 0
vertex -58.83769226074219 -23.863515853881836 0
endloop
endfacet
facet normal -0.6935982690343886 0.1410361369951801 0.7064207310477069
outer loop
vertex -59.815738677978516 -23.664634704589844 -1
vertex -59.934791564941406 -24.2501220703125 -1
vertex -58.95674514770508 -24.449003219604492 0
endloop
endfacet
facet normal -0.684310530940782 0.18337399431307633 0.7057570938029691
outer loop
vertex -59.934791564941406 -24.2501220703125 -1
vertex -58.99510192871094 -24.59214210510254 0
vertex -58.95674514770508 -24.449003219604492 0
endloop
endfacet
facet normal -0.6420783137619817 0.2994044081325052 0.7057566431762398
outer loop
vertex -59.934791564941406 -24.2501220703125 -1
vertex -59.016258239746094 -24.63751220703125 0
vertex -58.99510192871094 -24.59214210510254 0
endloop
endfacet
facet normal -0.651531926441855 0.27478367426057765 0.7071068385942977
outer loop
vertex -60.51765441894531 -25.632139205932617 -1
vertex -60.5736198425293 -25.76483726501465 -1
vertex -59.576210021972656 -25.973228454589844 0
endloop
endfacet
facet normal -0.6531405697778483 0.27380607727131456 0.7060011530865672
outer loop
vertex -59.934791564941406 -24.2501220703125 -1
vertex -59.576210021972656 -25.973228454589844 0
vertex -59.016258239746094 -24.63751220703125 0
endloop
endfacet
facet normal -0.6515324100880758 0.27478243954593373 0.7071068727724322
outer loop
vertex -59.934791564941406 -24.2501220703125 -1
vertex -60.51765441894531 -25.632139205932617 -1
vertex -59.576210021972656 -25.973228454589844 0
endloop
endfacet
facet normal -0.7070483916896685 0.009069460416131804 0.7071070051249765
outer loop
vertex -60.5736198425293 -25.76483726501465 -1
vertex -60.02037811279297 -60.600242614746094 0
vertex -59.576210021972656 -25.973228454589844 0
endloop
endfacet
facet normal -0.7070483327412289 0.009069463043418213 0.7071070640348268
outer loop
vertex -60.02037811279297 -60.600242614746094 0
vertex -60.5736198425293 -25.76483726501465 -1
vertex -61.025657653808594 -61.00535583496094 -1
endloop
endfacet
facet normal -0.503196445610561 -0.4967832888625241 0.7071065697840967
outer loop
vertex -61.025657653808594 -61.00535583496094 -1
vertex -58.84577178955078 -61.79001235961914 0
vertex -60.02037811279297 -60.600242614746094 0
endloop
endfacet
facet normal -0.5031964615204894 -0.49678384921409807 0.707106164782406
outer loop
vertex -61.025657653808594 -61.00535583496094 -1
vertex -59.26374435424805 -62.79001235961914 -1
vertex -58.84577178955078 -61.79001235961914 0
endloop
endfacet
facet normal 0.39680642413234346 -0.4893255700983816 -0.7765984472140004
outer loop
vertex 43.08482360839844 -62.53306579589844 -21.354616165161133
vertex 42.785457611083984 -61.44059371948242 -22.195932388305664
vertex 44.60306167602539 -61.76924133300781 -21.060142517089844
endloop
endfacet
facet normal 0.39681020427722213 -0.4893148984975878 -0.7766032396853394
outer loop
vertex 42.785457611083984 -61.44059371948242 -22.195932388305664
vertex 44.60306167602539 -61.512290954589844 -21.222042083740234
vertex 44.672122955322266 -61.59976577758789 -21.13163948059082
endloop
endfacet
facet normal 0.3968067594016483 -0.48932653622369 -0.776597667161374
outer loop
vertex 42.785457611083984 -61.44059371948242 -22.195932388305664
vertex 43.81026840209961 -60.7515754699707 -22.106443405151367
vertex 44.60306167602539 -61.512290954589844 -21.222042083740234
endloop
endfacet
facet normal 0.39680866962104383 -0.48933204976596123 -0.7765932170611717
outer loop
vertex 43.08482360839844 -62.53306579589844 -21.354616165161133
vertex 44.60306167602539 -61.76924133300781 -21.060142517089844
vertex 43.169437408447266 -62.73311996459961 -21.185327529907227
endloop
endfacet
facet normal 0.3968070576049445 -0.4893241154986021 -0.7765990400627708
outer loop
vertex 44.60306167602539 -61.76924133300781 -21.060142517089844
vertex 42.785457611083984 -61.44059371948242 -22.195932388305664
vertex 44.672122955322266 -61.59976577758789 -21.13163948059082
endloop
endfacet
facet normal 0.6555998517407776 -0.17165394964271105 -0.7353392115000588
outer loop
vertex 44.60306167602539 -61.512290954589844 -21.222042083740234
vertex 43.81026840209961 -60.7515754699707 -22.106443405151367
vertex 44.800437927246094 -61.28488540649414 -21.099153518676758
endloop
endfacet
facet normal 0.6744529427861636 -0.20156406558802098 -0.7102711844293781
outer loop
vertex 44.672122955322266 -61.59976577758789 -21.13163948059082
vertex 44.60306167602539 -61.512290954589844 -21.222042083740234
vertex 44.800437927246094 -61.28488540649414 -21.099153518676758
endloop
endfacet
facet normal 0.39693348061220884 -0.48954238579874587 -0.7763968472859412
outer loop
vertex 45.40659713745117 -59.07548141479492 -21.888757705688477
vertex 46.0614013671875 -60.18363571166992 -20.855262756347656
vertex 44.900508880615234 -59.41574478149414 -21.93294906616211
endloop
endfacet
facet normal 0.396935129384171 -0.48954043577733053 -0.7763972338949392
outer loop
vertex 45.55531311035156 -60.52389907836914 -20.899456024169922
vertex 44.900508880615234 -59.41574478149414 -21.93294906616211
vertex 46.0614013671875 -60.18363571166992 -20.855262756347656
endloop
endfacet
facet normal 0.6267767060249917 -0.23782467302842 -0.7420177798970765
outer loop
vertex 43.81026840209961 -60.7515754699707 -22.106443405151367
vertex 44.09528732299805 -60.2170295715332 -22.037017822265625
vertex 44.94269943237305 -60.93578338623047 -21.09084701538086
endloop
endfacet
facet normal 0.44966707605454237 -0.4525012024427427 -0.7700923207644851
outer loop
vertex 44.900508880615234 -59.41574478149414 -21.93294906616211
vertex 45.55531311035156 -60.52389907836914 -20.899456024169922
vertex 44.46527099609375 -59.769962310791016 -21.978954315185547
endloop
endfacet
facet normal 0.6267916509665399 -0.2377663124854825 -0.7420238587307655
outer loop
vertex 44.800437927246094 -61.28488540649414 -21.099153518676758
vertex 43.81026840209961 -60.7515754699707 -22.106443405151367
vertex 44.94269943237305 -60.93578338623047 -21.09084701538086
endloop
endfacet
facet normal 0.4496655134637427 -0.45250313887508387 -0.7700920953428785
outer loop
vertex 45.2706298828125 -60.715301513671875 -20.953218460083008
vertex 44.46527099609375 -59.769962310791016 -21.978954315185547
vertex 45.55531311035156 -60.52389907836914 -20.899456024169922
endloop
endfacet
facet normal 0.5526840557110754 -0.3498736767061115 -0.7563919254664901
outer loop
vertex 44.94269943237305 -60.93578338623047 -21.09084701538086
vertex 44.46527099609375 -59.769962310791016 -21.978954315185547
vertex 45.2706298828125 -60.715301513671875 -20.953218460083008
endloop
endfacet
facet normal 0.546847398729788 -0.35402237025667743 -0.758700259562568
outer loop
vertex 44.46527099609375 -59.769962310791016 -21.978954315185547
vertex 44.94269943237305 -60.93578338623047 -21.09084701538086
vertex 44.09528732299805 -60.2170295715332 -22.037017822265625
endloop
endfacet
facet normal -1.5274955220614243e-8 -0.6101451452595116 -0.792289657711275
outer loop
vertex 47.07501220703125 -59.91501235961914 -20.783342361450195
vertex 47.07501220703125 -58.56559371948242 -21.822534561157227
vertex 67.85233306884766 -59.90673065185547 -20.78972053527832
endloop
endfacet
facet normal 5.728328058798433e-7 -0.6101394259633508 -0.792294062128945
outer loop
vertex 47.07501220703125 -58.56559371948242 -21.822534561157227
vertex 67.831298828125 -59.65806198120117 -20.981218338012695
vertex 67.85233306884766 -59.90673065185547 -20.78972053527832
endloop
endfacet
facet normal 0 -0.6101462577956156 -0.7922888009419331
outer loop
vertex 47.07501220703125 -58.56559371948242 -21.822534561157227
vertex 67.64483642578125 -58.56559371948242 -21.822534561157227
vertex 67.831298828125 -59.65806198120117 -20.981218338012695
endloop
endfacet
facet normal 0.33831540529746973 -0.5271161470987925 -0.7795455432533323
outer loop
vertex 46.0614013671875 -60.18363571166992 -20.855262756347656
vertex 45.40659713745117 -59.07548141479492 -21.888757705688477
vertex 46.37067794799805 -59.9756965637207 -20.861644744873047
endloop
endfacet
facet normal 0.20576108980294028 -0.5817867851098786 -0.7868840515569102
outer loop
vertex 46.72359085083008 -59.91501235961914 -20.814233779907227
vertex 45.9365234375 -58.79016876220703 -21.851701736450195
vertex 46.49461364746094 -58.62228012084961 -21.829896926879883
endloop
endfacet
facet normal 0.06947357690110717 -0.6086702885871772 -0.7903757978985493
outer loop
vertex 46.72359085083008 -59.91501235961914 -20.814233779907227
vertex 46.49461364746094 -58.62228012084961 -21.829896926879883
vertex 47.07501220703125 -58.56559371948242 -21.822534561157227
endloop
endfacet
facet normal 0.2057308709309558 -0.581799554432493 -0.7868825116929103
outer loop
vertex 46.37067794799805 -59.9756965637207 -20.861644744873047
vertex 45.9365234375 -58.79016876220703 -21.851701736450195
vertex 46.460941314697266 -59.91501235961914 -20.88291358947754
endloop
endfacet
facet normal 0.06947730409368534 -0.6086707493153406 -0.7903751154633952
outer loop
vertex 46.72359085083008 -59.91501235961914 -20.814233779907227
vertex 47.07501220703125 -58.56559371948242 -21.822534561157227
vertex 47.07501220703125 -59.91501235961914 -20.783342361450195
endloop
endfacet
facet normal 0.20576105817720938 -0.5817868028017122 -0.7868840467461242
outer loop
vertex 46.460941314697266 -59.91501235961914 -20.88291358947754
vertex 45.9365234375 -58.79016876220703 -21.851701736450195
vertex 46.72359085083008 -59.91501235961914 -20.814233779907227
endloop
endfacet
facet normal 0.3383121722188521 -0.5271190053244663 -0.779545013680613
outer loop
vertex 45.40659713745117 -59.07548141479492 -21.888757705688477
vertex 45.9365234375 -58.79016876220703 -21.851701736450195
vertex 46.37067794799805 -59.9756965637207 -20.861644744873047
endloop
endfacet
facet normal 0.13283622176238002 -0.5976546631491014 -0.7906727779581322
outer loop
vertex 67.85233306884766 -59.90673065185547 -20.78972053527832
vertex 67.831298828125 -59.65806198120117 -20.981218338012695
vertex 67.89166259765625 -59.8912467956543 -20.794816970825195
endloop
endfacet
facet normal 0.2609177343981078 -0.5606566046160975 -0.7858664693043643
outer loop
vertex 68.89073181152344 -59.49790573120117 -20.743732452392578
vertex 67.89166259765625 -59.8912467956543 -20.794816970825195
vertex 67.831298828125 -59.65806198120117 -20.981218338012695
endloop
endfacet
facet normal 0.26091767981112635 -0.5606633048651155 -0.7858617072613382
outer loop
vertex 67.831298828125 -59.65806198120117 -20.981218338012695
vertex 67.64483642578125 -58.56559371948242 -21.822534561157227
vertex 68.89073181152344 -59.49790573120117 -20.743732452392578
endloop
endfacet
facet normal 0.26092348652542013 -0.5606576672747284 -0.7858638013711275
outer loop
vertex 67.64483642578125 -58.56559371948242 -21.822534561157227
vertex 68.89073181152344 -59.24095916748047 -20.927045822143555
vertex 68.97213745117188 -59.42204666137695 -20.770824432373047
endloop
endfacet
facet normal 0.26092039283132745 -0.560661299984565 -0.7858622368483952
outer loop
vertex 67.64483642578125 -58.56559371948242 -21.822534561157227
vertex 68.3583755493164 -58.28466796875 -21.786048889160156
vertex 68.89073181152344 -59.24095916748047 -20.927045822143555
endloop
endfacet
facet normal 0.2609218527504218 -0.5606593719370152 -0.7858631276605863
outer loop
vertex 68.89073181152344 -59.49790573120117 -20.743732452392578
vertex 67.64483642578125 -58.56559371948242 -21.822534561157227
vertex 68.97213745117188 -59.42204666137695 -20.770824432373047
endloop
endfacet
facet normal 0.3792210873098156 -0.5007701881595402 -0.7780877749908552
outer loop
vertex 68.97213745117188 -59.42204666137695 -20.770824432373047
vertex 68.89073181152344 -59.24095916748047 -20.927045822143555
vertex 68.99699401855469 -59.398887634277344 -20.77361488342285
endloop
endfacet
facet normal 0.4842174543942499 -0.41993659115828363 -0.7675849896046124
outer loop
vertex 68.89073181152344 -59.24095916748047 -20.927045822143555
vertex 68.3583755493164 -58.28466796875 -21.786048889160156
vertex 71.9748764038086 -56.62393569946289 -20.413209915161133
endloop
endfacet
facet normal 0.48421264846856776 -0.41992957892603544 -0.7675918575688891
outer loop
vertex 68.89073181152344 -59.24095916748047 -20.927045822143555
vertex 71.9748764038086 -56.62393569946289 -20.413209915161133
vertex 68.99699401855469 -59.398887634277344 -20.77361488342285
endloop
endfacet
facet normal 0.48421242017982336 -0.41994046142088526 -0.76758604794851
outer loop
vertex 71.9748764038086 -56.62393569946289 -20.413209915161133
vertex 71.15995788574219 -55.67400360107422 -21.44698143005371
vertex 71.9748764038086 -56.36698913574219 -20.553783416748047
endloop
endfacet
facet normal 0.5092653393911 -0.4130574086888119 -0.7550048948332398
outer loop
vertex 72.06061553955078 -56.4271354675293 -20.463045120239258
vertex 71.9748764038086 -56.62393569946289 -20.413209915161133
vertex 71.9748764038086 -56.36698913574219 -20.553783416748047
endloop
endfacet
facet normal 0.4842172842662757 -0.41993575282738144 -0.7675855555669956
outer loop
vertex 71.9748764038086 -56.62393569946289 -20.413209915161133
vertex 68.3583755493164 -58.28466796875 -21.786048889160156
vertex 71.15995788574219 -55.67400360107422 -21.44698143005371
endloop
endfacet
facet normal 0.649116391210102 -0.18703483472444077 -0.7373370201352805
outer loop
vertex 71.15995788574219 -55.67400360107422 -21.44698143005371
vertex 71.49808502197266 -54.89788818359375 -21.346181869506836
vertex 72.47315979003906 -55.224021911621094 -20.405044555664062
endloop
endfacet
facet normal 0.649116277272206 -0.187033466067294 -0.7373374676165094
outer loop
vertex 71.9748764038086 -56.36698913574219 -20.553783416748047
vertex 71.15995788574219 -55.67400360107422 -21.44698143005371
vertex 72.47315979003906 -55.224021911621094 -20.405044555664062
endloop
endfacet
facet normal 0.6491056384090073 -0.1870299050020279 -0.7373477367026818
outer loop
vertex 72.06061553955078 -56.4271354675293 -20.463045120239258
vertex 72.47315979003906 -55.224021911621094 -20.405044555664062
vertex 72.47288513183594 -55.48084259033203 -20.34014320373535
endloop
endfacet
facet normal 0.6491195653334456 -0.18703533800418973 -0.737334098112231
outer loop
vertex 72.47315979003906 -55.224021911621094 -20.405044555664062
vertex 72.06061553955078 -56.4271354675293 -20.463045120239258
vertex 71.9748764038086 -56.36698913574219 -20.553783416748047
endloop
endfacet
facet normal 0.7071108936993505 0.09032033737782598 -0.7013105023223745
outer loop
vertex 72.47315979003906 -55.224021911621094 -20.405044555664062
vertex 71.49808502197266 -54.89788818359375 -21.346181869506836
vertex 72.58074188232422 44.35875701904297 -7.471511363983154
endloop
endfacet
facet normal 0.7071079503667215 0.09030809328456552 -0.7013150467624948
outer loop
vertex 72.58074188232422 44.35875701904297 -7.471511363983154
vertex 71.60553741455078 44.561283111572266 -8.428691864013672
vertex 72.4814682006836 44.611324310302734 -7.539082050323486
endloop
endfacet
facet normal 0.7071084653381886 0.09032069960131024 -0.701312904109572
outer loop
vertex 72.58074188232422 44.35875701904297 -7.471511363983154
vertex 71.49808502197266 -54.89788818359375 -21.346181869506836
vertex 71.60553741455078 44.561283111572266 -8.428691864013672
endloop
endfacet
facet normal 0.6588174832453214 0.34575282973077126 -0.6681425779752889
outer loop
vertex 71.60553741455078 44.561283111572266 -8.428691864013672
vertex 71.32221221923828 45.28204345703125 -8.335081100463867
vertex 71.99634552001953 45.599464416503906 -7.506096363067627
endloop
endfacet
facet normal 0.6588218874461361 0.3457490505181136 -0.6681401908938975
outer loop
vertex 72.4814682006836 44.611324310302734 -7.539082050323486
vertex 71.60553741455078 44.561283111572266 -8.428691864013672
vertex 71.99634552001953 45.599464416503906 -7.506096363067627
endloop
endfacet
facet normal 0.6588280004133832 0.3457518028879083 -0.6681327388109821
outer loop
vertex 72.4814682006836 44.611324310302734 -7.539082050323486
vertex 71.99634552001953 45.599464416503906 -7.506096363067627
vertex 72.1635971069336 45.419979095458984 -7.434055805206299
endloop
endfacet
facet normal 0.519321166637104 0.5669756033376572 -0.6394092516554456
outer loop
vertex 69.2900161743164 48.50370788574219 -7.12890100479126
vertex 71.32221221923828 45.28204345703125 -8.335081100463867
vertex 69.1295394897461 48.573795318603516 -7.1970906257629395
endloop
endfacet
facet normal 0.5193236105130432 0.5669763240879403 -0.6394066276536581
outer loop
vertex 71.32221221923828 45.28204345703125 -8.335081100463867
vertex 68.71151733398438 48.08366775512695 -7.9712138175964355
vertex 69.1295394897461 48.573795318603516 -7.1970906257629395
endloop
endfacet
facet normal 0.5193204680322777 0.5669754319831732 -0.6394099709968794
outer loop
vertex 71.99634552001953 45.599464416503906 -7.506096363067627
vertex 71.32221221923828 45.28204345703125 -8.335081100463867
vertex 69.2900161743164 48.50370788574219 -7.12890100479126
endloop
endfacet
facet normal 0.2849978745290929 0.7328122587150622 -0.6178692458690821
outer loop
vertex 69.1295394897461 48.573795318603516 -7.1970906257629395
vertex 68.71151733398438 48.08366775512695 -7.9712138175964355
vertex 68.14994812011719 49.001617431640625 -7.141525745391846
endloop
endfacet
facet normal 0.2849920294268084 0.7328117090094699 -0.6178725939073598
outer loop
vertex 68.71151733398438 48.08366775512695 -7.9712138175964355
vertex 68.0865478515625 49.001800537109375 -7.170551776885986
vertex 68.14994812011719 49.001617431640625 -7.141525745391846
endloop
endfacet
facet normal 0.2849974984611351 0.7328124576269202 -0.6178691834180504
outer loop
vertex 68.71151733398438 48.08366775512695 -7.9712138175964355
vertex 67.94340515136719 48.41912841796875 -7.927645206451416
vertex 68.0865478515625 49.001800537109375 -7.170551776885986
endloop
endfacet
facet normal 0.002052745696897259 0.7922890033418925 -0.6101425418855945
outer loop
vertex 67.94340515136719 48.41912841796875 -7.927645206451416
vertex 59.75518035888672 48.64575958251953 -7.660905838012695
vertex 59.81208801269531 48.833351135253906 -7.417120933532715
endloop
endfacet
facet normal 0.0020527306267810372 0.7922888896032912 -0.6101426896293667
outer loop
vertex 67.94340515136719 48.41912841796875 -7.927645206451416
vertex 59.81208801269531 48.833351135253906 -7.417120933532715
vertex 59.831016540527344 49.02556228637695 -7.1674652099609375
endloop
endfacet
facet normal 0.0020523044273615906 0.7922867206022469 -0.6101455075667398
outer loop
vertex 67.94340515136719 48.41912841796875 -7.927645206451416
vertex 59.831016540527344 49.02556228637695 -7.1674652099609375
vertex 68.0865478515625 49.001800537109375 -7.170551776885986
endloop
endfacet
facet normal 0.0020526396692157906 0.7922874756198729 -0.6101445260315607
outer loop
vertex 30.11972999572754 48.52800750732422 -7.913504123687744
vertex 29.9919490814209 49.11145782470703 -7.156309604644775
vertex 57.99983215332031 48.472869873046875 -7.891307830810547
endloop
endfacet
facet normal 0.0020526750821647506 0.7923249971939199 -0.6100958001385207
outer loop
vertex 58.0204963684082 48.44769287109375 -7.923935413360596
vertex 30.11972999572754 48.52800750732422 -7.913504123687744
vertex 57.99983215332031 48.472869873046875 -7.891307830810547
endloop
endfacet
facet normal 0.002052287729429285 0.7922812883794008 -0.6101525614130883
outer loop
vertex 57.99983215332031 48.472869873046875 -7.891307830810547
vertex 29.9919490814209 49.11145782470703 -7.156309604644775
vertex 57.90742111206055 48.64575958251953 -7.667121887207031
endloop
endfacet
facet normal 0.0020526227646106994 0.7922895719262844 -0.6101418039740036
outer loop
vertex 57.90742111206055 48.64575958251953 -7.667121887207031
vertex 29.9919490814209 49.11145782470703 -7.156309604644775
vertex 57.85051727294922 48.833351135253906 -7.42371940612793
endloop
endfacet
facet normal 0.0020525737806170803 0.7922873898064948 -0.6101446376839562
outer loop
vertex 57.85051727294922 48.833351135253906 -7.42371940612793
vertex 29.9919490814209 49.11145782470703 -7.156309604644775
vertex 57.83158493041992 49.03131866455078 -7.166717529296875
endloop
endfacet
facet normal 0.0020525901673891273 0.7923098794419907 -0.6101154331863954
outer loop
vertex 67.94340515136719 48.41912841796875 -7.927645206451416
vertex 59.638282775878906 48.44303512573242 -7.924540042877197
vertex 59.66276931762695 48.472869873046875 -7.885713577270508
endloop
endfacet
facet normal 0.0020522190873085338 0.7922814788137327 -0.6101523143654728
outer loop
vertex 67.94340515136719 48.41912841796875 -7.927645206451416
vertex 59.66276931762695 48.472869873046875 -7.885713577270508
vertex 59.75518035888672 48.64575958251953 -7.660905838012695
endloop
endfacet
facet normal -0.2599565700089476 0.7431834047263635 -0.6165233236857415
outer loop
vertex 30.11972999572754 48.52800750732422 -7.913504123687744
vertex 29.93535804748535 49.11162185668945 -7.1322503089904785
vertex 29.9919490814209 49.11145782470703 -7.156309604644775
endloop
endfacet
facet normal -0.25996820438774865 0.7431794858839761 -0.6165231418759872
outer loop
vertex 29.02139663696289 48.7533073425293 -7.1787872314453125
vertex 29.93535804748535 49.11162185668945 -7.1322503089904785
vertex 30.11972999572754 48.52800750732422 -7.913504123687744
endloop
endfacet
facet normal -0.259969521780447 0.7431778160787226 -0.6165245992121531
outer loop
vertex 30.11972999572754 48.52800750732422 -7.913504123687744
vertex 29.402986526489258 48.24700927734375 -7.9499993324279785
vertex 29.02139663696289 48.7533073425293 -7.1787872314453125
endloop
endfacet
facet normal -0.48421574022657604 0.6020803192971547 -0.6348499082711325
outer loop
vertex 29.02139663696289 48.7533073425293 -7.1787872314453125
vertex 29.402986526489258 48.24700927734375 -7.9499993324279785
vertex 28.87116050720215 48.69440841674805 -7.120057106018066
endloop
endfacet
facet normal -0.48421678541844254 0.6020810089328401 -0.6348484570363571
outer loop
vertex 29.402986526489258 48.24700927734375 -7.9499993324279785
vertex 26.73188018798828 45.7579345703125 -8.273273468017578
vertex 26.076765060424805 46.0904426574707 -7.458252906799316
endloop
endfacet
facet normal -0.48421625058756973 0.6020798377335468 -0.6348499757121064
outer loop
vertex 29.402986526489258 48.24700927734375 -7.9499993324279785
vertex 26.076765060424805 46.0904426574707 -7.458252906799316
vertex 28.87116050720215 48.69440841674805 -7.120057106018066
endloop
endfacet
facet normal -0.6629609172940035 0.3349555746275318 -0.6695428180233386
outer loop
vertex 26.73188018798828 45.7579345703125 -8.273273468017578
vertex 25.897361755371094 45.92326736450195 -7.364246845245361
vertex 26.076765060424805 46.0904426574707 -7.458252906799316
endloop
endfacet
facet normal -0.708737400367157 0.3639949854082235 -0.604316926718482
outer loop
vertex 25.897361755371094 45.92326736450195 -7.364246845245361
vertex 25.419349670410156 45.00722122192383 -7.355395793914795
vertex 25.438434600830078 45.10206604003906 -7.320651054382324
endloop
endfacet
facet normal -0.6624326761973341 0.3392176820401297 -0.6679178944281694
outer loop
vertex 25.897361755371094 45.92326736450195 -7.364246845245361
vertex 26.360597610473633 44.79065704345703 -8.398900985717773
vertex 25.419349670410156 45.00722122192383 -7.355395793914795
endloop
endfacet
facet normal -0.6609468075427674 0.34055022609121716 -0.6687113436365837
outer loop
vertex 26.73188018798828 45.7579345703125 -8.273273468017578
vertex 26.360597610473633 44.79065704345703 -8.398900985717773
vertex 25.897361755371094 45.92326736450195 -7.364246845245361
endloop
endfacet
facet normal -0.44254882676621304 0.6398887114311398 -0.6282459493787794
outer loop
vertex 25.42836570739746 43.52008819580078 -8.563919067382812
vertex 24.258136749267578 43.428611755371094 -7.83275842666626
vertex 24.970468521118164 43.993263244628906 -7.75942325592041
endloop
endfacet
facet normal -0.4425482651817751 0.6398901602545015 -0.6282448692938684
outer loop
vertex 25.42836570739746 43.52008819580078 -8.563919067382812
vertex 24.716035842895508 42.955440521240234 -8.637253761291504
vertex 24.258136749267578 43.428611755371094 -7.83275842666626
endloop
endfacet
facet normal -0.44966761658431065 0.6342048911594368 -0.6289540449228642
outer loop
vertex 25.68327522277832 43.72754669189453 -8.536974906921387
vertex 25.42836570739746 43.52008819580078 -8.563919067382812
vertex 25.16477394104004 44.14728546142578 -7.743031978607178
endloop
endfacet
facet normal -0.5479187858263147 0.5367714707749466 -0.6416084415753255
outer loop
vertex 26.053255081176758 44.17461395263672 -8.478911399841309
vertex 25.68327522277832 43.72754669189453 -8.536974906921387
vertex 25.26178741455078 44.224185943603516 -7.761544227600098
endloop
endfacet
facet normal -0.6782901493262617 0.29489451323115284 -0.6730228074836089
outer loop
vertex 25.419349670410156 45.00722122192383 -7.355395793914795
vertex 26.360597610473633 44.79065704345703 -8.398900985717773
vertex 25.404861450195312 44.935218811035156 -7.372343063354492
endloop
endfacet
facet normal -0.6251156928796512 0.42219990027500887 -0.6564888534646771
outer loop
vertex 25.404861450195312 44.935218811035156 -7.372343063354492
vertex 26.328176498413086 44.684669494628906 -8.412666320800781
vertex 25.326101303100586 44.543800354003906 -7.549075126647949
endloop
endfacet
facet normal -0.6782897459756135 0.29489586391930234 -0.6730226221663176
outer loop
vertex 26.360597610473633 44.79065704345703 -8.398900985717773
vertex 26.328176498413086 44.684669494628906 -8.412666320800781
vertex 25.404861450195312 44.935218811035156 -7.372343063354492
endloop
endfacet
facet normal -0.5479178885534589 0.5367734098188979 -0.6416075856117297
outer loop
vertex 25.326101303100586 44.543800354003906 -7.549075126647949
vertex 26.053255081176758 44.17461395263672 -8.478911399841309
vertex 25.26178741455078 44.224185943603516 -7.761544227600098
endloop
endfacet
facet normal -0.6251151447938372 0.42220231250097423 -0.6564878240060584
outer loop
vertex 26.328176498413086 44.684669494628906 -8.412666320800781
vertex 26.053255081176758 44.17461395263672 -8.478911399841309
vertex 25.326101303100586 44.543800354003906 -7.549075126647949
endloop
endfacet
facet normal -0.547919344735194 0.5367709419635326 -0.6416084066847452
outer loop
vertex 25.26178741455078 44.224185943603516 -7.761544227600098
vertex 25.68327522277832 43.72754669189453 -8.536974906921387
vertex 25.16477394104004 44.14728546142578 -7.743031978607178
endloop
endfacet
facet normal -0.4496655902595589 0.6342060756412018 -0.6289542992589435
outer loop
vertex 25.16477394104004 44.14728546142578 -7.743031978607178
vertex 25.42836570739746 43.52008819580078 -8.563919067382812
vertex 24.970468521118164 43.993263244628906 -7.75942325592041
endloop
endfacet
facet normal 0.02260454030645738 0.7919309161914662 -0.6101921490298597
outer loop
vertex 22.772184371948242 42.30030059814453 -8.722342491149902
vertex 17.12346649169922 42.47946548461914 -8.699071884155273
vertex 17.14507484436035 43.062355041503906 -7.941774845123291
endloop
endfacet
facet normal 0.022604656981286917 0.7919312841516306 -0.6101916671544341
outer loop
vertex 22.772184371948242 42.30030059814453 -8.722342491149902
vertex 17.14507484436035 43.062355041503906 -7.941774845123291
vertex 22.793792724609375 42.8831901550293 -7.9650444984436035
endloop
endfacet
facet normal 0.011329382077308383 0.7922384905440143 -0.6101063999027451
outer loop
vertex 22.867290496826172 42.298789978027344 -8.722537994384766
vertex 22.772184371948242 42.30030059814453 -8.722342491149902
vertex 22.793792724609375 42.8831901550293 -7.9650444984436035
endloop
endfacet
facet normal -0.06947896789063851 0.7903763163433182 -0.6086690000192375
outer loop
vertex 23.44768714904785 42.3554801940918 -8.71517562866211
vertex 22.867290496826172 42.298789978027344 -8.722537994384766
vertex 23.32961082458496 42.86619186401367 -8.038521766662598
endloop
endfacet
facet normal -0.449663768148933 0.6342091680768389 -0.6289524836912456
outer loop
vertex 24.258136749267578 43.428611755371094 -7.83275842666626
vertex 24.52012062072754 42.795997619628906 -8.657962799072266
vertex 24.109220504760742 43.310569763183594 -7.845320701599121
endloop
endfacet
facet normal -0.3341313603124147 0.710762550752114 -0.6190095560685019
outer loop
vertex 24.52012062072754 42.795997619628906 -8.657962799072266
vertex 23.75835609436035 43.032447814941406 -7.975276470184326
vertex 24.109220504760742 43.310569763183594 -7.845320701599121
endloop
endfacet
facet normal -0.20576165940440586 0.7634913644235499 -0.6121626221600036
outer loop
vertex 23.75835609436035 43.032447814941406 -7.975276470184326
vertex 24.005779266357422 42.52336502075195 -8.693370819091797
vertex 23.540193557739258 42.85951232910156 -8.117632865905762
endloop
endfacet
facet normal -0.20575704843286566 0.7634945131953829 -0.6121602448221712
outer loop
vertex 23.540193557739258 42.85951232910156 -8.117632865905762
vertex 23.44768714904785 42.3554801940918 -8.71517562866211
vertex 23.32961082458496 42.86619186401367 -8.038521766662598
endloop
endfacet
facet normal 0.011338700435625158 0.7922388436951396 -0.6101057682181176
outer loop
vertex 22.867290496826172 42.880855560302734 -7.966710090637207
vertex 22.867290496826172 42.298789978027344 -8.722537994384766
vertex 22.793792724609375 42.8831901550293 -7.9650444984436035
endloop
endfacet
facet normal -0.06947528769892186 0.7903753448744072 -0.6086706815789751
outer loop
vertex 23.32961082458496 42.86619186401367 -8.038521766662598
vertex 22.867290496826172 42.298789978027344 -8.722537994384766
vertex 22.867290496826172 42.880855560302734 -7.966710090637207
endloop
endfacet
facet normal -0.44966087370745994 0.6342108516322975 -0.6289528554100693
outer loop
vertex 24.716035842895508 42.955440521240234 -8.637253761291504
vertex 24.52012062072754 42.795997619628906 -8.657962799072266
vertex 24.258136749267578 43.428611755371094 -7.83275842666626
endloop
endfacet
facet normal -0.2057565545415596 0.7634945560249657 -0.612160357409255
outer loop
vertex 24.005779266357422 42.52336502075195 -8.693370819091797
vertex 23.44768714904785 42.3554801940918 -8.71517562866211
vertex 23.540193557739258 42.85951232910156 -8.117632865905762
endloop
endfacet
facet normal -0.33413321510061894 0.7107604961068081 -0.6190109140722216
outer loop
vertex 24.52012062072754 42.795997619628906 -8.657962799072266
vertex 24.005779266357422 42.52336502075195 -8.693370819091797
vertex 23.75835609436035 43.032447814941406 -7.975276470184326
endloop
endfacet
facet normal 0.4342955408306916 0.6386948541657722 -0.6351820734850283
outer loop
vertex 15.813529014587402 43.62119674682617 -7.806112766265869
vertex 15.340577125549316 43.14006805419922 -8.613275527954102
vertex 15.290176391601562 44.04361343383789 -7.739193916320801
endloop
endfacet
facet normal 0.4463661863946535 0.6349190998337995 -0.6305830352219536
outer loop
vertex 15.340577125549316 43.14006805419922 -8.613275527954102
vertex 14.816463470458984 43.56310272216797 -8.558332443237305
vertex 15.290176391601562 44.04361343383789 -7.739193916320801
endloop
endfacet
facet normal 0.4172633065975085 0.651965971329006 -0.6331127112894982
outer loop
vertex 15.565743446350098 42.975162506103516 -8.634692192077637
vertex 15.340577125549316 43.14006805419922 -8.613275527954102
vertex 15.813529014587402 43.62119674682617 -7.806112766265869
endloop
endfacet
facet normal 0.33412869762781733 0.7107628768088199 -0.6190106189492947
outer loop
vertex 16.0800838470459 42.70253372192383 -8.670101165771484
vertex 15.565743446350098 42.975162506103516 -8.634692192077637
vertex 16.325666427612305 43.207828521728516 -7.9573493003845215
endloop
endfacet
facet normal 0.20576102843623578 0.7634922572979846 -0.6121617206448722
outer loop
vertex 16.63817596435547 42.534645080566406 -8.691905975341797
vertex 16.0800838470459 42.70253372192383 -8.670101165771484
vertex 16.479751586914062 43.083457946777344 -8.060672760009766
endloop
endfacet
facet normal 0.08068541463805268 0.7887474587333453 -0.6093991386656002
outer loop
vertex 17.12346649169922 42.47946548461914 -8.699071884155273
vertex 16.63817596435547 42.534645080566406 -8.691905975341797
vertex 16.762983322143555 43.0744743347168 -7.976678371429443
endloop
endfacet
facet normal 0.4496711032680747 0.6342023470032553 -0.6289541175167191
outer loop
vertex 15.813529014587402 43.62119674682617 -7.806112766265869
vertex 15.976546287536621 43.48961639404297 -7.82224178314209
vertex 15.565743446350098 42.975162506103516 -8.634692192077637
endloop
endfacet
facet normal 0.0806854851999164 0.7887474709472879 -0.6093991135145433
outer loop
vertex 17.14507484436035 43.062355041503906 -7.941774845123291
vertex 17.12346649169922 42.47946548461914 -8.699071884155273
vertex 16.762983322143555 43.0744743347168 -7.976678371429443
endloop
endfacet
facet normal 0.33412910814626273 0.7107624195136326 -0.619010922437165
outer loop
vertex 16.325666427612305 43.207828521728516 -7.9573493003845215
vertex 15.565743446350098 42.975162506103516 -8.634692192077637
vertex 15.976546287536621 43.48961639404297 -7.82224178314209
endloop
endfacet
facet normal 0.20575782491896885 0.7634923861617238 -0.6121626366887252
outer loop
vertex 16.762983322143555 43.0744743347168 -7.976678371429443
vertex 16.63817596435547 42.534645080566406 -8.691905975341797
vertex 16.479751586914062 43.083457946777344 -8.060672760009766
endloop
endfacet
facet normal 0.205763329381412 0.7634910382453944 -0.6121624676512324
outer loop
vertex 16.479751586914062 43.083457946777344 -8.060672760009766
vertex 16.0800838470459 42.70253372192383 -8.670101165771484
vertex 16.325666427612305 43.207828521728516 -7.9573493003845215
endloop
endfacet
facet normal 0.6864351694767243 0.259382806634378 -0.679358018814773
outer loop
vertex 12.822547912597656 52.73381423950195 -6.449118137359619
vertex 11.920001983642578 52.70920944213867 -7.370460510253906
vertex 12.67248249053955 52.94501876831055 -6.520107746124268
endloop
endfacet
facet normal 0.6862517984455873 0.2602745411021801 -0.6792022028705785
outer loop
vertex 13.816408157348633 45.145565032958984 -8.35280704498291
vertex 11.920001983642578 52.70920944213867 -7.370460510253906
vertex 12.822547912597656 52.73381423950195 -6.449118137359619
endloop
endfacet
facet normal 0.6874696891874693 0.26013794255826606 -0.6780218855538783
outer loop
vertex 14.690072059631348 45.24346160888672 -7.429409027099609
vertex 13.816408157348633 45.145565032958984 -8.35280704498291
vertex 12.822547912597656 52.73381423950195 -6.449118137359619
endloop
endfacet
facet normal 0.5479182459180052 0.5367722732368952 -0.6416082313018063
outer loop
vertex 14.913400650024414 44.34772491455078 -7.7691802978515625
vertex 15.112255096435547 44.18722152709961 -7.733641147613525
vertex 14.590807914733887 43.76509475708008 -8.532097816467285
endloop
endfacet
facet normal 0.6782907027200373 0.2948948039641474 -0.6730221223693209
outer loop
vertex 14.76463794708252 44.94438934326172 -7.485302448272705
vertex 13.816408157348633 45.145565032958984 -8.35280704498291
vertex 14.690072059631348 45.24346160888672 -7.429409027099609
endloop
endfacet
facet normal 0.6251156287603619 0.4222007825499547 -0.6564883471119219
outer loop
vertex 14.865582466125488 44.53951644897461 -7.649563789367676
vertex 13.945905685424805 44.72222137451172 -8.40778923034668
vertex 14.76463794708252 44.94438934326172 -7.485302448272705
endloop
endfacet
facet normal 0.6782908427982022 0.2948933771994608 -0.6730226063513772
outer loop
vertex 13.945905685424805 44.72222137451172 -8.40778923034668
vertex 13.816408157348633 45.145565032958984 -8.35280704498291
vertex 14.76463794708252 44.94438934326172 -7.485302448272705
endloop
endfacet
facet normal 0.5479204436620552 0.5367705197288444 -0.6416078214666673
outer loop
vertex 14.590807914733887 43.76509475708008 -8.532097816467285
vertex 14.220826148986816 44.21216583251953 -8.474034309387207
vertex 14.913400650024414 44.34772491455078 -7.7691802978515625
endloop
endfacet
facet normal 0.6251155183493411 0.42220137698443067 -0.6564880699535106
outer loop
vertex 14.865582466125488 44.53951644897461 -7.649563789367676
vertex 14.220826148986816 44.21216583251953 -8.474034309387207
vertex 13.945905685424805 44.72222137451172 -8.40778923034668
endloop
endfacet
facet normal 0.47410751191683653 0.6118775505262019 -0.6331097300674521
outer loop
vertex 14.816463470458984 43.56310272216797 -8.558332443237305
vertex 14.590807914733887 43.76509475708008 -8.532097816467285
vertex 15.290176391601562 44.04361343383789 -7.739193916320801
endloop
endfacet
facet normal 0.5479217158971899 0.5367682488714518 -0.6416086348014298
outer loop
vertex 14.913400650024414 44.34772491455078 -7.7691802978515625
vertex 14.220826148986816 44.21216583251953 -8.474034309387207
vertex 14.865582466125488 44.53951644897461 -7.649563789367676
endloop
endfacet
facet normal 0.4741109571215408 0.6118732865392933 -0.633111271070813
outer loop
vertex 15.290176391601562 44.04361343383789 -7.739193916320801
vertex 14.590807914733887 43.76509475708008 -8.532097816467285
vertex 15.112255096435547 44.18722152709961 -7.733641147613525
endloop
endfacet
facet normal 0.5780364101758697 0.4949573274892591 -0.6487612445851586
outer loop
vertex 11.920001983642578 52.70920944213867 -7.370460510253906
vertex 11.475157737731934 53.335304260253906 -7.289145469665527
vertex 11.993362426757812 53.77082443237305 -6.4951629638671875
endloop
endfacet
facet normal 0.5780356956269278 0.49495768002668605 -0.6487616122765699
outer loop
vertex 11.993362426757812 53.77082443237305 -6.4951629638671875
vertex 12.67248249053955 52.94501876831055 -6.520107746124268
vertex 11.920001983642578 52.70920944213867 -7.370460510253906
endloop
endfacet
facet normal 0.5780365268681101 0.49495832635023657 -0.6487603785549988
outer loop
vertex 12.67248249053955 52.94501876831055 -6.520107746124268
vertex 11.993362426757812 53.77082443237305 -6.4951629638671875
vertex 12.166082382202148 53.65774917602539 -6.427540302276611
endloop
endfacet
facet normal 0.3895729256574011 0.6762700058097265 -0.6252134154325589
outer loop
vertex 11.475157737731934 53.335304260253906 -7.289145469665527
vertex 8.289852142333984 55.420623779296875 -7.018309593200684
vertex 8.547428131103516 55.973506927490234 -6.259779930114746
endloop
endfacet
facet normal 0.3895732545383701 0.6762703418763529 -0.6252128469943838
outer loop
vertex 11.993362426757812 53.77082443237305 -6.4951629638671875
vertex 11.475157737731934 53.335304260253906 -7.289145469665527
vertex 8.658632278442383 55.9539680480957 -6.2116217613220215
endloop
endfacet
facet normal 0.3895764416439491 0.6762721485236329 -0.6252089068841455
outer loop
vertex 11.475157737731934 53.335304260253906 -7.289145469665527
vertex 8.547428131103516 55.973506927490234 -6.259779930114746
vertex 8.658632278442383 55.9539680480957 -6.2116217613220215
endloop
endfacet
facet normal 0.12335733517980547 0.781536847931481 -0.6115415956275273
outer loop
vertex 8.289852142333984 55.420623779296875 -7.018309593200684
vertex 7.451837539672852 56.16599655151367 -6.2347798347473145
vertex 8.547428131103516 55.973506927490234 -6.259779930114746
endloop
endfacet
facet normal 0.12335930840778464 0.781537616074793 -0.6115402159214736
outer loop
vertex 8.289852142333984 55.420623779296875 -7.018309593200684
vertex 7.472121238708496 55.56429672241211 -6.999650001525879
vertex 7.451837539672852 56.16599655151367 -6.2347798347473145
endloop
endfacet
facet normal -0.16373826924362653 0.7741676322927982 -0.611436224225605
outer loop
vertex -10.786446571350098 51.26327896118164 -7.558254241943359
vertex -10.9428071975708 51.82745361328125 -6.802054405212402
vertex 7.451837539672852 56.16599655151367 -6.2347798347473145
endloop
endfacet
facet normal -0.16341129682954847 0.7732783484031223 -0.612647813967719
outer loop
vertex 7.472121238708496 55.56429672241211 -6.999650001525879
vertex -10.786446571350098 51.26327896118164 -7.558254241943359
vertex 7.451837539672852 56.16599655151367 -6.2347798347473145
endloop
endfacet
facet normal -0.04064828239614125 0.7967711130324745 -0.60291252315343
outer loop
vertex -11.302680969238281 51.191226959228516 -7.567612171173096
vertex -26.559162139892578 50.89104461669922 -6.935724258422852
vertex -11.443592071533203 51.73313903808594 -6.841955184936523
endloop
endfacet
facet normal -0.04080122661523033 0.792344351698935 -0.6087082127238689
outer loop
vertex -26.52100372314453 50.32071304321289 -7.6806721687316895
vertex -26.559162139892578 50.89104461669922 -6.935724258422852
vertex -11.302680969238281 51.191226959228516 -7.567612171173096
endloop
endfacet
facet normal -0.10359546612636847 0.787173572741105 -0.6079685401203462
outer loop
vertex -11.339941024780273 51.74814224243164 -6.84019136428833
vertex -11.302680969238281 51.191226959228516 -7.567612171173096
vertex -11.443592071533203 51.73313903808594 -6.841955184936523
endloop
endfacet
facet normal -0.06947205578391404 0.7903759751293464 -0.6086702320661751
outer loop
vertex -10.892919540405273 51.23124694824219 -7.562414169311523
vertex -11.302680969238281 51.191226959228516 -7.567612171173096
vertex -11.181909561157227 51.77101135253906 -6.8285298347473145
endloop
endfacet
facet normal -0.069461777646783 0.7903757319743031 -0.6086717208415662
outer loop
vertex -11.181909561157227 51.77101135253906 -6.8285298347473145
vertex -11.302680969238281 51.191226959228516 -7.567612171173096
vertex -11.339941024780273 51.74814224243164 -6.84019136428833
endloop
endfacet
facet normal -0.06948016142916888 0.790373951023273 -0.6086719352094669
outer loop
vertex -11.181909561157227 51.77101135253906 -6.8285298347473145
vertex -11.026209831237793 51.80776596069336 -6.798576354980469
vertex -10.892919540405273 51.23124694824219 -7.562414169311523
endloop
endfacet
facet normal -0.20575507283254885 0.7634928092655321 -0.612163034006055
outer loop
vertex -10.9428071975708 51.82745361328125 -6.802054405212402
vertex -10.892919540405273 51.23124694824219 -7.562414169311523
vertex -11.026209831237793 51.80776596069336 -6.798576354980469
endloop
endfacet
facet normal -0.20577556703967909 0.7634887560630242 -0.6121612004814044
outer loop
vertex -10.786446571350098 51.26327896118164 -7.558254241943359
vertex -10.892919540405273 51.23124694824219 -7.562414169311523
vertex -10.9428071975708 51.82745361328125 -6.802054405212402
endloop
endfacet
facet normal 0.11800115889916339 0.7832066505415712 -0.6104613575369923
outer loop
vertex -42.24481964111328 52.87668228149414 -7.348709583282471
vertex -42.1328010559082 53.44705581665039 -6.595281600952148
vertex -27.18630599975586 50.35236358642578 -7.6765618324279785
endloop
endfacet
facet normal 0.04952488179329716 0.7927658762787512 -0.6075109476308584
outer loop
vertex -27.080087661743164 50.89320755004883 -6.962133407592773
vertex -27.18630599975586 50.35236358642578 -7.6765618324279785
vertex -27.138147354125977 50.896488189697266 -6.96258544921875
endloop
endfacet
facet normal 0.11880402905035473 0.7858426425476841 -0.6069076897148984
outer loop
vertex -27.18630599975586 50.35236358642578 -7.6765618324279785
vertex -42.1328010559082 53.44705581665039 -6.595281600952148
vertex -27.138147354125977 50.896488189697266 -6.96258544921875
endloop
endfacet
facet normal 0.06946284130000543 0.7903748845243742 -0.608672699890189
outer loop
vertex -26.8021240234375 50.87751007080078 -6.9507904052734375
vertex -26.691638946533203 50.8836669921875 -6.930186748504639
vertex -26.691638946533203 50.304046630859375 -7.682836532592773
endloop
endfacet
facet normal 0.06947331647609875 0.7903750696647446 -0.6086712639432407
outer loop
vertex -26.691638946533203 50.304046630859375 -7.682836532592773
vertex -27.080087661743164 50.89320755004883 -6.962133407592773
vertex -26.8021240234375 50.87751007080078 -6.9507904052734375
endloop
endfacet
facet normal -0.06947770926201273 0.790375717469115 -0.6086699213456214
outer loop
vertex -26.52100372314453 50.32071304321289 -7.6806721687316895
vertex -26.691638946533203 50.304046630859375 -7.682836532592773
vertex -26.559162139892578 50.89104461669922 -6.935724258422852
endloop
endfacet
facet normal -0.06945837040359261 0.7903751311662524 -0.60867288983066
outer loop
vertex -26.559162139892578 50.89104461669922 -6.935724258422852
vertex -26.691638946533203 50.304046630859375 -7.682836532592773
vertex -26.691638946533203 50.8836669921875 -6.930186748504639
endloop
endfacet
facet normal 0.06947979515669665 0.7903763704188926 -0.608668835368167
outer loop
vertex -26.691638946533203 50.304046630859375 -7.682836532592773
vertex -27.18630599975586 50.35236358642578 -7.6765618324279785
vertex -27.080087661743164 50.89320755004883 -6.962133407592773
endloop
endfacet
facet normal 0.26359309306941753 0.7417547748506421 -0.6166997123984822
outer loop
vertex -51.226016998291016 56.37421798706055 -6.894459247589111
vertex -58.85162353515625 59.4121208190918 -6.499904632568359
vertex -51.244529724121094 56.43524932861328 -6.828964710235596
endloop
endfacet
facet normal 0.2635889643637586 0.7417463210264525 -0.616711645024937
outer loop
vertex -51.244529724121094 56.43524932861328 -6.828964710235596
vertex -58.71870422363281 59.99430847167969 -5.7428669929504395
vertex -51.26374435424805 56.630340576171875 -6.602532386779785
endloop
endfacet
facet normal 0.2635886852894014 0.7417464771421245 -0.6167115765369195
outer loop
vertex -51.26374435424805 56.630340576171875 -6.602532386779785
vertex -58.65984344482422 59.993900299072266 -5.718195915222168
vertex -51.244529724121094 56.82543182373047 -6.35967493057251
endloop
endfacet
facet normal 0.26358944427229297 0.7417478527750802 -0.6167095975998605
outer loop
vertex -51.244529724121094 56.82543182373047 -6.35967493057251
vertex -58.65984344482422 59.993900299072266 -5.718195915222168
vertex -51.19102478027344 57.0018196105957 -6.124655723571777
endloop
endfacet
facet normal 0.26333550900506736 0.741875343871292 -0.6166647256434363
outer loop
vertex -42.85804748535156 53.043739318847656 -7.32701301574707
vertex -49.556640625 55.92323303222656 -6.723365783691406
vertex -49.43227767944336 56.074771881103516 -6.487950801849365
endloop
endfacet
facet normal 0.2633238841244065 0.7418574597386272 -0.616691204315245
outer loop
vertex -42.85804748535156 53.043739318847656 -7.32701301574707
vertex -49.43227767944336 56.074771881103516 -6.487950801849365
vertex -49.33646774291992 56.25886535644531 -6.225582599639893
endloop
endfacet
facet normal 0.26351471433474094 0.7421099444696528 -0.6163057890757871
outer loop
vertex -42.85804748535156 53.043739318847656 -7.32701301574707
vertex -49.33646774291992 56.25886535644531 -6.225582599639893
vertex -42.6124153137207 53.56513977050781 -6.594155788421631
endloop
endfacet
facet normal 0.2633501019662256 0.7419014107201816 -0.6166271325248208
outer loop
vertex -42.85804748535156 53.043739318847656 -7.32701301574707
vertex -49.70817565917969 55.79887008666992 -6.9377121925354
vertex -49.556640625 55.92323303222656 -6.723365783691406
endloop
endfacet
facet normal 0.26337716952053136 0.7419575333926515 -0.6165480396670203
outer loop
vertex -42.85804748535156 53.043739318847656 -7.32701301574707
vertex -49.739620208740234 55.782066345214844 -6.9713664054870605
vertex -49.70817565917969 55.79887008666992 -6.9377121925354
endloop
endfacet
facet normal 0.2636116950454164 0.7417829521788238 -0.6166578679398738
outer loop
vertex -58.71870422363281 59.99430847167969 -5.7428669929504395
vertex -58.65984344482422 59.993900299072266 -5.718195915222168
vertex -51.26374435424805 56.630340576171875 -6.602532386779785
endloop
endfacet
facet normal 0.26358985228073695 0.741747600328639 -0.6167097268418303
outer loop
vertex -58.85162353515625 59.4121208190918 -6.499904632568359
vertex -58.71870422363281 59.99430847167969 -5.7428669929504395
vertex -51.244529724121094 56.43524932861328 -6.828964710235596
endloop
endfacet
facet normal 0.06945734382982315 0.7903762317504746 -0.608671577841471
outer loop
vertex -42.1328010559082 53.44705581665039 -6.595281600952148
vertex -42.24481964111328 52.87668228149414 -7.348709583282471
vertex -42.19804763793945 53.458152770996094 -6.588317394256592
endloop
endfacet
facet normal 0.2057586993376711 0.7634933378445642 -0.6121611558354842
outer loop
vertex -42.33054733276367 52.88505554199219 -7.347622394561768
vertex -42.85804748535156 53.043739318847656 -7.32701301574707
vertex -42.6124153137207 53.56513977050781 -6.594155788421631
endloop
endfacet
facet normal 0.2057564817954708 0.7634932986697511 -0.6121619500471525
outer loop
vertex -42.33054733276367 52.88505554199219 -7.347622394561768
vertex -42.6124153137207 53.56513977050781 -6.594155788421631
vertex -42.29585647583008 53.474788665771484 -6.600442409515381
endloop
endfacet
facet normal 0.06947894869541058 0.7903743925394774 -0.6086715003234772
outer loop
vertex -42.24481964111328 52.87668228149414 -7.348709583282471
vertex -42.33054733276367 52.88505554199219 -7.347622394561768
vertex -42.19804763793945 53.458152770996094 -6.588317394256592
endloop
endfacet
facet normal 0.20574732819169167 0.7634950180919168 -0.6121628821570317
outer loop
vertex -42.19804763793945 53.458152770996094 -6.588317394256592
vertex -42.33054733276367 52.88505554199219 -7.347622394561768
vertex -42.29585647583008 53.474788665771484 -6.600442409515381
endloop
endfacet
facet normal 0.004911285950597453 0.7922729289419485 -0.610147101391179
outer loop
vertex -58.85162353515625 59.4121208190918 -6.499904632568359
vertex -59.740509033203125 60.001346588134766 -5.741952896118164
vertex -58.71870422363281 59.99430847167969 -5.7428669929504395
endloop
endfacet
facet normal 0.004912272507970604 0.7922734824592291 -0.610146374709162
outer loop
vertex -58.85162353515625 59.4121208190918 -6.499904632568359
vertex -59.616294860839844 59.417388916015625 -6.499220371246338
vertex -59.740509033203125 60.001346588134766 -5.741952896118164
endloop
endfacet
facet normal -0.2557023299063566 0.7448330082868713 -0.6163116973145898
outer loop
vertex -59.740509033203125 60.001346588134766 -5.741952896118164
vertex -59.616294860839844 59.417388916015625 -6.499220371246338
vertex -59.7955207824707 60.00172805786133 -5.718667984008789
endloop
endfacet
facet normal -0.255742349793553 0.7448206013251037 -0.6163100862096798
outer loop
vertex -59.616294860839844 59.417388916015625 -6.499220371246338
vertex -63.17983627319336 58.046478271484375 -6.677270412445068
vertex -63.56752014160156 58.550621032714844 -5.90713357925415
endloop
endfacet
facet normal -0.25574232228142535 0.7448198377738023 -0.6163110203888215
outer loop
vertex -59.616294860839844 59.417388916015625 -6.499220371246338
vertex -63.56752014160156 58.550621032714844 -5.90713357925415
vertex -59.7955207824707 60.00172805786133 -5.718667984008789
endloop
endfacet
facet normal -0.4965702707618753 0.5902856369318521 -0.6363810438938574
outer loop
vertex -63.17983627319336 58.046478271484375 -6.677270412445068
vertex -64.43276977539062 57.79518127441406 -5.93269681930542
vertex -63.72076416015625 58.491668701171875 -5.842238903045654
endloop
endfacet
facet normal -0.49657027741868137 0.5902856091447779 -0.636381064473883
outer loop
vertex -63.17983627319336 58.046478271484375 -6.677270412445068
vertex -63.778602600097656 57.46076202392578 -6.7533416748046875
vertex -64.43276977539062 57.79518127441406 -5.93269681930542
endloop
endfacet
facet normal -0.4965704314972448 0.5902854797850207 -0.6363810642355788
outer loop
vertex -63.17983627319336 58.046478271484375 -6.677270412445068
vertex -63.72076416015625 58.491668701171875 -5.842238903045654
vertex -63.56752014160156 58.550621032714844 -5.90713357925415
endloop
endfacet
facet normal -0.6549852287482616 0.3553003909386468 -0.666900279142566
outer loop
vertex -63.778602600097656 57.46076202392578 -6.7533416748046875
vertex -72.55354309082031 38.25187683105469 -8.368977546691895
vertex -64.60614776611328 57.625579833984375 -5.8527727127075195
endloop
endfacet
facet normal -0.6549866614174823 0.3552965858753498 -0.6669008992575287
outer loop
vertex -64.43276977539062 57.79518127441406 -5.93269681930542
vertex -63.778602600097656 57.46076202392578 -6.7533416748046875
vertex -64.60614776611328 57.625579833984375 -5.8527727127075195
endloop
endfacet
facet normal -0.6549864660217757 0.3553008340820638 -0.6668988278808826
outer loop
vertex -63.778602600097656 57.46076202392578 -6.7533416748046875
vertex -71.68365478515625 38.19028854370117 -9.256139755249023
vertex -72.55354309082031 38.25187683105469 -8.368977546691895
endloop
endfacet
facet normal -0.7070609260113632 0.09910395189091818 -0.7001737310322033
outer loop
vertex -71.68365478515625 38.19028854370117 -9.256139755249023
vertex -72.65648651123047 38.00093078613281 -8.300540924072266
vertex -72.55354309082031 38.25187683105469 -8.368977546691895
endloop
endfacet
facet normal -0.7070607194173238 0.09909655258502628 -0.7001749869302812
outer loop
vertex -71.68365478515625 38.19028854370117 -9.256139755249023
vertex -72.66675567626953 37.11202621459961 -8.41597843170166
vertex -72.65648651123047 38.00093078613281 -8.300540924072266
endloop
endfacet
facet normal -0.7070611635947777 0.09909740057568722 -0.7001744183666958
outer loop
vertex -71.69267272949219 37.408973693847656 -9.357614517211914
vertex -72.66675567626953 37.11202621459961 -8.41597843170166
vertex -71.68365478515625 38.19028854370117 -9.256139755249023
endloop
endfacet
facet normal -0.6609363677755917 -0.1581581272937642 -0.7335864806023468
outer loop
vertex -72.66675567626953 37.11202621459961 -8.41597843170166
vertex -71.69267272949219 37.408973693847656 -9.357614517211914
vertex -72.66973876953125 36.85417175292969 -8.357698440551758
endloop
endfacet
facet normal -0.660933972383285 -0.15816396651165138 -0.7335873798307548
outer loop
vertex -71.69267272949219 37.408973693847656 -9.357614517211914
vertex -71.23966217041016 33.12474822998047 -8.842065811157227
vertex -72.66973876953125 36.85417175292969 -8.357698440551758
endloop
endfacet
facet normal -0.6609251505179048 -0.1581639895395564 -0.7335953229307123
outer loop
vertex -71.16056060791016 33.1754150390625 -8.92425537109375
vertex -71.23966217041016 33.12474822998047 -8.842065811157227
vertex -71.69267272949219 37.408973693847656 -9.357614517211914
endloop
endfacet
facet normal -0.6609355889836727 -0.1581643313198601 -0.7335858446786901
outer loop
vertex -71.16056060791016 33.1754150390625 -8.92425537109375
vertex -71.69267272949219 37.408973693847656 -9.357614517211914
vertex -70.32044982910156 33.83041763305664 -9.8223876953125
endloop
endfacet
facet normal -0.5082242942110998 -0.3964726944563071 -0.7645374217945026
outer loop
vertex -71.16056060791016 32.9184684753418 -8.791008949279785
vertex -70.32044982910156 33.83041763305664 -9.8223876953125
vertex -70.40336608886719 32.142250061035156 -8.89182186126709
endloop
endfacet
facet normal -0.5082232681646619 -0.39647186754994906 -0.7645385326701891
outer loop
vertex -69.73585510253906 33.231136322021484 -9.90022087097168
vertex -70.29637145996094 32.28950881958008 -9.039314270019531
vertex -70.32044982910156 33.83041763305664 -9.8223876953125
endloop
endfacet
facet normal -0.5082259421828471 -0.3964709565916341 -0.764537227525038
outer loop
vertex -71.16056060791016 33.1754150390625 -8.92425537109375
vertex -70.32044982910156 33.83041763305664 -9.8223876953125
vertex -71.16056060791016 32.9184684753418 -8.791008949279785
endloop
endfacet
facet normal -0.5082402613390773 -0.3964675343381128 -0.7645294833882103
outer loop
vertex -70.40336608886719 32.142250061035156 -8.89182186126709
vertex -70.32044982910156 33.83041763305664 -9.8223876953125
vertex -70.29637145996094 32.28950881958008 -9.039314270019531
endloop
endfacet
facet normal -0.531531195748948 -0.38994075624787355 -0.751944675200596
outer loop
vertex -71.16056060791016 33.1754150390625 -8.92425537109375
vertex -71.16056060791016 32.9184684753418 -8.791008949279785
vertex -71.23966217041016 33.12474822998047 -8.842065811157227
endloop
endfacet
facet normal -0.398100906967963 -0.48846148959877395 -0.7764799038289608
outer loop
vertex -70.40336608886719 32.142250061035156 -8.89182186126709
vertex -70.29637145996094 32.28950881958008 -9.039314270019531
vertex -70.37853240966797 32.116790771484375 -8.888538360595703
endloop
endfacet
facet normal -0.27144400858139567 -0.556471572190103 -0.7852754545696294
outer loop
vertex -61.369293212890625 28.352853775024414 -9.335358619689941
vertex -69.73585510253906 33.231136322021484 -9.90022087097168
vertex -60.91319274902344 29.59408187866211 -10.372591972351074
endloop
endfacet
facet normal -0.27141834188485037 -0.5564332469097304 -0.7853114830575021
outer loop
vertex -70.37853240966797 32.116790771484375 -8.888538360595703
vertex -70.29637145996094 32.28950881958008 -9.039314270019531
vertex -61.369293212890625 28.352853775024414 -9.335358619689941
endloop
endfacet
facet normal -0.2714167328566648 -0.5564293486088531 -0.78531480129445
outer loop
vertex -69.73585510253906 33.231136322021484 -9.90022087097168
vertex -61.369293212890625 28.352853775024414 -9.335358619689941
vertex -70.29637145996094 32.28950881958008 -9.039314270019531
endloop
endfacet
facet normal -0.27142371661924036 -0.5564475339724557 -0.7852995020962199
outer loop
vertex -70.29637145996094 32.032562255859375 -8.857253074645996
vertex -70.37853240966797 32.116790771484375 -8.888538360595703
vertex -61.369293212890625 28.352853775024414 -9.335358619689941
endloop
endfacet
facet normal -0.5895226750164642 -0.2961389536844978 -0.7515083071743673
outer loop
vertex -60.498809814453125 27.74946403503418 -9.494338989257812
vertex -59.574623107910156 28.49925994873047 -10.51478385925293
vertex -60.15498352050781 27.234678268432617 -9.561198234558105
endloop
endfacet
facet normal -0.5895255151064778 -0.29613665369266057 -0.7515069855817412
outer loop
vertex -59.574623107910156 28.49925994873047 -10.51478385925293
vertex -59.23080062866211 27.984474182128906 -10.581643104553223
vertex -60.15498352050781 27.234678268432617 -9.561198234558105
endloop
endfacet
facet normal -0.5488812468985512 -0.35402241738587653 -0.7572301531181598
outer loop
vertex -59.574623107910156 28.49925994873047 -10.51478385925293
vertex -60.71000289916992 28.065670013427734 -9.489086151123047
vertex -59.95127868652344 28.956274032592773 -10.455428123474121
endloop
endfacet
facet normal -0.334130155137987 -0.5290578912631444 -0.7800351191578875
outer loop
vertex -60.402099609375 29.32317352294922 -10.407776832580566
vertex -61.369293212890625 28.352853775024414 -9.335358619689941
vertex -60.91319274902344 29.59408187866211 -10.372591972351074
endloop
endfacet
facet normal -0.5488832090799526 -0.3540183799636957 -0.7572306183970465
outer loop
vertex -60.71000289916992 28.065670013427734 -9.489086151123047
vertex -59.574623107910156 28.49925994873047 -10.51478385925293
vertex -60.498809814453125 27.74946403503418 -9.494338989257812
endloop
endfacet
facet normal -0.44966579293925646 -0.4525022596649355 -0.7700924487738059
outer loop
vertex -60.71000289916992 28.065670013427734 -9.489086151123047
vertex -60.402099609375 29.32317352294922 -10.407776832580566
vertex -59.95127868652344 28.956274032592773 -10.455428123474121
endloop
endfacet
facet normal -0.44966496543362794 -0.4525026484064038 -0.7700927035407911
outer loop
vertex -60.402099609375 29.32317352294922 -10.407776832580566
vertex -60.71000289916992 28.065670013427734 -9.489086151123047
vertex -61.04537582397461 28.219335556030273 -9.383551597595215
endloop
endfacet
facet normal -0.3341313553499259 -0.5290568827231983 -0.7800352890832782
outer loop
vertex -60.402099609375 29.32317352294922 -10.407776832580566
vertex -61.04537582397461 28.219335556030273 -9.383551597595215
vertex -61.369293212890625 28.352853775024414 -9.335358619689941
endloop
endfacet
facet normal -0.7071771396334686 0.09252905916365549 -0.7009556807602849
outer loop
vertex -59.81447219848633 -23.064226150512695 -16.229469299316406
vertex -58.73670196533203 26.349191665649414 -10.794029235839844
vertex -58.84061050415039 -22.9407901763916 -17.195680618286133
endloop
endfacet
facet normal -0.707176796519924 0.09252908931924768 -0.7009560229383641
outer loop
vertex -58.73670196533203 26.349191665649414 -10.794029235839844
vertex -59.81447219848633 -23.064226150512695 -16.229469299316406
vertex -59.71056365966797 26.22575569152832 -9.827818870544434
endloop
endfacet
facet normal -0.6782896593226334 -0.11319503537121449 -0.7260234307674204
outer loop
vertex -58.79325485229492 26.930919647216797 -10.718476295471191
vertex -59.743553161621094 26.618675231933594 -9.781974792480469
vertex -59.95650863647461 26.937517166137695 -9.632731437683105
endloop
endfacet
facet normal -0.6782899273240653 -0.11319144792238346 -0.726023739699983
outer loop
vertex -58.96255111694336 27.484363555908203 -10.64659595489502
vertex -58.79325485229492 26.930919647216797 -10.718476295471191
vertex -59.95650863647461 26.937517166137695 -9.632731437683105
endloop
endfacet
facet normal -0.6257288679651789 -0.23920023573125895 -0.7424598514540203
outer loop
vertex -59.23080062866211 27.984474182128906 -10.581643104553223
vertex -58.96255111694336 27.484363555908203 -10.64659595489502
vertex -59.95650863647461 26.937517166137695 -9.632731437683105
endloop
endfacet
facet normal -0.6257289957720316 -0.2392000916012265 -0.7424597901759326
outer loop
vertex -60.15498352050781 27.234678268432617 -9.561198234558105
vertex -59.23080062866211 27.984474182128906 -10.581643104553223
vertex -59.95650863647461 26.937517166137695 -9.632731437683105
endloop
endfacet
facet normal -0.7056120787634895 0.023384001492980335 -0.708212385359959
outer loop
vertex -58.79325485229492 26.930919647216797 -10.718476295471191
vertex -58.73670196533203 26.349191665649414 -10.794029235839844
vertex -59.71056365966797 26.22575569152832 -9.827818870544434
endloop
endfacet
facet normal -0.7054021791178342 0.021978283832697374 -0.7084664570292517
outer loop
vertex -58.79325485229492 26.930919647216797 -10.718476295471191
vertex -59.709842681884766 26.568201065063477 -9.817105293273926
vertex -59.743553161621094 26.618675231933594 -9.781974792480469
endloop
endfacet
facet normal -0.7057076521839362 0.02363932219037526 -0.7081086725181497
outer loop
vertex -58.79325485229492 26.930919647216797 -10.718476295471191
vertex -59.71056365966797 26.22575569152832 -9.827818870544434
vertex -59.709842681884766 26.568201065063477 -9.817105293273926
endloop
endfacet
facet normal -0.6657613783207272 0.32733548437926274 -0.6705320781310009
outer loop
vertex -59.01395034790039 -23.928653717041016 -17.3239803314209
vertex -59.60075759887695 -25.554777145385742 -17.53517723083496
vertex -60.46693801879883 -25.511884689331055 -16.654220581054688
endloop
endfacet
facet normal -0.6657617684598696 0.3273361421253304 -0.6705313696731067
outer loop
vertex -59.01395034790039 -23.928653717041016 -17.3239803314209
vertex -60.46693801879883 -25.511884689331055 -16.654220581054688
vertex -59.934791564941406 -24.2501220703125 -16.566621780395508
endloop
endfacet
facet normal -0.6660002025703355 0.31778000815561847 -0.6748774678361156
outer loop
vertex -59.832908630371094 -23.74907112121582 -16.43123435974121
vertex -59.01395034790039 -23.928653717041016 -17.3239803314209
vertex -59.934791564941406 -24.2501220703125 -16.566621780395508
endloop
endfacet
facet normal -0.6782901597484574 0.2948954251506713 -0.6730223974085981
outer loop
vertex -58.89716339111328 -23.51018714904785 -17.26963233947754
vertex -59.815738677978516 -23.664634704589844 -16.411540985107422
vertex -59.815284729003906 -23.449647903442383 -16.317798614501953
endloop
endfacet
facet normal -0.7053980849317752 0.15975055042802733 -0.6905746182799701
outer loop
vertex -58.89716339111328 -23.51018714904785 -17.26963233947754
vertex -59.815284729003906 -23.449647903442383 -16.317798614501953
vertex -58.84061050415039 -22.9407901763916 -17.195680618286133
endloop
endfacet
facet normal -0.7053980085359796 0.15975008287561301 -0.6905748044742938
outer loop
vertex -59.815284729003906 -23.449647903442383 -16.317798614501953
vertex -59.81447219848633 -23.064226150512695 -16.229469299316406
vertex -58.84061050415039 -22.9407901763916 -17.195680618286133
endloop
endfacet
facet normal -0.679406805390485 0.2778132345489056 -0.6791363629629695
outer loop
vertex -59.01395034790039 -23.928653717041016 -17.3239803314209
vertex -59.832908630371094 -23.74907112121582 -16.43123435974121
vertex -58.89716339111328 -23.51018714904785 -17.26963233947754
endloop
endfacet
facet normal -0.6782896520626756 0.2948995119582755 -0.6730211183547403
outer loop
vertex -58.89716339111328 -23.51018714904785 -17.26963233947754
vertex -59.832908630371094 -23.74907112121582 -16.43123435974121
vertex -59.815738677978516 -23.664634704589844 -16.411540985107422
endloop
endfacet
facet normal -0.7070496727150364 0.09999091553186522 -0.7000589811756288
outer loop
vertex -59.60075759887695 -25.554777145385742 -17.53517723083496
vertex -61.0223388671875 -60.746665954589844 -21.125932693481445
vertex -60.5736198425293 -25.76483726501465 -16.582603454589844
endloop
endfacet
facet normal -0.7070496741479552 0.09999091544337196 -0.7000589797410407
outer loop
vertex -60.045570373535156 -60.233455657958984 -22.039152145385742
vertex -61.0223388671875 -60.746665954589844 -21.125932693481445
vertex -59.60075759887695 -25.554777145385742 -17.53517723083496
endloop
endfacet
facet normal -0.7070497013059698 0.0999916631114916 -0.7000588455203868
outer loop
vertex -59.60075759887695 -25.554777145385742 -17.53517723083496
vertex -60.5736198425293 -25.76483726501465 -16.582603454589844
vertex -60.46693801879883 -25.511884689331055 -16.654220581054688
endloop
endfacet
facet normal -0.5052691662968349 -0.39948242150896807 -0.7649293199342228
outer loop
vertex -59.359039306640625 -62.69348907470703 -21.207889556884766
vertex -60.045570373535156 -60.233455657958984 -22.039152145385742
vertex -58.853816986083984 -61.44059371948242 -22.195932388305664
endloop
endfacet
facet normal -0.5052584680040686 -0.39948942422629674 -0.7649327293569831
outer loop
vertex -59.26374435424805 -62.53306579589844 -21.354616165161133
vertex -59.359039306640625 -62.69348907470703 -21.207889556884766
vertex -58.853816986083984 -61.44059371948242 -22.195932388305664
endloop
endfacet
facet normal -0.5052673605269626 -0.3994841312683992 -0.7649296198022723
outer loop
vertex -61.025657653808594 -61.00535583496094 -20.98863983154297
vertex -61.0223388671875 -60.746665954589844 -21.125932693481445
vertex -60.045570373535156 -60.233455657958984 -22.039152145385742
endloop
endfacet
facet normal -0.5052687257719607 -0.3994824005880364 -0.7649296218458264
outer loop
vertex -60.045570373535156 -60.233455657958984 -22.039152145385742
vertex -59.359039306640625 -62.69348907470703 -21.207889556884766
vertex -61.025657653808594 -61.00535583496094 -20.98863983154297
endloop
endfacet
facet normal -0.2740402938917646 -0.555347224931419 -0.785169648601299
outer loop
vertex -59.359039306640625 -62.69348907470703 -21.207889556884766
vertex -59.26374435424805 -62.53306579589844 -21.354616165161133
vertex -59.302860260009766 -62.750389099121094 -21.187252044677734
endloop
endfacet
facet normal 0 -0.6101180218312827 -0.7923105448223459
outer loop
vertex -59.26374435424805 -62.79001235961914 -21.156740188598633
vertex -59.302860260009766 -62.750389099121094 -21.187252044677734
vertex 43.08482360839844 -62.79001235961914 -21.156740188598633
endloop
endfacet
facet normal 0 -0.6101451452595116 -0.7922896577112751
outer loop
vertex 43.08482360839844 -62.79001235961914 -21.156740188598633
vertex -58.853816986083984 -61.44059371948242 -22.195932388305664
vertex 42.785457611083984 -61.44059371948242 -22.195932388305664
endloop
endfacet
facet normal -0.000006864437694855119 -0.6101461011804494 -0.7922889215224308
outer loop
vertex 43.08482360839844 -62.79001235961914 -21.156740188598633
vertex 42.785457611083984 -61.44059371948242 -22.195932388305664
vertex 43.08482360839844 -62.53306579589844 -21.354616165161133
endloop
endfacet
facet normal 4.717910688158848e-9 -0.6101449215369058 -0.7922898300008167
outer loop
vertex -59.26374435424805 -62.53306579589844 -21.354616165161133
vertex -58.853816986083984 -61.44059371948242 -22.195932388305664
vertex 43.08482360839844 -62.79001235961914 -21.156740188598633
endloop
endfacet
facet normal -2.046486629682901e-8 -0.6101512181775948 -0.7922849808979068
outer loop
vertex -59.302860260009766 -62.750389099121094 -21.187252044677734
vertex -59.26374435424805 -62.53306579589844 -21.354616165161133
vertex 43.08482360839844 -62.79001235961914 -21.156740188598633
endloop
endfacet
facet normal -0.000012702000433723363 -0.6101461011456037 -0.792288921477183
outer loop
vertex 43.08482360839844 -62.79001235961914 -21.156740188598633
vertex 43.08482360839844 -62.53306579589844 -21.354616165161133
vertex 43.11639404296875 -62.7687873840332 -21.173086166381836
endloop
endfacet
facet normal 0.207581996601197 -0.5792515416968014 -0.7882749305470392
outer loop
vertex 43.11639404296875 -62.7687873840332 -21.173086166381836
vertex 43.08482360839844 -62.53306579589844 -21.354616165161133
vertex 43.169437408447266 -62.73311996459961 -21.185327529907227
endloop
endfacet
facet normal 0 -1 0
outer loop
vertex -33.19389724731445 -61.29001235961914 -11.335819244384766
vertex -32.619869232177734 -61.29001235961914 -11.449999809265137
vertex -33.19389724731445 -61.29001235961914 -3.564180612564087
endloop
endfacet
facet normal 0 -1 0
outer loop
vertex -32.619869232177734 -61.29001235961914 -11.449999809265137
vertex -31.369871139526367 -61.29001235961914 -8.199999809265137
vertex -32.619869232177734 -61.29001235961914 -3.450000047683716
endloop
endfacet
facet normal 0.5555715285918136 0 0.8314687466274098
outer loop
vertex -33.6805305480957 -62.79001235961914 -11.010660171508789
vertex -33.19389724731445 -62.79001235961914 -11.335819244384766
vertex -33.19389724731445 -61.29001235961914 -11.335819244384766
endloop
endfacet
facet normal 0.5555715285918136 0 0.8314687466274098
outer loop
vertex -33.6805305480957 -62.79001235961914 -11.010660171508789
vertex -33.19389724731445 -61.29001235961914 -11.335819244384766
vertex -33.6805305480957 -61.29001235961914 -11.010660171508789
endloop
endfacet
facet normal 0.19508916074546295 0 0.980785511393613
outer loop
vertex -33.19389724731445 -62.79001235961914 -11.335819244384766
vertex -32.619869232177734 -62.79001235961914 -11.449999809265137
vertex -32.619869232177734 -61.29001235961914 -11.449999809265137
endloop
endfacet
facet normal 0 0 1
outer loop
vertex -32.619869232177734 -61.29001235961914 -11.449999809265137
vertex -32.619869232177734 -62.79001235961914 -11.449999809265137
vertex -20.619871139526367 -61.29001235961914 -11.449999809265137
endloop
endfacet
facet normal 0 0 1
outer loop
vertex -20.619871139526367 -61.29001235961914 -11.449999809265137
vertex -32.619869232177734 -62.79001235961914 -11.449999809265137
vertex -20.619871139526367 -62.79001235961914 -11.449999809265137
endloop
endfacet
facet normal -0.1950897843073725 0 0.9807853873599989
outer loop
vertex -20.619871139526367 -62.79001235961914 -11.449999809265137
vertex -20.04584503173828 -62.79001235961914 -11.335819244384766
vertex -20.04584503173828 -61.29001235961914 -11.335819244384766
endloop
endfacet
facet normal -0.1950897843073725 0 0.9807853873599989
outer loop
vertex -20.619871139526367 -61.29001235961914 -11.449999809265137
vertex -20.619871139526367 -62.79001235961914 -11.449999809265137
vertex -20.04584503173828 -61.29001235961914 -11.335819244384766
endloop
endfacet
facet normal -0.5555700231666056 0 0.8314697525217963
outer loop
vertex -20.04584503173828 -62.79001235961914 -11.335819244384766
vertex -19.5592098236084 -62.79001235961914 -11.010660171508789
vertex -19.5592098236084 -61.29001235961914 -11.010660171508789
endloop
endfacet
facet normal -0.5555703047945764 0 -0.8314695643440364
outer loop
vertex -19.5592098236084 -62.79001235961914 -3.8893399238586426
vertex -20.04584503173828 -62.79001235961914 -3.564180612564087
vertex -20.04584503173828 -61.29001235961914 -3.564180612564087
endloop
endfacet
facet normal -0.8314695010489662 0 -0.5555703995223135
outer loop
vertex -19.5592098236084 -61.29001235961914 -3.8893399238586426
vertex -19.234050750732422 -62.79001235961914 -4.375974655151367
vertex -19.5592098236084 -62.79001235961914 -3.8893399238586426
endloop
endfacet
facet normal 0 0 -1
outer loop
vertex -20.619871139526367 -62.79001235961914 -3.450000047683716
vertex -32.619869232177734 -61.29001235961914 -3.450000047683716
vertex -20.619871139526367 -61.29001235961914 -3.450000047683716
endloop
endfacet
facet normal -0.5555700231666056 0 0.8314697525217963
outer loop
vertex -20.04584503173828 -61.29001235961914 -11.335819244384766
vertex -20.04584503173828 -62.79001235961914 -11.335819244384766
vertex -19.5592098236084 -61.29001235961914 -11.010660171508789
endloop
endfacet
facet normal -0.5555703047945764 0 -0.8314695643440364
outer loop
vertex -20.04584503173828 -61.29001235961914 -3.564180612564087
vertex -19.5592098236084 -61.29001235961914 -3.8893399238586426
vertex -19.5592098236084 -62.79001235961914 -3.8893399238586426
endloop
endfacet
facet normal -0.8314695010489662 0 -0.5555703995223135
outer loop
vertex -19.5592098236084 -61.29001235961914 -3.8893399238586426
vertex -19.234050750732422 -61.29001235961914 -4.375974655151367
vertex -19.234050750732422 -62.79001235961914 -4.375974655151367
endloop
endfacet
facet normal -0.9807856371245007 0 -0.19508852864862958
outer loop
vertex -19.234050750732422 -61.29001235961914 -4.375974655151367
vertex -19.119871139526367 -62.79001235961914 -4.949999809265137
vertex -19.234050750732422 -62.79001235961914 -4.375974655151367
endloop
endfacet
facet normal -0.1950897843073725 0 -0.9807853873599989
outer loop
vertex -20.04584503173828 -62.79001235961914 -3.564180612564087
vertex -20.619871139526367 -62.79001235961914 -3.450000047683716
vertex -20.619871139526367 -61.29001235961914 -3.450000047683716
endloop
endfacet
facet normal -0.9807856371245007 0 -0.19508852864862958
outer loop
vertex -19.119871139526367 -61.29001235961914 -4.949999809265137
vertex -19.119871139526367 -62.79001235961914 -4.949999809265137
vertex -19.234050750732422 -61.29001235961914 -4.375974655151367
endloop
endfacet
facet normal 0 -1 0
outer loop
vertex -20.619871139526367 -61.29001235961914 -3.450000047683716
vertex -22.869871139526367 -61.29001235961914 -5.699999809265137
vertex -22.487186431884766 -61.29001235961914 -5.776120662689209
endloop
endfacet
facet normal 0 -1 0
outer loop
vertex -22.487186431884766 -61.29001235961914 -5.776120662689209
vertex -22.162763595581055 -61.29001235961914 -5.992893218994141
vertex -20.619871139526367 -61.29001235961914 -3.450000047683716
endloop
endfacet
facet normal 0 -1 0
outer loop
vertex -34.119869232177734 -61.29001235961914 -9.949999809265137
vertex -34.00569152832031 -61.29001235961914 -10.524024963378906
vertex -34.119869232177734 -61.29001235961914 -4.949999809265137
endloop
endfacet
facet normal -0.1950897843073725 0 -0.9807853873599989
outer loop
vertex -20.619871139526367 -61.29001235961914 -3.450000047683716
vertex -20.04584503173828 -61.29001235961914 -3.564180612564087
vertex -20.04584503173828 -62.79001235961914 -3.564180612564087
endloop
endfacet
facet normal 0.8314682470994303 0 0.555572276185017
outer loop
vertex -34.00569152832031 -62.79001235961914 -10.524024963378906
vertex -33.6805305480957 -62.79001235961914 -11.010660171508789
vertex -33.6805305480957 -61.29001235961914 -11.010660171508789
endloop
endfacet
facet normal 0.8314682470994303 0 0.555572276185017
outer loop
vertex -34.00569152832031 -62.79001235961914 -10.524024963378906
vertex -33.6805305480957 -61.29001235961914 -11.010660171508789
vertex -34.00569152832031 -61.29001235961914 -10.524024963378906
endloop
endfacet
facet normal 0.9807862606810904 0 0.19508539376181927
outer loop
vertex -34.119869232177734 -62.79001235961914 -9.949999809265137
vertex -34.00569152832031 -62.79001235961914 -10.524024963378906
vertex -34.00569152832031 -61.29001235961914 -10.524024963378906
endloop
endfacet
facet normal 0.9807862606810904 0 0.19508539376181927
outer loop
vertex -34.119869232177734 -62.79001235961914 -9.949999809265137
vertex -34.00569152832031 -61.29001235961914 -10.524024963378906
vertex -34.119869232177734 -61.29001235961914 -9.949999809265137
endloop
endfacet
facet normal 0 -1 0
outer loop
vertex -22.162763595581055 -61.29001235961914 -5.992893218994141
vertex -21.94599151611328 -61.29001235961914 -6.31731653213501
vertex -20.619871139526367 -61.29001235961914 -3.450000047683716
endloop
endfacet
facet normal 0 -1 0
outer loop
vertex -21.869871139526367 -61.29001235961914 -6.699999809265137
vertex -20.619871139526367 -61.29001235961914 -3.450000047683716
vertex -21.94599151611328 -61.29001235961914 -6.31731653213501
endloop
endfacet
facet normal 0 -1 0
outer loop
vertex -20.619871139526367 -61.29001235961914 -3.450000047683716
vertex -30.369871139526367 -61.29001235961914 -5.699999809265137
vertex -22.869871139526367 -61.29001235961914 -5.699999809265137
endloop
endfacet
facet normal 0 0 -1
outer loop
vertex -32.619869232177734 -62.79001235961914 -3.450000047683716
vertex -32.619869232177734 -61.29001235961914 -3.450000047683716
vertex -20.619871139526367 -62.79001235961914 -3.450000047683716
endloop
endfacet
facet normal 0.19508916074546295 0 -0.980785511393613
outer loop
vertex -32.619869232177734 -62.79001235961914 -3.450000047683716
vertex -33.19389724731445 -61.29001235961914 -3.564180612564087
vertex -32.619869232177734 -61.29001235961914 -3.450000047683716
endloop
endfacet
facet normal 0.19508916074546295 0 -0.980785511393613
outer loop
vertex -32.619869232177734 -62.79001235961914 -3.450000047683716
vertex -33.19389724731445 -62.79001235961914 -3.564180612564087
vertex -33.19389724731445 -61.29001235961914 -3.564180612564087
endloop
endfacet
facet normal 0.5555718102198659 0 -0.8314685584488576
outer loop
vertex -33.19389724731445 -62.79001235961914 -3.564180612564087
vertex -33.6805305480957 -61.29001235961914 -3.8893399238586426
vertex -33.19389724731445 -61.29001235961914 -3.564180612564087
endloop
endfacet
facet normal 0.5555718102198659 0 -0.8314685584488576
outer loop
vertex -33.19389724731445 -62.79001235961914 -3.564180612564087
vertex -33.6805305480957 -62.79001235961914 -3.8893399238586426
vertex -33.6805305480957 -61.29001235961914 -3.8893399238586426
endloop
endfacet
facet normal 0.8314679956250159 0 -0.5555726525408883
outer loop
vertex -33.6805305480957 -62.79001235961914 -3.8893399238586426
vertex -34.00569152832031 -61.29001235961914 -4.375974655151367
vertex -33.6805305480957 -61.29001235961914 -3.8893399238586426
endloop
endfacet
facet normal 0 -1 0
outer loop
vertex -32.619869232177734 -61.29001235961914 -3.450000047683716
vertex -30.369871139526367 -61.29001235961914 -5.699999809265137
vertex -20.619871139526367 -61.29001235961914 -3.450000047683716
endloop
endfacet
facet normal 0 -1 0
outer loop
vertex -32.619869232177734 -61.29001235961914 -3.450000047683716
vertex -30.752553939819336 -61.29001235961914 -5.776120662689209
vertex -30.369871139526367 -61.29001235961914 -5.699999809265137
endloop
endfacet
facet normal 0 -1 0
outer loop
vertex -32.619869232177734 -61.29001235961914 -3.450000047683716
vertex -31.076976776123047 -61.29001235961914 -5.992893218994141
vertex -30.752553939819336 -61.29001235961914 -5.776120662689209
endloop
endfacet
facet normal 0 -1 0
outer loop
vertex -32.619869232177734 -61.29001235961914 -3.450000047683716
vertex -31.293750762939453 -61.29001235961914 -6.31731653213501
vertex -31.076976776123047 -61.29001235961914 -5.992893218994141
endloop
endfacet
facet normal 0 -1 0
outer loop
vertex -32.619869232177734 -61.29001235961914 -3.450000047683716
vertex -31.369871139526367 -61.29001235961914 -6.699999809265137
vertex -31.293750762939453 -61.29001235961914 -6.31731653213501
endloop
endfacet
facet normal 0.8314679956250159 0 -0.5555726525408883
outer loop
vertex -33.6805305480957 -62.79001235961914 -3.8893399238586426
vertex -34.00569152832031 -62.79001235961914 -4.375974655151367
vertex -34.00569152832031 -61.29001235961914 -4.375974655151367
endloop
endfacet
facet normal 0.9807862606810904 0 -0.19508539376181927
outer loop
vertex -34.00569152832031 -62.79001235961914 -4.375974655151367
vertex -34.119869232177734 -61.29001235961914 -4.949999809265137
vertex -34.00569152832031 -61.29001235961914 -4.375974655151367
endloop
endfacet
facet normal 0.9807862606810904 0 -0.19508539376181927
outer loop
vertex -34.00569152832031 -62.79001235961914 -4.375974655151367
vertex -34.119869232177734 -62.79001235961914 -4.949999809265137
vertex -34.119869232177734 -61.29001235961914 -4.949999809265137
endloop
endfacet
facet normal 0 -1 0
outer loop
vertex -20.04584503173828 -61.29001235961914 -3.564180612564087
vertex -19.5592098236084 -61.29001235961914 -11.010660171508789
vertex -19.5592098236084 -61.29001235961914 -3.8893399238586426
endloop
endfacet
facet normal 0 -1 0
outer loop
vertex -20.619871139526367 -61.29001235961914 -3.450000047683716
vertex -20.04584503173828 -61.29001235961914 -11.335819244384766
vertex -20.04584503173828 -61.29001235961914 -3.564180612564087
endloop
endfacet
facet normal 0 -1 0
outer loop
vertex -32.619869232177734 -61.29001235961914 -11.449999809265137
vertex -31.076976776123047 -61.29001235961914 -8.907106399536133
vertex -31.293750762939453 -61.29001235961914 -8.582683563232422
endloop
endfacet
facet normal 0 -1 0
outer loop
vertex -32.619869232177734 -61.29001235961914 -11.449999809265137
vertex -31.293750762939453 -61.29001235961914 -8.582683563232422
vertex -31.369871139526367 -61.29001235961914 -8.199999809265137
endloop
endfacet
facet normal 0 -1 0
outer loop
vertex -32.619869232177734 -61.29001235961914 -11.449999809265137
vertex -30.752553939819336 -61.29001235961914 -9.123879432678223
vertex -31.076976776123047 -61.29001235961914 -8.907106399536133
endloop
endfacet
facet normal 0 -1 0
outer loop
vertex -19.234050750732422 -61.29001235961914 -4.375974655151367
vertex -19.119871139526367 -61.29001235961914 -9.949999809265137
vertex -19.119871139526367 -61.29001235961914 -4.949999809265137
endloop
endfacet
facet normal 0 -1 0
outer loop
vertex -32.619869232177734 -61.29001235961914 -11.449999809265137
vertex -30.369871139526367 -61.29001235961914 -9.199999809265137
vertex -30.752553939819336 -61.29001235961914 -9.123879432678223
endloop
endfacet
facet normal -1 0 0
outer loop
vertex -19.119871139526367 -61.29001235961914 -4.949999809265137
vertex -19.119871139526367 -62.79001235961914 -9.949999809265137
vertex -19.119871139526367 -62.79001235961914 -4.949999809265137
endloop
endfacet
facet normal 0 -1 0
outer loop
vertex -19.5592098236084 -61.29001235961914 -3.8893399238586426
vertex -19.234050750732422 -61.29001235961914 -10.524024963378906
vertex -19.234050750732422 -61.29001235961914 -4.375974655151367
endloop
endfacet
facet normal 0 -1 0
outer loop
vertex -33.6805305480957 -61.29001235961914 -11.010660171508789
vertex -33.19389724731445 -61.29001235961914 -11.335819244384766
vertex -33.6805305480957 -61.29001235961914 -3.8893399238586426
endloop
endfacet
facet normal 0 -1 0
outer loop
vertex -30.369871139526367 -61.29001235961914 -9.199999809265137
vertex -32.619869232177734 -61.29001235961914 -11.449999809265137
vertex -22.869871139526367 -61.29001235961914 -9.199999809265137
endloop
endfacet
facet normal 0 -1 0
outer loop
vertex -34.00569152832031 -61.29001235961914 -10.524024963378906
vertex -33.6805305480957 -61.29001235961914 -11.010660171508789
vertex -34.00569152832031 -61.29001235961914 -4.375974655151367
endloop
endfacet
facet normal 0 -1 0
outer loop
vertex -22.869871139526367 -61.29001235961914 -9.199999809265137
vertex -32.619869232177734 -61.29001235961914 -11.449999809265137
vertex -20.619871139526367 -61.29001235961914 -11.449999809265137
endloop
endfacet
facet normal -0.8314697525217963 0 0.5555700231666056
outer loop
vertex -19.5592098236084 -61.29001235961914 -11.010660171508789
vertex -19.5592098236084 -62.79001235961914 -11.010660171508789
vertex -19.234050750732422 -61.29001235961914 -10.524024963378906
endloop
endfacet
facet normal 0 -1 0
outer loop
vertex -21.869871139526367 -61.29001235961914 -6.699999809265137
vertex -20.619871139526367 -61.29001235961914 -11.449999809265137
vertex -20.619871139526367 -61.29001235961914 -3.450000047683716
endloop
endfacet
facet normal -0.8314697525217963 0 0.5555700231666056
outer loop
vertex -19.234050750732422 -61.29001235961914 -10.524024963378906
vertex -19.5592098236084 -62.79001235961914 -11.010660171508789
vertex -19.234050750732422 -62.79001235961914 -10.524024963378906
endloop
endfacet
facet normal 0 -1 0
outer loop
vertex -19.234050750732422 -61.29001235961914 -10.524024963378906
vertex -19.119871139526367 -61.29001235961914 -9.949999809265137
vertex -19.234050750732422 -61.29001235961914 -4.375974655151367
endloop
endfacet
facet normal -1 0 0
outer loop
vertex -19.119871139526367 -61.29001235961914 -9.949999809265137
vertex -19.119871139526367 -62.79001235961914 -9.949999809265137
vertex -19.119871139526367 -61.29001235961914 -4.949999809265137
endloop
endfacet
facet normal 0 -1 0
outer loop
vertex -22.869871139526367 -61.29001235961914 -9.199999809265137
vertex -20.619871139526367 -61.29001235961914 -11.449999809265137
vertex -22.487186431884766 -61.29001235961914 -9.123879432678223
endloop
endfacet
facet normal 0 -1 0
outer loop
vertex -22.487186431884766 -61.29001235961914 -9.123879432678223
vertex -20.619871139526367 -61.29001235961914 -11.449999809265137
vertex -22.162763595581055 -61.29001235961914 -8.907106399536133
endloop
endfacet
facet normal -0.9807856371245007 0 0.19508852864862958
outer loop
vertex -19.234050750732422 -61.29001235961914 -10.524024963378906
vertex -19.234050750732422 -62.79001235961914 -10.524024963378906
vertex -19.119871139526367 -61.29001235961914 -9.949999809265137
endloop
endfacet
facet normal -0.9807856371245007 0 0.19508852864862958
outer loop
vertex -19.119871139526367 -61.29001235961914 -9.949999809265137
vertex -19.234050750732422 -62.79001235961914 -10.524024963378906
vertex -19.119871139526367 -62.79001235961914 -9.949999809265137
endloop
endfacet
facet normal 0 -1 0
outer loop
vertex -22.162763595581055 -61.29001235961914 -8.907106399536133
vertex -20.619871139526367 -61.29001235961914 -11.449999809265137
vertex -21.94599151611328 -61.29001235961914 -8.582683563232422
endloop
endfacet
facet normal 0 -1 0
outer loop
vertex -21.94599151611328 -61.29001235961914 -8.582683563232422
vertex -20.619871139526367 -61.29001235961914 -11.449999809265137
vertex -21.869871139526367 -61.29001235961914 -8.199999809265137
endloop
endfacet
facet normal 0 -1 0
outer loop
vertex -21.869871139526367 -61.29001235961914 -8.199999809265137
vertex -20.619871139526367 -61.29001235961914 -11.449999809265137
vertex -21.869871139526367 -61.29001235961914 -6.699999809265137
endloop
endfacet
facet normal 0 -1 0
outer loop
vertex -20.619871139526367 -61.29001235961914 -11.449999809265137
vertex -20.04584503173828 -61.29001235961914 -11.335819244384766
vertex -20.619871139526367 -61.29001235961914 -3.450000047683716
endloop
endfacet
facet normal 0 -1 0
outer loop
vertex -32.619869232177734 -61.29001235961914 -3.450000047683716
vertex -31.369871139526367 -61.29001235961914 -8.199999809265137
vertex -31.369871139526367 -61.29001235961914 -6.699999809265137
endloop
endfacet
facet normal 0 -1 0
outer loop
vertex -20.04584503173828 -61.29001235961914 -11.335819244384766
vertex -19.5592098236084 -61.29001235961914 -11.010660171508789
vertex -20.04584503173828 -61.29001235961914 -3.564180612564087
endloop
endfacet
facet normal 0 -1 0
outer loop
vertex -19.5592098236084 -61.29001235961914 -11.010660171508789
vertex -19.234050750732422 -61.29001235961914 -10.524024963378906
vertex -19.5592098236084 -61.29001235961914 -3.8893399238586426
endloop
endfacet
facet normal 0 -1 0
outer loop
vertex -33.19389724731445 -61.29001235961914 -3.564180612564087
vertex -32.619869232177734 -61.29001235961914 -11.449999809265137
vertex -32.619869232177734 -61.29001235961914 -3.450000047683716
endloop
endfacet
facet normal 0 -1 0
outer loop
vertex -33.6805305480957 -61.29001235961914 -3.8893399238586426
vertex -33.19389724731445 -61.29001235961914 -11.335819244384766
vertex -33.19389724731445 -61.29001235961914 -3.564180612564087
endloop
endfacet
facet normal 0 -1 0
outer loop
vertex -34.00569152832031 -61.29001235961914 -4.375974655151367
vertex -33.6805305480957 -61.29001235961914 -11.010660171508789
vertex -33.6805305480957 -61.29001235961914 -3.8893399238586426
endloop
endfacet
facet normal 0 -1 0
outer loop
vertex -34.119869232177734 -61.29001235961914 -4.949999809265137
vertex -34.00569152832031 -61.29001235961914 -10.524024963378906
vertex -34.00569152832031 -61.29001235961914 -4.375974655151367
endloop
endfacet
facet normal 1 0 0
outer loop
vertex -34.119869232177734 -62.79001235961914 -4.949999809265137
vertex -34.119869232177734 -61.29001235961914 -9.949999809265137
vertex -34.119869232177734 -61.29001235961914 -4.949999809265137
endloop
endfacet
facet normal 1 0 0
outer loop
vertex -34.119869232177734 -62.79001235961914 -4.949999809265137
vertex -34.119869232177734 -62.79001235961914 -9.949999809265137
vertex -34.119869232177734 -61.29001235961914 -9.949999809265137
endloop
endfacet
facet normal 0.19508916074546295 0 0.980785511393613
outer loop
vertex -33.19389724731445 -62.79001235961914 -11.335819244384766
vertex -32.619869232177734 -61.29001235961914 -11.449999809265137
vertex -33.19389724731445 -61.29001235961914 -11.335819244384766
endloop
endfacet
facet normal 1 0 0
outer loop
vertex -31.369871139526367 -61.29001235961914 -8.199999809265137
vertex -31.369871139526367 -60.09001159667969 -8.199999809265137
vertex -31.369871139526367 -61.29001235961914 -6.699999809265137
endloop
endfacet
facet normal 1 0 0
outer loop
vertex -31.369871139526367 -61.29001235961914 -6.699999809265137
vertex -31.369871139526367 -60.09001159667969 -8.199999809265137
vertex -31.369871139526367 -60.09001159667969 -6.699999809265137
endloop
endfacet
facet normal 0.9807853098383859 0 -0.19509017403555012
outer loop
vertex -31.369871139526367 -61.29001235961914 -6.699999809265137
vertex -31.369871139526367 -60.09001159667969 -6.699999809265137
vertex -31.293750762939453 -61.29001235961914 -6.31731653213501
endloop
endfacet
facet normal 0.9807853098383859 0 -0.19509017403555012
outer loop
vertex -31.293750762939453 -61.29001235961914 -6.31731653213501
vertex -31.369871139526367 -60.09001159667969 -6.699999809265137
vertex -31.293750762939453 -60.09001159667969 -6.31731653213501
endloop
endfacet
facet normal 0.831468121362287 0 -0.5555724643629031
outer loop
vertex -31.293750762939453 -61.29001235961914 -6.31731653213501
vertex -31.293750762939453 -60.09001159667969 -6.31731653213501
vertex -31.076976776123047 -61.29001235961914 -5.992893218994141
endloop
endfacet
facet normal -0.9807853563514094 0 0.1950899401984604
outer loop
vertex -21.94599151611328 -60.09001159667969 -8.582683563232422
vertex -21.94599151611328 -61.29001235961914 -8.582683563232422
vertex -21.869871139526367 -60.09001159667969 -8.199999809265137
endloop
endfacet
facet normal -0.9807853563514094 0 0.1950899401984604
outer loop
vertex -21.94599151611328 -61.29001235961914 -8.582683563232422
vertex -21.869871139526367 -61.29001235961914 -8.199999809265137
vertex -21.869871139526367 -60.09001159667969 -8.199999809265137
endloop
endfacet
facet normal 0.831468121362287 0 -0.5555724643629031
outer loop
vertex -31.076976776123047 -61.29001235961914 -5.992893218994141
vertex -31.293750762939453 -60.09001159667969 -6.31731653213501
vertex -31.076976776123047 -60.09001159667969 -5.992893218994141
endloop
endfacet
facet normal -0.8314700022881474 0 0.5555696493644593
outer loop
vertex -22.162763595581055 -60.09001159667969 -8.907106399536133
vertex -22.162763595581055 -61.29001235961914 -8.907106399536133
vertex -21.94599151611328 -60.09001159667969 -8.582683563232422
endloop
endfacet
facet normal -0.8314700022881474 0 0.5555696493644593
outer loop
vertex -22.162763595581055 -61.29001235961914 -8.907106399536133
vertex -21.94599151611328 -61.29001235961914 -8.582683563232422
vertex -21.94599151611328 -60.09001159667969 -8.582683563232422
endloop
endfacet
facet normal -0.5555713391342493 0 0.8314688732193027
outer loop
vertex -22.162763595581055 -60.09001159667969 -8.907106399536133
vertex -22.487186431884766 -61.29001235961914 -9.123879432678223
vertex -22.162763595581055 -61.29001235961914 -8.907106399536133
endloop
endfacet
facet normal -0.5555713391342493 0 0.8314688732193027
outer loop
vertex -22.487186431884766 -60.09001159667969 -9.123879432678223
vertex -22.487186431884766 -61.29001235961914 -9.123879432678223
vertex -22.162763595581055 -60.09001159667969 -8.907106399536133
endloop
endfacet
facet normal -0.1950894725259293 0 0.9807854493769546
outer loop
vertex -22.487186431884766 -60.09001159667969 -9.123879432678223
vertex -22.869871139526367 -61.29001235961914 -9.199999809265137
vertex -22.487186431884766 -61.29001235961914 -9.123879432678223
endloop
endfacet
facet normal 0.5555704942502147 0 -0.831469437753771
outer loop
vertex -31.076976776123047 -61.29001235961914 -5.992893218994141
vertex -31.076976776123047 -60.09001159667969 -5.992893218994141
vertex -30.752553939819336 -61.29001235961914 -5.776120662689209
endloop
endfacet
facet normal 0.5555704942502147 0 -0.831469437753771
outer loop
vertex -30.752553939819336 -61.29001235961914 -5.776120662689209
vertex -31.076976776123047 -60.09001159667969 -5.992893218994141
vertex -30.752553939819336 -60.09001159667969 -5.776120662689209
endloop
endfacet
facet normal -0.1950894725259293 0 0.9807854493769546
outer loop
vertex -22.869871139526367 -60.09001159667969 -9.199999809265137
vertex -22.869871139526367 -61.29001235961914 -9.199999809265137
vertex -22.487186431884766 -60.09001159667969 -9.123879432678223
endloop
endfacet
facet normal 0 0 1
outer loop
vertex -22.869871139526367 -60.09001159667969 -9.199999809265137
vertex -30.369871139526367 -61.29001235961914 -9.199999809265137
vertex -22.869871139526367 -61.29001235961914 -9.199999809265137
endloop
endfacet
facet normal 0.19509158345481065 0 -0.9807850294866326
outer loop
vertex -30.752553939819336 -61.29001235961914 -5.776120662689209
vertex -30.752553939819336 -60.09001159667969 -5.776120662689209
vertex -30.369871139526367 -61.29001235961914 -5.699999809265137
endloop
endfacet
facet normal 0.19509158345481065 0 -0.9807850294866326
outer loop
vertex -30.369871139526367 -61.29001235961914 -5.699999809265137
vertex -30.752553939819336 -60.09001159667969 -5.776120662689209
vertex -30.369871139526367 -60.09001159667969 -5.699999809265137
endloop
endfacet
facet normal 0 0 -1
outer loop
vertex -30.369871139526367 -61.29001235961914 -5.699999809265137
vertex -30.369871139526367 -60.09001159667969 -5.699999809265137
vertex -22.869871139526367 -61.29001235961914 -5.699999809265137
endloop
endfacet
facet normal -1 0 0
outer loop
vertex -21.869871139526367 -60.09001159667969 -8.199999809265137
vertex -21.869871139526367 -61.29001235961914 -8.199999809265137
vertex -21.869871139526367 -60.09001159667969 -6.699999809265137
endloop
endfacet
facet normal -1 0 0
outer loop
vertex -21.869871139526367 -60.09001159667969 -6.699999809265137
vertex -21.869871139526367 -61.29001235961914 -8.199999809265137
vertex -21.869871139526367 -61.29001235961914 -6.699999809265137
endloop
endfacet
facet normal 0 0 -1
outer loop
vertex -22.869871139526367 -61.29001235961914 -5.699999809265137
vertex -30.369871139526367 -60.09001159667969 -5.699999809265137
vertex -22.869871139526367 -60.09001159667969 -5.699999809265137
endloop
endfacet
facet normal -0.19509064810236038 0 -0.9807852155405896
outer loop
vertex -22.869871139526367 -61.29001235961914 -5.699999809265137
vertex -22.869871139526367 -60.09001159667969 -5.699999809265137
vertex -22.487186431884766 -61.29001235961914 -5.776120662689209
endloop
endfacet
facet normal 0.9807853563514094 0 0.1950899401984604
outer loop
vertex -31.369871139526367 -61.29001235961914 -8.199999809265137
vertex -31.293750762939453 -60.09001159667969 -8.582683563232422
vertex -31.369871139526367 -60.09001159667969 -8.199999809265137
endloop
endfacet
facet normal 0.9807853563514094 0 0.1950899401984604
outer loop
vertex -31.293750762939453 -61.29001235961914 -8.582683563232422
vertex -31.293750762939453 -60.09001159667969 -8.582683563232422
vertex -31.369871139526367 -61.29001235961914 -8.199999809265137
endloop
endfacet
facet normal 0.8314677441500905 0 0.5555730288971555
outer loop
vertex -31.293750762939453 -61.29001235961914 -8.582683563232422
vertex -31.076976776123047 -60.09001159667969 -8.907106399536133
vertex -31.293750762939453 -60.09001159667969 -8.582683563232422
endloop
endfacet
facet normal 0.8314677441500905 0 0.5555730288971555
outer loop
vertex -31.293750762939453 -61.29001235961914 -8.582683563232422
vertex -31.076976776123047 -61.29001235961914 -8.907106399536133
vertex -31.076976776123047 -60.09001159667969 -8.907106399536133
endloop
endfacet
facet normal -0.5555704942502147 0 -0.831469437753771
outer loop
vertex -22.162763595581055 -60.09001159667969 -5.992893218994141
vertex -22.162763595581055 -61.29001235961914 -5.992893218994141
vertex -22.487186431884766 -60.09001159667969 -5.776120662689209
endloop
endfacet
facet normal 0.5555713391342493 0 0.8314688732193027
outer loop
vertex -31.076976776123047 -61.29001235961914 -8.907106399536133
vertex -30.752553939819336 -60.09001159667969 -9.123879432678223
vertex -31.076976776123047 -60.09001159667969 -8.907106399536133
endloop
endfacet
facet normal 0 0 1
outer loop
vertex -30.369871139526367 -60.09001159667969 -9.199999809265137
vertex -30.369871139526367 -61.29001235961914 -9.199999809265137
vertex -22.869871139526367 -60.09001159667969 -9.199999809265137
endloop
endfacet
facet normal 0.19509040787318935 0 0.9807852633251952
outer loop
vertex -30.752553939819336 -60.09001159667969 -9.123879432678223
vertex -30.752553939819336 -61.29001235961914 -9.123879432678223
vertex -30.369871139526367 -60.09001159667969 -9.199999809265137
endloop
endfacet
facet normal 0.19509040787318935 0 0.9807852633251952
outer loop
vertex -30.369871139526367 -61.29001235961914 -9.199999809265137
vertex -30.369871139526367 -60.09001159667969 -9.199999809265137
vertex -30.752553939819336 -61.29001235961914 -9.123879432678223
endloop
endfacet
facet normal 0.5555713391342493 0 0.8314688732193027
outer loop
vertex -31.076976776123047 -61.29001235961914 -8.907106399536133
vertex -30.752553939819336 -61.29001235961914 -9.123879432678223
vertex -30.752553939819336 -60.09001159667969 -9.123879432678223
endloop
endfacet
facet normal -0.5555704942502147 0 -0.831469437753771
outer loop
vertex -22.487186431884766 -60.09001159667969 -5.776120662689209
vertex -22.162763595581055 -61.29001235961914 -5.992893218994141
vertex -22.487186431884766 -61.29001235961914 -5.776120662689209
endloop
endfacet
facet normal -0.19509064810236038 0 -0.9807852155405896
outer loop
vertex -22.487186431884766 -61.29001235961914 -5.776120662689209
vertex -22.869871139526367 -60.09001159667969 -5.699999809265137
vertex -22.487186431884766 -60.09001159667969 -5.776120662689209
endloop
endfacet
facet normal -0.831470379496779 0 -0.5555690848305744
outer loop
vertex -21.94599151611328 -61.29001235961914 -6.31731653213501
vertex -22.162763595581055 -61.29001235961914 -5.992893218994141
vertex -22.162763595581055 -60.09001159667969 -5.992893218994141
endloop
endfacet
facet normal -0.9807853098383859 0 -0.19509017403555012
outer loop
vertex -21.869871139526367 -61.29001235961914 -6.699999809265137
vertex -21.94599151611328 -61.29001235961914 -6.31731653213501
vertex -21.94599151611328 -60.09001159667969 -6.31731653213501
endloop
endfacet
facet normal -0.831470379496779 0 -0.5555690848305744
outer loop
vertex -21.94599151611328 -60.09001159667969 -6.31731653213501
vertex -21.94599151611328 -61.29001235961914 -6.31731653213501
vertex -22.162763595581055 -60.09001159667969 -5.992893218994141
endloop
endfacet
facet normal -0.9807853098383859 0 -0.19509017403555012
outer loop
vertex -21.869871139526367 -60.09001159667969 -6.699999809265137
vertex -21.869871139526367 -61.29001235961914 -6.699999809265137
vertex -21.94599151611328 -60.09001159667969 -6.31731653213501
endloop
endfacet
facet normal 0.009265546907230283 -0.10590841102817652 0.9943327200258457
outer loop
vertex 59.231300354003906 -59.786006927490234 -0.32014966011047363
vertex 59.231300354003906 -60.58357238769531 -0.4050999879837036
vertex 59.94369125366211 -59.72368240356445 -0.32014966011047363
endloop
endfacet
facet normal -0.009265852654989536 -0.1059088697131952 -0.9943326683211458
outer loop
vertex 57.58041763305664 -60.50912857055664 -1.5949000120162964
vertex 57.685176849365234 -59.91501235961914 -1.6591570377349854
vertex 58.43130111694336 -59.91501235961914 -1.6661099195480347
endloop
endfacet
facet normal 0.5735781035076711 -0.8191508769308272 0
outer loop
vertex 62.831302642822266 -60.34321594238281 -0.5
vertex 62.831302642822266 -60.34321594238281 -1.5
vertex 63.331302642822266 -59.99311065673828 -0.5
endloop
endfacet
facet normal -0.02751575857605411 -0.1026914703067878 -0.9943326128394937
outer loop
vertex 56.36753845214844 -60.184139251708984 -1.5949000120162964
vertex 56.46549606323242 -59.91501235961914 -1.6254053115844727
vertex 57.685176849365234 -59.91501235961914 -1.6591570377349854
endloop
endfacet
facet normal 0.027515845320178034 -0.10269042406577888 0.9943327184909015
outer loop
vertex 61.02227783203125 -59.43467330932617 -0.32014966011047363
vertex 60.08218765258789 -60.50912857055664 -0.4050999879837036
vertex 61.29506301879883 -60.184139251708984 -0.4050999879837036
endloop
endfacet
facet normal 0.00817895690376607 -0.0934883108594326 0.9955867819515366
outer loop
vertex 59.231300354003906 -59.786006927490234 -0.32014966011047363
vertex 59.94369125366211 -59.72368240356445 -0.32014966011047363
vertex 59.848472595214844 -59.18367004394531 -0.2686587870121002
endloop
endfacet
facet normal 0.5735781035076711 -0.8191508769308272 0
outer loop
vertex 62.831302642822266 -60.34321594238281 -1.5
vertex 63.331302642822266 -59.99311065673828 -1.5
vertex 63.331302642822266 -59.99311065673828 -0.5
endloop
endfacet
facet normal 1 0 0
outer loop
vertex 63.331302642822266 -59.99311065673828 -1.5
vertex 63.331302642822266 -59.91501235961914 -1.5076520442962646
vertex 63.331302642822266 -59.91501235961914 -1
endloop
endfacet
facet normal 0.008179080891097194 -0.09348843680247414 0.9955867691065439
outer loop
vertex 59.231300354003906 -59.17807388305664 -0.2630630135536194
vertex 59.231300354003906 -59.786006927490234 -0.32014966011047363
vertex 59.848472595214844 -59.18367004394531 -0.2686587870121002
endloop
endfacet
facet normal 0.024289189447212516 -0.09064764486486765 0.9955867816300347
outer loop
vertex 59.848472595214844 -59.18367004394531 -0.2686587870121002
vertex 59.94369125366211 -59.72368240356445 -0.32014966011047363
vertex 61.02227783203125 -59.43467330932617 -0.32014966011047363
endloop
endfacet
facet normal 0.024289094022462324 -0.09064808340094824 0.9955867440295209
outer loop
vertex 59.848472595214844 -59.18367004394531 -0.2686587870121002
vertex 61.02227783203125 -59.43467330932617 -0.32014966011047363
vertex 60.94160079956055 -59.213008880615234 -0.2979988753795624
endloop
endfacet
facet normal 0.03966066673982234 -0.08505344146775805 0.9955867333428281
outer loop
vertex 60.94160079956055 -59.213008880615234 -0.2979988753795624
vertex 61.02227783203125 -59.43467330932617 -0.32014966011047363
vertex 61.450138092041016 -59.23516082763672 -0.32014966011047363
endloop
endfacet
facet normal 0.05019126511808305 -0.10763610793679108 0.9929226078471907
outer loop
vertex 61.29506301879883 -60.184139251708984 -0.4050999879837036
vertex 61.56746292114258 -60.932552337646484 -0.5
vertex 62.43307876586914 -59.65347671508789 -0.4050999879837036
endloop
endfacet
facet normal 0.04492938956454648 -0.09635236922714858 0.9943327264541143
outer loop
vertex 61.450138092041016 -59.23516082763672 -0.32014966011047363
vertex 61.02227783203125 -59.43467330932617 -0.32014966011047363
vertex 61.29506301879883 -60.184139251708984 -0.4050999879837036
endloop
endfacet
facet normal 0.030738062168052558 -0.11471648956975991 0.9929226045140398
outer loop
vertex 61.29506301879883 -60.184139251708984 -0.4050999879837036
vertex 60.22048568725586 -61.29347229003906 -0.5
vertex 61.56746292114258 -60.932552337646484 -0.5
endloop
endfacet
facet normal 0.030738278794330765 -0.11471669678733101 0.9929225738671498
outer loop
vertex 60.08218765258789 -60.50912857055664 -0.4050999879837036
vertex 60.22048568725586 -61.29347229003906 -0.5
vertex 61.29506301879883 -60.184139251708984 -0.4050999879837036
endloop
endfacet
facet normal 0.01035109264277009 -0.11831143307198261 0.9929225849408173
outer loop
vertex 60.08218765258789 -60.50912857055664 -0.4050999879837036
vertex 59.231300354003906 -61.3800163269043 -0.5
vertex 60.22048568725586 -61.29347229003906 -0.5
endloop
endfacet
facet normal 0.010351017476558772 -0.11831136065763857 0.9929225943529225
outer loop
vertex 59.231300354003906 -60.58357238769531 -0.4050999879837036
vertex 59.231300354003906 -61.3800163269043 -0.5
vertex 60.08218765258789 -60.50912857055664 -0.4050999879837036
endloop
endfacet
facet normal 0.42261723351328206 -0.906308266506259 0
outer loop
vertex 61.56746292114258 -60.932552337646484 -0.5
vertex 61.56746292114258 -60.932552337646484 -1.5
vertex 62.831302642822266 -60.34321594238281 -0.5
endloop
endfacet
facet normal 0.42261723351328206 -0.906308266506259 0
outer loop
vertex 61.56746292114258 -60.932552337646484 -1.5
vertex 62.831302642822266 -60.34321594238281 -1.5
vertex 62.831302642822266 -60.34321594238281 -0.5
endloop
endfacet
facet normal 0.25881803504136525 -0.9659260969335732 0
outer loop
vertex 60.22048568725586 -61.29347229003906 -0.5
vertex 60.22048568725586 -61.29347229003906 -1.5
vertex 61.56746292114258 -60.932552337646484 -0.5
endloop
endfacet
facet normal 0.04492961707267174 -0.09635240517279653 0.9943327126908378
outer loop
vertex 61.450138092041016 -59.23516082763672 -0.32014966011047363
vertex 61.29506301879883 -60.184139251708984 -0.4050999879837036
vertex 62.43307876586914 -59.65347671508789 -0.4050999879837036
endloop
endfacet
facet normal 0.0871572759617764 -0.9961945639517026 0
outer loop
vertex 59.231300354003906 -61.3800163269043 -1.5
vertex 60.22048568725586 -61.29347229003906 -0.5
vertex 59.231300354003906 -61.3800163269043 -0.5
endloop
endfacet
facet normal 0.25881803504136525 -0.9659260969335732 0
outer loop
vertex 60.22048568725586 -61.29347229003906 -1.5
vertex 61.56746292114258 -60.932552337646484 -1.5
vertex 61.56746292114258 -60.932552337646484 -0.5
endloop
endfacet
facet normal 0.0871572759617764 -0.9961945639517026 0
outer loop
vertex 60.22048568725586 -61.29347229003906 -1.5
vertex 60.22048568725586 -61.29347229003906 -0.5
vertex 59.231300354003906 -61.3800163269043 -1.5
endloop
endfacet
facet normal 0.05019145045552024 -0.107636231673803 0.9929225850650365
outer loop
vertex 62.43307876586914 -59.65347671508789 -0.4050999879837036
vertex 61.56746292114258 -60.932552337646484 -0.5
vertex 62.831302642822266 -60.34321594238281 -0.5
endloop
endfacet
facet normal 0.04492963502542008 -0.09635236364075064 0.99433271590415
outer loop
vertex 61.450138092041016 -59.23516082763672 -0.32014966011047363
vertex 62.43307876586914 -59.65347671508789 -0.4050999879837036
vertex 62.213623046875 -59.27336120605469 -0.3583499491214752
endloop
endfacet
facet normal -0.00817913299765836 -0.09348827994818783 0.9955867834075219
outer loop
vertex 57.81413269042969 -59.18367004394531 -0.2686587870121002
vertex 57.71891403198242 -59.72368240356445 -0.32014966011047363
vertex 58.43130111694336 -59.17807388305664 -0.2630630135536194
endloop
endfacet
facet normal -0.008179011723514984 -0.0934884368553664 0.9955867696698096
outer loop
vertex 57.71891403198242 -59.72368240356445 -0.32014966011047363
vertex 58.43130111694336 -59.786006927490234 -0.32014966011047363
vertex 58.43130111694336 -59.17807388305664 -0.2630630135536194
endloop
endfacet
facet normal -0.02428902127803763 -0.09064767465022112 0.9955867830208788
outer loop
vertex 56.72100067138672 -59.213008880615234 -0.2979988753795624
vertex 57.71891403198242 -59.72368240356445 -0.32014966011047363
vertex 57.81413269042969 -59.18367004394531 -0.2686587870121002
endloop
endfacet
facet normal -0.024289209785864532 -0.0906480413678896 0.9955867450323671
outer loop
vertex 56.72100067138672 -59.213008880615234 -0.2979988753795624
vertex 56.640323638916016 -59.43467330932617 -0.32014966011047363
vertex 57.71891403198242 -59.72368240356445 -0.32014966011047363
endloop
endfacet
facet normal 1 0 0
outer loop
vertex 63.331302642822266 -59.99311065673828 -0.5
vertex 63.331302642822266 -59.91501235961914 -1
vertex 63.331302642822266 -59.35221862792969 -0.4372060298919678
endloop
endfacet
facet normal 0.06812016539316589 -0.09728501249449671 0.9929225898380767
outer loop
vertex 62.43307876586914 -59.65347671508789 -0.4050999879837036
vertex 62.831302642822266 -60.34321594238281 -0.5
vertex 62.90917205810547 -59.32011032104492 -0.4050999879837036
endloop
endfacet
facet normal -0.009265929478457342 -0.10590841065271965 0.9943327165008277
outer loop
vertex 58.43130111694336 -59.786006927490234 -0.32014966011047363
vertex 57.58041763305664 -60.50912857055664 -0.4050999879837036
vertex 58.43130111694336 -60.58357238769531 -0.4050999879837036
endloop
endfacet
facet normal -0.009265627246703552 -0.10590876221492196 0.9943326818715296
outer loop
vertex 57.71891403198242 -59.72368240356445 -0.32014966011047363
vertex 57.58041763305664 -60.50912857055664 -0.4050999879837036
vertex 58.43130111694336 -59.786006927490234 -0.32014966011047363
endloop
endfacet
facet normal -0.027515963639905126 -0.1026903811320796 0.9943327196506788
outer loop
vertex 56.640323638916016 -59.43467330932617 -0.32014966011047363
vertex 56.36753845214844 -60.184139251708984 -0.4050999879837036
vertex 57.71891403198242 -59.72368240356445 -0.32014966011047363
endloop
endfacet
facet normal -0.027515841608460975 -0.1026907331921093 0.9943326866683228
outer loop
vertex 56.36753845214844 -60.184139251708984 -0.4050999879837036
vertex 57.58041763305664 -60.50912857055664 -0.4050999879837036
vertex 57.71891403198242 -59.72368240356445 -0.32014966011047363
endloop
endfacet
facet normal -0.03966066673982234 -0.08505344146775805 0.9955867333428281
outer loop
vertex 56.72100067138672 -59.213008880615234 -0.2979988753795624
vertex 56.21246337890625 -59.23516082763672 -0.32014966011047363
vertex 56.640323638916016 -59.43467330932617 -0.32014966011047363
endloop
endfacet
facet normal -0.044929891497763864 -0.0963517703153302 0.9943327618091947
outer loop
vertex 56.21246337890625 -59.23516082763672 -0.32014966011047363
vertex 55.44898223876953 -59.27336120605469 -0.3583499491214752
vertex 55.229522705078125 -59.65347671508789 -0.4050999879837036
endloop
endfacet
facet normal -0.04492951569124249 -0.09635263970947877 0.9943326945448218
outer loop
vertex 55.229522705078125 -59.65347671508789 -0.4050999879837036
vertex 56.640323638916016 -59.43467330932617 -0.32014966011047363
vertex 56.21246337890625 -59.23516082763672 -0.32014966011047363
endloop
endfacet
facet normal -0.04492956965268966 -0.09635230347975697 0.9943327246877521
outer loop
vertex 55.229522705078125 -59.65347671508789 -0.4050999879837036
vertex 56.36753845214844 -60.184139251708984 -0.4050999879837036
vertex 56.640323638916016 -59.43467330932617 -0.32014966011047363
endloop
endfacet
facet normal -0.06097869187379306 -0.08708600113638566 0.9943327549384233
outer loop
vertex 55.44898223876953 -59.27336120605469 -0.3583499491214752
vertex 54.7534294128418 -59.32011032104492 -0.4050999879837036
vertex 55.229522705078125 -59.65347671508789 -0.4050999879837036
endloop
endfacet
facet normal -0.050191450377829044 -0.10763650522978559 0.9929225554145139
outer loop
vertex 55.229522705078125 -59.65347671508789 -0.4050999879837036
vertex 54.831302642822266 -60.34321594238281 -0.5
vertex 56.36753845214844 -60.184139251708984 -0.4050999879837036
endloop
endfacet
facet normal -0.06812028958620428 -0.09728518985932287 0.9929225639397702
outer loop
vertex 54.7534294128418 -59.32011032104492 -0.4050999879837036
vertex 54.331302642822266 -59.99311065673828 -0.5
vertex 55.229522705078125 -59.65347671508789 -0.4050999879837036
endloop
endfacet
facet normal -0.06811967519349417 -0.09728557583658284 0.9929225682729129
outer loop
vertex 54.7534294128418 -59.32011032104492 -0.4050999879837036
vertex 54.331302642822266 -59.35221862792969 -0.4372060298919678
vertex 54.331302642822266 -59.99311065673828 -0.5
endloop
endfacet
facet normal -0.06812022877494717 -0.09728534753415716 0.9929225526629996
outer loop
vertex 54.331302642822266 -59.99311065673828 -0.5
vertex 54.831302642822266 -60.34321594238281 -0.5
vertex 55.229522705078125 -59.65347671508789 -0.4050999879837036
endloop
endfacet
facet normal 0.060978993568847735 -0.08708643199862733 0.99433269870053
outer loop
vertex 62.43307876586914 -59.65347671508789 -0.4050999879837036
vertex 62.90917205810547 -59.32011032104492 -0.4050999879837036
vertex 62.213623046875 -59.27336120605469 -0.3583499491214752
endloop
endfacet
facet normal 0.06811998546867276 -0.0972850000582915 0.992922603400389
outer loop
vertex 62.90917205810547 -59.32011032104492 -0.4050999879837036
vertex 62.831302642822266 -60.34321594238281 -0.5
vertex 63.331302642822266 -59.99311065673828 -0.5
endloop
endfacet
facet normal 0.06811906246805474 -0.09728557991606382 0.9929226099091853
outer loop
vertex 62.90917205810547 -59.32011032104492 -0.4050999879837036
vertex 63.331302642822266 -59.99311065673828 -0.5
vertex 63.331302642822266 -59.35221862792969 -0.4372060298919678
endloop
endfacet
facet normal -0.5735781035076711 -0.8191508769308272 0
outer loop
vertex 54.331302642822266 -59.99311065673828 -0.5
vertex 54.331302642822266 -59.99311065673828 -1.5
vertex 54.831302642822266 -60.34321594238281 -0.5
endloop
endfacet
facet normal -1 0 0
outer loop
vertex 54.331302642822266 -59.35221862792969 -0.4372060298919678
vertex 54.331302642822266 -59.91501235961914 -1
vertex 54.331302642822266 -59.99311065673828 -0.5
endloop
endfacet
facet normal -0.5735781035076711 -0.8191508769308272 0
outer loop
vertex 54.831302642822266 -60.34321594238281 -1.5
vertex 54.831302642822266 -60.34321594238281 -0.5
vertex 54.331302642822266 -59.99311065673828 -1.5
endloop
endfacet
facet normal -0.01035108629984877 -0.1183113605733453 0.9929225936454951
outer loop
vertex 58.43130111694336 -60.58357238769531 -0.4050999879837036
vertex 57.442115783691406 -61.29347229003906 -0.5
vertex 58.43130111694336 -61.3800163269043 -0.5
endloop
endfacet
facet normal -0.010351066279839425 -0.11831138805961072 0.9929225905790836
outer loop
vertex 57.58041763305664 -60.50912857055664 -0.4050999879837036
vertex 57.442115783691406 -61.29347229003906 -0.5
vertex 58.43130111694336 -60.58357238769531 -0.4050999879837036
endloop
endfacet
facet normal -0.03073808729870106 -0.11471658335900925 0.9929225929001984
outer loop
vertex 57.58041763305664 -60.50912857055664 -0.4050999879837036
vertex 56.09513854980469 -60.932552337646484 -0.5
vertex 57.442115783691406 -61.29347229003906 -0.5
endloop
endfacet
facet normal -0.03073812088894997 -0.11471646827852612 0.9929226051560707
outer loop
vertex 56.36753845214844 -60.184139251708984 -0.4050999879837036
vertex 56.09513854980469 -60.932552337646484 -0.5
vertex 57.58041763305664 -60.50912857055664 -0.4050999879837036
endloop
endfacet
facet normal -0.05019150361824434 -0.10763602079894413 0.9929226052372406
outer loop
vertex 54.831302642822266 -60.34321594238281 -0.5
vertex 56.09513854980469 -60.932552337646484 -0.5
vertex 56.36753845214844 -60.184139251708984 -0.4050999879837036
endloop
endfacet
facet normal -1 0 0
outer loop
vertex 54.331302642822266 -59.91501235961914 -1
vertex 54.331302642822266 -59.99311065673828 -1.5
vertex 54.331302642822266 -59.99311065673828 -0.5
endloop
endfacet
facet normal -0.0871572759617764 -0.9961945639517026 0
outer loop
vertex 57.442115783691406 -61.29347229003906 -0.5
vertex 57.442115783691406 -61.29347229003906 -1.5
vertex 58.43130111694336 -61.3800163269043 -0.5
endloop
endfacet
facet normal -1 0 0
outer loop
vertex 54.331302642822266 -59.91501235961914 -1
vertex 54.331302642822266 -59.91501235961914 -1.5076520442962646
vertex 54.331302642822266 -59.99311065673828 -1.5
endloop
endfacet
facet normal -0.0871572759617764 -0.9961945639517026 0
outer loop
vertex 57.442115783691406 -61.29347229003906 -1.5
vertex 58.43130111694336 -61.3800163269043 -1.5
vertex 58.43130111694336 -61.3800163269043 -0.5
endloop
endfacet
facet normal 0.02751614106256768 -0.10269068008679415 0.9943326838660875
outer loop
vertex 59.94369125366211 -59.72368240356445 -0.32014966011047363
vertex 60.08218765258789 -60.50912857055664 -0.4050999879837036
vertex 61.02227783203125 -59.43467330932617 -0.32014966011047363
endloop
endfacet
facet normal -0.25881803504136525 -0.9659260969335732 0
outer loop
vertex 57.442115783691406 -61.29347229003906 -0.5
vertex 56.09513854980469 -60.932552337646484 -1.5
vertex 57.442115783691406 -61.29347229003906 -1.5
endloop
endfacet
facet normal -0.25881803504136525 -0.9659260969335732 0
outer loop
vertex 56.09513854980469 -60.932552337646484 -0.5
vertex 56.09513854980469 -60.932552337646484 -1.5
vertex 57.442115783691406 -61.29347229003906 -0.5
endloop
endfacet
facet normal -0.42261828128849965 -0.9063077779213609 0
outer loop
vertex 54.831302642822266 -60.34321594238281 -1.5
vertex 56.09513854980469 -60.932552337646484 -0.5
vertex 54.831302642822266 -60.34321594238281 -0.5
endloop
endfacet
facet normal -0.42261828128849965 -0.9063077779213609 0
outer loop
vertex 54.831302642822266 -60.34321594238281 -1.5
vertex 56.09513854980469 -60.932552337646484 -1.5
vertex 56.09513854980469 -60.932552337646484 -0.5
endloop
endfacet
facet normal 0.06812082435513186 -0.09728619810712637 -0.9929224284640963
outer loop
vertex 62.831302642822266 -60.34321594238281 -1.5
vertex 63.331302642822266 -59.91501235961914 -1.5076520442962646
vertex 63.331302642822266 -59.99311065673828 -1.5
endloop
endfacet
facet normal 0.06812006781441063 -0.09728531718798292 -0.992922566679091
outer loop
vertex 62.831302642822266 -60.34321594238281 -1.5
vertex 62.58407974243164 -59.91501235961914 -1.5589157342910767
vertex 63.331302642822266 -59.91501235961914 -1.5076520442962646
endloop
endfacet
facet normal 0.0501915785178297 -0.10763631257218294 -0.992922569821913
outer loop
vertex 62.831302642822266 -60.34321594238281 -1.5
vertex 61.872215270996094 -59.91501235961914 -1.5949000120162964
vertex 62.58407974243164 -59.91501235961914 -1.5589157342910767
endloop
endfacet
facet normal 0.050191273656648355 -0.10763698271339371 -0.9929225125864959
outer loop
vertex 62.831302642822266 -60.34321594238281 -1.5
vertex 61.29506301879883 -60.184139251708984 -1.5949000120162964
vertex 61.872215270996094 -59.91501235961914 -1.5949000120162964
endloop
endfacet
facet normal 0.04492984957544065 -0.09635367046371997 -0.9943325795755147
outer loop
vertex 61.29506301879883 -60.184139251708984 -1.5949000120162964
vertex 61.19710922241211 -59.91501235961914 -1.6254053115844727
vertex 61.872215270996094 -59.91501235961914 -1.5949000120162964
endloop
endfacet
facet normal 0.02751618727447074 -0.10269170025522247 -0.9943325772278446
outer loop
vertex 61.29506301879883 -60.184139251708984 -1.5949000120162964
vertex 60.08218765258789 -60.50912857055664 -1.5949000120162964
vertex 61.19710922241211 -59.91501235961914 -1.6254053115844727
endloop
endfacet
facet normal 0.02751576019434876 -0.10269090362564794 -0.9943326713195514
outer loop
vertex 60.08218765258789 -60.50912857055664 -1.5949000120162964
vertex 59.9774284362793 -59.91501235961914 -1.6591570377349854
vertex 61.19710922241211 -59.91501235961914 -1.6254053115844727
endloop
endfacet
facet normal 0.00926591429267736 -0.10590871189101453 0.994332684556787
outer loop
vertex 59.94369125366211 -59.72368240356445 -0.32014966011047363
vertex 59.231300354003906 -60.58357238769531 -0.4050999879837036
vertex 60.08218765258789 -60.50912857055664 -0.4050999879837036
endloop
endfacet
facet normal 0.009265805277729319 -0.10590887801918954 -0.9943326678779449
outer loop
vertex 59.231300354003906 -59.91501235961914 -1.6661099195480347
vertex 59.9774284362793 -59.91501235961914 -1.6591570377349854
vertex 60.08218765258789 -60.50912857055664 -1.5949000120162964
endloop
endfacet
facet normal 0.00926591521488644 -0.10590872243179579 -0.9943326834254698
outer loop
vertex 60.08218765258789 -60.50912857055664 -1.5949000120162964
vertex 59.231300354003906 -60.58357238769531 -1.5949000120162964
vertex 59.231300354003906 -59.91501235961914 -1.6661099195480347
endloop
endfacet
facet normal 1 0 0
outer loop
vertex 63.331302642822266 -59.99311065673828 -0.5
vertex 63.331302642822266 -59.99311065673828 -1.5
vertex 63.331302642822266 -59.91501235961914 -1
endloop
endfacet
facet normal -0.050191608718123615 -0.10763624618634988 -0.9929225754917643
outer loop
vertex 56.09513854980469 -60.932552337646484 -1.5
vertex 54.831302642822266 -60.34321594238281 -1.5
vertex 55.79039001464844 -59.91501235961914 -1.5949000120162964
endloop
endfacet
facet normal 0.050191374176117014 -0.10763606809161036 -0.992922606653757
outer loop
vertex 61.56746292114258 -60.932552337646484 -1.5
vertex 61.29506301879883 -60.184139251708984 -1.5949000120162964
vertex 62.831302642822266 -60.34321594238281 -1.5
endloop
endfacet
facet normal 0.030738125009298393 -0.11471672409746315 -0.9929225754726594
outer loop
vertex 60.22048568725586 -61.29347229003906 -1.5
vertex 60.08218765258789 -60.50912857055664 -1.5949000120162964
vertex 61.56746292114258 -60.932552337646484 -1.5
endloop
endfacet
facet normal 0.030738209004710124 -0.11471643632919659 -0.9929226061194862
outer loop
vertex 60.08218765258789 -60.50912857055664 -1.5949000120162964
vertex 61.29506301879883 -60.184139251708984 -1.5949000120162964
vertex 61.56746292114258 -60.932552337646484 -1.5
endloop
endfacet
facet normal 0.01035108629984877 -0.1183113605733453 -0.9929225936454951
outer loop
vertex 59.231300354003906 -60.58357238769531 -1.5949000120162964
vertex 60.22048568725586 -61.29347229003906 -1.5
vertex 59.231300354003906 -61.3800163269043 -1.5
endloop
endfacet
facet normal 0.01035102485037157 -0.11831144493977097 -0.9929225842334389
outer loop
vertex 59.231300354003906 -60.58357238769531 -1.5949000120162964
vertex 60.08218765258789 -60.50912857055664 -1.5949000120162964
vertex 60.22048568725586 -61.29347229003906 -1.5
endloop
endfacet
facet normal -0.009265956752449829 -0.10590872239102968 -0.9943326830427337
outer loop
vertex 58.43130111694336 -60.58357238769531 -1.5949000120162964
vertex 57.58041763305664 -60.50912857055664 -1.5949000120162964
vertex 58.43130111694336 -59.91501235961914 -1.6661099195480347
endloop
endfacet
facet normal -0.030738062168052558 -0.11471648956975991 -0.9929226045140398
outer loop
vertex 56.09513854980469 -60.932552337646484 -1.5
vertex 56.36753845214844 -60.184139251708984 -1.5949000120162964
vertex 57.442115783691406 -61.29347229003906 -1.5
endloop
endfacet
facet normal -0.030738148798137778 -0.11471657243725038 -0.9929225922581844
outer loop
vertex 57.58041763305664 -60.50912857055664 -1.5949000120162964
vertex 57.442115783691406 -61.29347229003906 -1.5
vertex 56.36753845214844 -60.184139251708984 -1.5949000120162964
endloop
endfacet
facet normal -0.010351088366339644 -0.11831138419302538 -0.9929225908095567
outer loop
vertex 57.442115783691406 -61.29347229003906 -1.5
vertex 57.58041763305664 -60.50912857055664 -1.5949000120162964
vertex 58.43130111694336 -61.3800163269043 -1.5
endloop
endfacet
facet normal -0.010351063877468076 -0.11831136060080781 -0.9929225938759729
outer loop
vertex 58.43130111694336 -61.3800163269043 -1.5
vertex 57.58041763305664 -60.50912857055664 -1.5949000120162964
vertex 58.43130111694336 -60.58357238769531 -1.5949000120162964
endloop
endfacet
facet normal -0.06812006188671474 -0.09728620318369842 -0.9929224802766077
outer loop
vertex 54.331302642822266 -59.99311065673828 -1.5
vertex 54.331302642822266 -59.91501235961914 -1.5076520442962646
vertex 55.07852554321289 -59.91501235961914 -1.5589157342910767
endloop
endfacet
facet normal -0.06812016722441129 -0.09728525963126279 -0.9929225654983354
outer loop
vertex 54.331302642822266 -59.99311065673828 -1.5
vertex 55.07852554321289 -59.91501235961914 -1.5589157342910767
vertex 54.831302642822266 -60.34321594238281 -1.5
endloop
endfacet
facet normal -0.0501915785178297 -0.10763631257218294 -0.992922569821913
outer loop
vertex 55.79039001464844 -59.91501235961914 -1.5949000120162964
vertex 54.831302642822266 -60.34321594238281 -1.5
vertex 55.07852554321289 -59.91501235961914 -1.5589157342910767
endloop
endfacet
facet normal -0.05019120733161092 -0.10763612904951673 -0.9929226084795487
outer loop
vertex 56.36753845214844 -60.184139251708984 -1.5949000120162964
vertex 56.09513854980469 -60.932552337646484 -1.5
vertex 55.79039001464844 -59.91501235961914 -1.5949000120162964
endloop
endfacet
facet normal -0.044929852332459774 -0.09635303952504372 -0.9943326405904962
outer loop
vertex 56.36753845214844 -60.184139251708984 -1.5949000120162964
vertex 55.79039001464844 -59.91501235961914 -1.5949000120162964
vertex 56.46549606323242 -59.91501235961914 -1.6254053115844727
endloop
endfacet
facet normal -0.027515881511164124 -0.10269088211133556 -0.9943326701843097
outer loop
vertex 57.58041763305664 -60.50912857055664 -1.5949000120162964
vertex 56.36753845214844 -60.184139251708984 -1.5949000120162964
vertex 57.685176849365234 -59.91501235961914 -1.6591570377349854
endloop
endfacet
facet normal -0.050191450377829044 -0.10763650522978559 0.9929225554145139
outer loop
vertex -53.86552429199219 -62.52847671508789 -0.4050999879837036
vertex -54.26374435424805 -63.21821594238281 -0.5
vertex -52.727508544921875 -63.059139251708984 -0.4050999879837036
endloop
endfacet
facet normal -0.06812028958620428 -0.09728518985932287 0.9929225639397702
outer loop
vertex -54.341617584228516 -62.19511032104492 -0.4050999879837036
vertex -54.76374435424805 -62.86811065673828 -0.5
vertex -53.86552429199219 -62.52847671508789 -0.4050999879837036
endloop
endfacet
facet normal -0.030738148798137778 -0.11471657243725038 -0.9929225922581844
outer loop
vertex -51.652931213378906 -64.16847229003906 -1.5
vertex -52.727508544921875 -63.059139251708984 -1.5949000120162964
vertex -51.51462936401367 -63.38412857055664 -1.5949000120162964
endloop
endfacet
facet normal 0.06811906246805474 -0.09728557991606382 0.9929226099091853
outer loop
vertex -46.185874938964844 -62.19511032104492 -0.4050999879837036
vertex -45.76374435424805 -62.86811065673828 -0.5
vertex -45.76374435424805 -62.22721862792969 -0.4372060298919678
endloop
endfacet
facet normal 0.044929891497763864 -0.0963517703153302 0.9943327618091947
outer loop
vertex -47.6449089050293 -62.11016082763672 -0.32014966011047363
vertex -46.66196823120117 -62.52847671508789 -0.4050999879837036
vertex -46.88142776489258 -62.14836120605469 -0.3583499491214752
endloop
endfacet
facet normal 0.06097869187379306 -0.08708600113638566 0.9943327549384233
outer loop
vertex -46.88142776489258 -62.14836120605469 -0.3583499491214752
vertex -46.66196823120117 -62.52847671508789 -0.4050999879837036
vertex -46.185874938964844 -62.19511032104492 -0.4050999879837036
endloop
endfacet
facet normal 0.06811998546867276 -0.0972850000582915 0.992922603400389
outer loop
vertex -46.185874938964844 -62.19511032104492 -0.4050999879837036
vertex -46.26374435424805 -63.21821594238281 -0.5
vertex -45.76374435424805 -62.86811065673828 -0.5
endloop
endfacet
facet normal -0.02751575857605411 -0.1026914703067878 -0.9943326128394937
outer loop
vertex -52.727508544921875 -63.059139251708984 -1.5949000120162964
vertex -52.62955093383789 -62.79001235961914 -1.6254053115844727
vertex -51.40987014770508 -62.79001235961914 -1.6591570377349854
endloop
endfacet
facet normal -0.044929852332459774 -0.09635303952504372 -0.9943326405904962
outer loop
vertex -52.727508544921875 -63.059139251708984 -1.5949000120162964
vertex -53.304656982421875 -62.79001235961914 -1.5949000120162964
vertex -52.62955093383789 -62.79001235961914 -1.6254053115844727
endloop
endfacet
facet normal -0.010350638992505296 -0.11831146286289146 -0.992922586120232
outer loop
vertex -51.652931213378906 -64.16847229003906 -1.5
vertex -51.51462936401367 -63.38412857055664 -1.5949000120162964
vertex -50.66374588012695 -64.25501251220703 -1.5
endloop
endfacet
facet normal -0.05019120733161092 -0.10763612904951673 -0.9929226084795487
outer loop
vertex -52.727508544921875 -63.059139251708984 -1.5949000120162964
vertex -52.999908447265625 -63.807552337646484 -1.5
vertex -53.304656982421875 -62.79001235961914 -1.5949000120162964
endloop
endfacet
facet normal 0.06812016539316589 -0.09728501249449671 0.9929225898380767
outer loop
vertex -46.26374435424805 -63.21821594238281 -0.5
vertex -46.185874938964844 -62.19511032104492 -0.4050999879837036
vertex -46.66196823120117 -62.52847671508789 -0.4050999879837036
endloop
endfacet
facet normal -0.030738062168052558 -0.11471648956975991 -0.9929226045140398
outer loop
vertex -52.999908447265625 -63.807552337646484 -1.5
vertex -52.727508544921875 -63.059139251708984 -1.5949000120162964
vertex -51.652931213378906 -64.16847229003906 -1.5
endloop
endfacet
facet normal -0.050191608718123615 -0.10763624618634988 -0.9929225754917643
outer loop
vertex -54.26374435424805 -63.21821594238281 -1.5
vertex -53.304656982421875 -62.79001235961914 -1.5949000120162964
vertex -52.999908447265625 -63.807552337646484 -1.5
endloop
endfacet
facet normal 1 0 0
outer loop
vertex -45.76374435424805 -62.86811065673828 -0.5
vertex -45.76374435424805 -62.79001235961914 -1
vertex -45.76374435424805 -62.22721862792969 -0.4372060298919678
endloop
endfacet
facet normal 0.05019145045552024 -0.107636231673803 0.9929225850650365
outer loop
vertex -46.66196823120117 -62.52847671508789 -0.4050999879837036
vertex -47.527584075927734 -63.807552337646484 -0.5
vertex -46.26374435424805 -63.21821594238281 -0.5
endloop
endfacet
facet normal 0.04492961707267174 -0.09635240517279653 0.9943327126908378
outer loop
vertex -47.6449089050293 -62.11016082763672 -0.32014966011047363
vertex -47.799983978271484 -63.059139251708984 -0.4050999879837036
vertex -46.66196823120117 -62.52847671508789 -0.4050999879837036
endloop
endfacet
facet normal 0.05019126511808305 -0.10763610793679108 0.9929226078471907
outer loop
vertex -47.799983978271484 -63.059139251708984 -0.4050999879837036
vertex -47.527584075927734 -63.807552337646484 -0.5
vertex -46.66196823120117 -62.52847671508789 -0.4050999879837036
endloop
endfacet
facet normal 0.03966066673982234 -0.08505344146775805 0.9955867333428281
outer loop
vertex -48.153446197509766 -62.088008880615234 -0.2979988753795624
vertex -48.07276916503906 -62.30967330932617 -0.32014966011047363
vertex -47.6449089050293 -62.11016082763672 -0.32014966011047363
endloop
endfacet
facet normal 0.024289094022462324 -0.09064808340094824 0.9955867440295209
outer loop
vertex -48.153446197509766 -62.088008880615234 -0.2979988753795624
vertex -49.24657440185547 -62.05867004394531 -0.2686587870121002
vertex -48.07276916503906 -62.30967330932617 -0.32014966011047363
endloop
endfacet
facet normal 0.008179080891097194 -0.09348843680247414 0.9955867691065439
outer loop
vertex -49.863746643066406 -62.05307388305664 -0.2630630135536194
vertex -49.863746643066406 -62.661006927490234 -0.32014966011047363
vertex -49.24657440185547 -62.05867004394531 -0.2686587870121002
endloop
endfacet
facet normal 0.024289189447212516 -0.09064764486486765 0.9955867816300347
outer loop
vertex -49.24657440185547 -62.05867004394531 -0.2686587870121002
vertex -49.1513557434082 -62.59868240356445 -0.32014966011047363
vertex -48.07276916503906 -62.30967330932617 -0.32014966011047363
endloop
endfacet
facet normal 0.00817895690376607 -0.0934883108594326 0.9955867819515366
outer loop
vertex -49.863746643066406 -62.661006927490234 -0.32014966011047363
vertex -49.1513557434082 -62.59868240356445 -0.32014966011047363
vertex -49.24657440185547 -62.05867004394531 -0.2686587870121002
endloop
endfacet
facet normal 0.04492938956454648 -0.09635236922714858 0.9943327264541143
outer loop
vertex -48.07276916503906 -62.30967330932617 -0.32014966011047363
vertex -47.799983978271484 -63.059139251708984 -0.4050999879837036
vertex -47.6449089050293 -62.11016082763672 -0.32014966011047363
endloop
endfacet
facet normal 0.02751617486923178 -0.1026908062538072 0.9943326699005263
outer loop
vertex -49.1513557434082 -62.59868240356445 -0.32014966011047363
vertex -49.01286315917969 -63.38412857055664 -0.4050999879837036
vertex -48.07276916503906 -62.30967330932617 -0.32014966011047363
endloop
endfacet
facet normal 0.027515766447171405 -0.10269045268577248 0.9943327177177748
outer loop
vertex -49.01286315917969 -63.38412857055664 -0.4050999879837036
vertex -47.799983978271484 -63.059139251708984 -0.4050999879837036
vertex -48.07276916503906 -62.30967330932617 -0.32014966011047363
endloop
endfacet
facet normal 0.030738062168052558 -0.11471648956975991 0.9929226045140398
outer loop
vertex -47.799983978271484 -63.059139251708984 -0.4050999879837036
vertex -48.87456130981445 -64.16847229003906 -0.5
vertex -47.527584075927734 -63.807552337646484 -0.5
endloop
endfacet
facet normal 0.030738148798137778 -0.11471657243725038 0.9929225922581844
outer loop
vertex -49.01286315917969 -63.38412857055664 -0.4050999879837036
vertex -48.87456130981445 -64.16847229003906 -0.5
vertex -47.799983978271484 -63.059139251708984 -0.4050999879837036
endloop
endfacet
facet normal 0.009265959039856905 -0.1059087485358054 0.9943326802366759
outer loop
vertex -49.1513557434082 -62.59868240356445 -0.32014966011047363
vertex -49.863746643066406 -63.45857238769531 -0.4050999879837036
vertex -49.01286315917969 -63.38412857055664 -0.4050999879837036
endloop
endfacet
facet normal 0.009265546907230283 -0.10590841102817652 0.9943327200258457
outer loop
vertex -49.863746643066406 -62.661006927490234 -0.32014966011047363
vertex -49.863746643066406 -63.45857238769531 -0.4050999879837036
vertex -49.1513557434082 -62.59868240356445 -0.32014966011047363
endloop
endfacet
facet normal 0.010350638992505296 -0.11831146286289146 0.992922586120232
outer loop
vertex -49.01286315917969 -63.38412857055664 -0.4050999879837036
vertex -49.863746643066406 -64.25501251220703 -0.5
vertex -48.87456130981445 -64.16847229003906 -0.5
endloop
endfacet
facet normal 0.010351112756509179 -0.1183119192821111 0.9929225267967715
outer loop
vertex -49.863746643066406 -63.45857238769531 -0.4050999879837036
vertex -49.863746643066406 -64.25501251220703 -0.5
vertex -49.01286315917969 -63.38412857055664 -0.4050999879837036
endloop
endfacet
facet normal 0.5735781035076711 -0.8191508769308272 0
outer loop
vertex -46.26374435424805 -63.21821594238281 -0.5
vertex -46.26374435424805 -63.21821594238281 -1.5
vertex -45.76374435424805 -62.86811065673828 -0.5
endloop
endfacet
facet normal 1 0 0
outer loop
vertex -45.76374435424805 -62.86811065673828 -0.5
vertex -45.76374435424805 -62.86811065673828 -1.5
vertex -45.76374435424805 -62.79001235961914 -1
endloop
endfacet
facet normal 0.42261723351328206 -0.906308266506259 0
outer loop
vertex -47.527584075927734 -63.807552337646484 -0.5
vertex -47.527584075927734 -63.807552337646484 -1.5
vertex -46.26374435424805 -63.21821594238281 -0.5
endloop
endfacet
facet normal 0.5735781035076711 -0.8191508769308272 0
outer loop
vertex -46.26374435424805 -63.21821594238281 -1.5
vertex -45.76374435424805 -62.86811065673828 -1.5
vertex -45.76374435424805 -62.86811065673828 -0.5
endloop
endfacet
facet normal -0.0501915785178297 -0.10763631257218294 -0.992922569821913
outer loop
vertex -54.26374435424805 -63.21821594238281 -1.5
vertex -54.01652145385742 -62.79001235961914 -1.5589157342910767
vertex -53.304656982421875 -62.79001235961914 -1.5949000120162964
endloop
endfacet
facet normal -0.06812016722441129 -0.09728525963126279 -0.9929225654983354
outer loop
vertex -54.76374435424805 -62.86811065673828 -1.5
vertex -54.01652145385742 -62.79001235961914 -1.5589157342910767
vertex -54.26374435424805 -63.21821594238281 -1.5
endloop
endfacet
facet normal 1 0 0
outer loop
vertex -45.76374435424805 -62.86811065673828 -1.5
vertex -45.76374435424805 -62.79001235961914 -1.5076520442962646
vertex -45.76374435424805 -62.79001235961914 -1
endloop
endfacet
facet normal 0.42261723351328206 -0.906308266506259 0
outer loop
vertex -47.527584075927734 -63.807552337646484 -1.5
vertex -46.26374435424805 -63.21821594238281 -1.5
vertex -46.26374435424805 -63.21821594238281 -0.5
endloop
endfacet
facet normal -0.027515881511164124 -0.10269088211133556 -0.9943326701843097
outer loop
vertex -51.51462936401367 -63.38412857055664 -1.5949000120162964
vertex -52.727508544921875 -63.059139251708984 -1.5949000120162964
vertex -51.40987014770508 -62.79001235961914 -1.6591570377349854
endloop
endfacet
facet normal -0.009265852654989536 -0.1059088697131952 -0.9943326683211458
outer loop
vertex -51.51462936401367 -63.38412857055664 -1.5949000120162964
vertex -51.40987014770508 -62.79001235961914 -1.6591570377349854
vertex -50.66374588012695 -62.79001235961914 -1.6661099195480347
endloop
endfacet
facet normal -0.010351112756509179 -0.1183119192821111 -0.9929225267967715
outer loop
vertex -50.66374588012695 -64.25501251220703 -1.5
vertex -51.51462936401367 -63.38412857055664 -1.5949000120162964
vertex -50.66374588012695 -63.45857238769531 -1.5949000120162964
endloop
endfacet
facet normal -0.009265956752449829 -0.10590872239102968 -0.9943326830427337
outer loop
vertex -50.66374588012695 -63.45857238769531 -1.5949000120162964
vertex -51.51462936401367 -63.38412857055664 -1.5949000120162964
vertex -50.66374588012695 -62.79001235961914 -1.6661099195480347
endloop
endfacet
facet normal 0.010351066279839425 -0.11831138805961072 -0.9929225905790836
outer loop
vertex -49.863746643066406 -63.45857238769531 -1.5949000120162964
vertex -49.01286315917969 -63.38412857055664 -1.5949000120162964
vertex -48.87456130981445 -64.16847229003906 -1.5
endloop
endfacet
facet normal 0.010350678969440938 -0.11831191981339857 -0.9929225312555555
outer loop
vertex -49.863746643066406 -63.45857238769531 -1.5949000120162964
vertex -48.87456130981445 -64.16847229003906 -1.5
vertex -49.863746643066406 -64.25501251220703 -1.5
endloop
endfacet
facet normal 0.009265956752449829 -0.10590872239102968 -0.9943326830427337
outer loop
vertex -49.01286315917969 -63.38412857055664 -1.5949000120162964
vertex -49.863746643066406 -63.45857238769531 -1.5949000120162964
vertex -49.863746643066406 -62.79001235961914 -1.6661099195480347
endloop
endfacet
facet normal 0.009265852654989536 -0.1059088697131952 -0.9943326683211458
outer loop
vertex -49.863746643066406 -62.79001235961914 -1.6661099195480347
vertex -49.11762237548828 -62.79001235961914 -1.6591570377349854
vertex -49.01286315917969 -63.38412857055664 -1.5949000120162964
endloop
endfacet
facet normal 0.03073812088894997 -0.11471646827852612 -0.9929226051560707
outer loop
vertex -49.01286315917969 -63.38412857055664 -1.5949000120162964
vertex -47.799983978271484 -63.059139251708984 -1.5949000120162964
vertex -47.527584075927734 -63.807552337646484 -1.5
endloop
endfacet
facet normal 0.03073808729870106 -0.11471658335900925 -0.9929225929001984
outer loop
vertex -48.87456130981445 -64.16847229003906 -1.5
vertex -49.01286315917969 -63.38412857055664 -1.5949000120162964
vertex -47.527584075927734 -63.807552337646484 -1.5
endloop
endfacet
facet normal 0.027515674158071882 -0.10269091888331204 -0.9943326721246406
outer loop
vertex -49.01286315917969 -63.38412857055664 -1.5949000120162964
vertex -49.11762237548828 -62.79001235961914 -1.6591570377349854
vertex -47.8979377746582 -62.79001235961914 -1.6254053115844727
endloop
endfacet
facet normal 0.02751610840040834 -0.10269172887528971 -0.9943325764547297
outer loop
vertex -47.799983978271484 -63.059139251708984 -1.5949000120162964
vertex -49.01286315917969 -63.38412857055664 -1.5949000120162964
vertex -47.8979377746582 -62.79001235961914 -1.6254053115844727
endloop
endfacet
facet normal -0.06811967519349417 -0.09728557583658284 0.9929225682729129
outer loop
vertex -54.76374435424805 -62.22721862792969 -0.4372060298919678
vertex -54.76374435424805 -62.86811065673828 -0.5
vertex -54.341617584228516 -62.19511032104492 -0.4050999879837036
endloop
endfacet
facet normal 0.050191374176117014 -0.10763606809161036 -0.992922606653757
outer loop
vertex -47.527584075927734 -63.807552337646484 -1.5
vertex -47.799983978271484 -63.059139251708984 -1.5949000120162964
vertex -46.26374435424805 -63.21821594238281 -1.5
endloop
endfacet
facet normal 0.04492984957544065 -0.09635367046371997 -0.9943325795755147
outer loop
vertex -47.799983978271484 -63.059139251708984 -1.5949000120162964
vertex -47.8979377746582 -62.79001235961914 -1.6254053115844727
vertex -47.22283172607422 -62.79001235961914 -1.5949000120162964
endloop
endfacet
facet normal 0.050191273656648355 -0.10763698271339371 -0.9929225125864959
outer loop
vertex -46.26374435424805 -63.21821594238281 -1.5
vertex -47.799983978271484 -63.059139251708984 -1.5949000120162964
vertex -47.22283172607422 -62.79001235961914 -1.5949000120162964
endloop
endfacet
facet normal 0.25881803504136525 -0.9659260969335732 0
outer loop
vertex -48.87456130981445 -64.16847229003906 -0.5
vertex -48.87456130981445 -64.16847229003906 -1.5
vertex -47.527584075927734 -63.807552337646484 -0.5
endloop
endfacet
facet normal 0.050191850059932826 -0.10763571567236295 -0.9929226208014699
outer loop
vertex -46.26374435424805 -63.21821594238281 -1.5
vertex -47.22283172607422 -62.79001235961914 -1.5949000120162964
vertex -46.51097106933594 -62.79001235961914 -1.5589157342910767
endloop
endfacet
facet normal 0.06811972435667797 -0.09728491726437098 -0.9929226294260972
outer loop
vertex -46.26374435424805 -63.21821594238281 -1.5
vertex -46.51097106933594 -62.79001235961914 -1.5589157342910767
vertex -45.76374435424805 -62.79001235961914 -1.5076520442962646
endloop
endfacet
facet normal 0.08715346341544244 -0.9961948975048472 0
outer loop
vertex -49.863746643066406 -64.25501251220703 -0.5
vertex -49.863746643066406 -64.25501251220703 -1.5
vertex -48.87456130981445 -64.16847229003906 -0.5
endloop
endfacet
facet normal 0.06812082435513186 -0.09728619810712637 -0.9929224284640963
outer loop
vertex -46.26374435424805 -63.21821594238281 -1.5
vertex -45.76374435424805 -62.79001235961914 -1.5076520442962646
vertex -45.76374435424805 -62.86811065673828 -1.5
endloop
endfacet
facet normal 0.25881803504136525 -0.9659260969335732 0
outer loop
vertex -48.87456130981445 -64.16847229003906 -1.5
vertex -47.527584075927734 -63.807552337646484 -1.5
vertex -47.527584075927734 -63.807552337646484 -0.5
endloop
endfacet
facet normal -0.42261828128849965 -0.9063077779213609 0
outer loop
vertex -54.26374435424805 -63.21821594238281 -1.5
vertex -52.999908447265625 -63.807552337646484 -1.5
vertex -52.999908447265625 -63.807552337646484 -0.5
endloop
endfacet
facet normal 0.08715346341544244 -0.9961948975048472 0
outer loop
vertex -48.87456130981445 -64.16847229003906 -1.5
vertex -48.87456130981445 -64.16847229003906 -0.5
vertex -49.863746643066406 -64.25501251220703 -1.5
endloop
endfacet
facet normal -0.5735781035076711 -0.8191508769308272 0
outer loop
vertex -54.26374435424805 -63.21821594238281 -0.5
vertex -54.76374435424805 -62.86811065673828 -1.5
vertex -54.26374435424805 -63.21821594238281 -1.5
endloop
endfacet
facet normal -0.008179082358627776 -0.09348828883728388 0.9955867829888299
outer loop
vertex -51.28091812133789 -62.05867004394531 -0.2686587870121002
vertex -51.376136779785156 -62.59868240356445 -0.32014966011047363
vertex -50.66374588012695 -62.05307388305664 -0.2630630135536194
endloop
endfacet
facet normal -0.024289106425468516 -0.09064765956929878 0.9955867823166702
outer loop
vertex -51.28091812133789 -62.05867004394531 -0.2686587870121002
vertex -52.374046325683594 -62.088008880615234 -0.2979988753795624
vertex -51.376136779785156 -62.59868240356445 -0.32014966011047363
endloop
endfacet
facet normal -1 0 0
outer loop
vertex -54.76374435424805 -62.79001235961914 -1
vertex -54.76374435424805 -62.86811065673828 -0.5
vertex -54.76374435424805 -62.22721862792969 -0.4372060298919678
endloop
endfacet
facet normal -0.42261828128849965 -0.9063077779213609 0
outer loop
vertex -54.26374435424805 -63.21821594238281 -0.5
vertex -54.26374435424805 -63.21821594238281 -1.5
vertex -52.999908447265625 -63.807552337646484 -0.5
endloop
endfacet
facet normal -0.5735781035076711 -0.8191508769308272 0
outer loop
vertex -54.76374435424805 -62.86811065673828 -0.5
vertex -54.76374435424805 -62.86811065673828 -1.5
vertex -54.26374435424805 -63.21821594238281 -0.5
endloop
endfacet
facet normal -0.024289288074066696 -0.09064801294187044 0.995586745710561
outer loop
vertex -52.374046325683594 -62.088008880615234 -0.2979988753795624
vertex -52.4547233581543 -62.30967330932617 -0.32014966011047363
vertex -51.376136779785156 -62.59868240356445 -0.32014966011047363
endloop
endfacet
facet normal -0.009265929478457342 -0.10590841065271965 0.9943327165008277
outer loop
vertex -50.66374588012695 -62.661006927490234 -0.32014966011047363
vertex -51.51462936401367 -63.38412857055664 -0.4050999879837036
vertex -50.66374588012695 -63.45857238769531 -0.4050999879837036
endloop
endfacet
facet normal -0.010350678969440938 -0.11831191981339857 0.9929225312555555
outer loop
vertex -50.66374588012695 -63.45857238769531 -0.4050999879837036
vertex -51.652931213378906 -64.16847229003906 -0.5
vertex -50.66374588012695 -64.25501251220703 -0.5
endloop
endfacet
facet normal -0.009265582214087546 -0.10590881459778646 0.9943326767117361
outer loop
vertex -51.376136779785156 -62.59868240356445 -0.32014966011047363
vertex -51.51462936401367 -63.38412857055664 -0.4050999879837036
vertex -50.66374588012695 -62.661006927490234 -0.32014966011047363
endloop
endfacet
facet normal -0.02751605233351927 -0.10269034894856136 0.994332720520049
outer loop
vertex -52.4547233581543 -62.30967330932617 -0.32014966011047363
vertex -52.727508544921875 -63.059139251708984 -0.4050999879837036
vertex -51.376136779785156 -62.59868240356445 -0.32014966011047363
endloop
endfacet
facet normal -0.02751587541438936 -0.1026908593578149 0.9943326727029207
outer loop
vertex -52.727508544921875 -63.059139251708984 -0.4050999879837036
vertex -51.51462936401367 -63.38412857055664 -0.4050999879837036
vertex -51.376136779785156 -62.59868240356445 -0.32014966011047363
endloop
endfacet
facet normal -0.010351066279839425 -0.11831138805961072 0.9929225905790836
outer loop
vertex -51.51462936401367 -63.38412857055664 -0.4050999879837036
vertex -51.652931213378906 -64.16847229003906 -0.5
vertex -50.66374588012695 -63.45857238769531 -0.4050999879837036
endloop
endfacet
facet normal -0.03073808729870106 -0.11471658335900925 0.9929225929001984
outer loop
vertex -51.51462936401367 -63.38412857055664 -0.4050999879837036
vertex -52.999908447265625 -63.807552337646484 -0.5
vertex -51.652931213378906 -64.16847229003906 -0.5
endloop
endfacet
facet normal -0.03966066673982234 -0.08505344146775805 0.9955867333428281
outer loop
vertex -52.374046325683594 -62.088008880615234 -0.2979988753795624
vertex -52.88258361816406 -62.11016082763672 -0.32014966011047363
vertex -52.4547233581543 -62.30967330932617 -0.32014966011047363
endloop
endfacet
facet normal -0.044929891497763864 -0.0963517703153302 0.9943327618091947
outer loop
vertex -52.88258361816406 -62.11016082763672 -0.32014966011047363
vertex -53.64606475830078 -62.14836120605469 -0.3583499491214752
vertex -53.86552429199219 -62.52847671508789 -0.4050999879837036
endloop
endfacet
facet normal -0.25881803504136525 -0.9659260969335732 0
outer loop
vertex -52.999908447265625 -63.807552337646484 -0.5
vertex -52.999908447265625 -63.807552337646484 -1.5
vertex -51.652931213378906 -64.16847229003906 -0.5
endloop
endfacet
facet normal -0.06097869187379306 -0.08708600113638566 0.9943327549384233
outer loop
vertex -53.64606475830078 -62.14836120605469 -0.3583499491214752
vertex -54.341617584228516 -62.19511032104492 -0.4050999879837036
vertex -53.86552429199219 -62.52847671508789 -0.4050999879837036
endloop
endfacet
facet normal -1 0 0
outer loop
vertex -54.76374435424805 -62.79001235961914 -1
vertex -54.76374435424805 -62.86811065673828 -1.5
vertex -54.76374435424805 -62.86811065673828 -0.5
endloop
endfacet
facet normal -0.04492951569124249 -0.09635263970947877 0.9943326945448218
outer loop
vertex -53.86552429199219 -62.52847671508789 -0.4050999879837036
vertex -52.4547233581543 -62.30967330932617 -0.32014966011047363
vertex -52.88258361816406 -62.11016082763672 -0.32014966011047363
endloop
endfacet
facet normal -0.04492956965268966 -0.09635230347975697 0.9943327246877521
outer loop
vertex -53.86552429199219 -62.52847671508789 -0.4050999879837036
vertex -52.727508544921875 -63.059139251708984 -0.4050999879837036
vertex -52.4547233581543 -62.30967330932617 -0.32014966011047363
endloop
endfacet
facet normal -0.25881803504136525 -0.9659260969335732 0
outer loop
vertex -51.652931213378906 -64.16847229003906 -0.5
vertex -52.999908447265625 -63.807552337646484 -1.5
vertex -51.652931213378906 -64.16847229003906 -1.5
endloop
endfacet
facet normal -1 0 0
outer loop
vertex -54.76374435424805 -62.79001235961914 -1.5076520442962646
vertex -54.76374435424805 -62.86811065673828 -1.5
vertex -54.76374435424805 -62.79001235961914 -1
endloop
endfacet
facet normal -0.08715346341544244 -0.9961948975048472 0
outer loop
vertex -51.652931213378906 -64.16847229003906 -1.5
vertex -50.66374588012695 -64.25501251220703 -1.5
vertex -50.66374588012695 -64.25501251220703 -0.5
endloop
endfacet
facet normal -0.06812006188671474 -0.09728620318369842 -0.9929224802766077
outer loop
vertex -54.76374435424805 -62.86811065673828 -1.5
vertex -54.76374435424805 -62.79001235961914 -1.5076520442962646
vertex -54.01652145385742 -62.79001235961914 -1.5589157342910767
endloop
endfacet
facet normal -0.03073812088894997 -0.11471646827852612 0.9929226051560707
outer loop
vertex -52.727508544921875 -63.059139251708984 -0.4050999879837036
vertex -52.999908447265625 -63.807552337646484 -0.5
vertex -51.51462936401367 -63.38412857055664 -0.4050999879837036
endloop
endfacet
facet normal -0.05019150361824434 -0.10763602079894413 0.9929226052372406
outer loop
vertex -52.727508544921875 -63.059139251708984 -0.4050999879837036
vertex -54.26374435424805 -63.21821594238281 -0.5
vertex -52.999908447265625 -63.807552337646484 -0.5
endloop
endfacet
facet normal -0.08715346341544244 -0.9961948975048472 0
outer loop
vertex -51.652931213378906 -64.16847229003906 -0.5
vertex -51.652931213378906 -64.16847229003906 -1.5
vertex -50.66374588012695 -64.25501251220703 -0.5
endloop
endfacet
facet normal -0.06812022877494717 -0.09728534753415716 0.9929225526629996
outer loop
vertex -54.76374435424805 -62.86811065673828 -0.5
vertex -54.26374435424805 -63.21821594238281 -0.5
vertex -53.86552429199219 -62.52847671508789 -0.4050999879837036
endloop
endfacet
facet normal -0.008178967929628096 -0.09348843688885525 0.9955867700264427
outer loop
vertex -51.376136779785156 -62.59868240356445 -0.32014966011047363
vertex -50.66374588012695 -62.661006927490234 -0.32014966011047363
vertex -50.66374588012695 -62.05307388305664 -0.2630630135536194
endloop
endfacet
facet normal 0.8314692529919772 0.5555707707654927 0
outer loop
vertex 52.97774887084961 -58.568565368652344 -4
vertex 52.869361877441406 -58.40635299682617 -4
vertex 52.869361877441406 -58.40635299682617 0
endloop
endfacet
facet normal 0 0 -1
outer loop
vertex 52.831302642822266 -59.91501235961914 -4
vertex 52.97774887084961 -58.568565368652344 -4
vertex 53.13996124267578 -58.67695236206055 -4
endloop
endfacet
facet normal 0 0 1
outer loop
vertex 64.52264404296875 -56.75307083129883 -5
vertex 52.831302642822266 -59.91501235961914 -5
vertex 64.68485260009766 -56.86145782470703 -5
endloop
endfacet
facet normal -0.9807899398239573 0.19506689606419184 0
outer loop
vertex 64.831298828125 -58.21501159667969 0
vertex 64.831298828125 -58.21501159667969 -4
vertex 64.79324340820312 -58.40635299682617 0
endloop
endfacet
facet normal -0.8314602204820793 0.5555842886150507 0
outer loop
vertex 64.79324340820312 -58.40635299682617 0
vertex 64.79324340820312 -58.40635299682617 -4
vertex 64.68485260009766 -58.568565368652344 0
endloop
endfacet
facet normal -0.5555798033776966 0.83146321751404 0
outer loop
vertex 64.68485260009766 -58.568565368652344 0
vertex 64.68485260009766 -58.568565368652344 -4
vertex 64.52264404296875 -58.67695236206055 0
endloop
endfacet
facet normal 0 -1 0
outer loop
vertex 64.331298828125 -56.71501159667969 -4.099999904632568
vertex 53.331302642822266 -56.71501159667969 -5
vertex 64.331298828125 -56.71501159667969 -5
endloop
endfacet
facet normal 0 0 1
outer loop
vertex 52.831302642822266 -59.91501235961914 -5
vertex 64.831298828125 -57.21501159667969 -5
vertex 64.79324340820312 -57.0236701965332 -5
endloop
endfacet
facet normal -1 0 0
outer loop
vertex 59.231300354003906 -59.17807388305664 -0.2630630135536194
vertex 59.231300354003906 -59.91501235961914 -1.6661099195480347
vertex 59.231300354003906 -59.786006927490234 -0.32014966011047363
endloop
endfacet
facet normal 0 0 1
outer loop
vertex 64.331298828125 -56.71501159667969 -5
vertex 52.831302642822266 -59.91501235961914 -5
vertex 64.52264404296875 -56.75307083129883 -5
endloop
endfacet
facet normal -1 0 0
outer loop
vertex 59.231300354003906 -59.91501235961914 -1.6661099195480347
vertex 59.231300354003906 -60.58357238769531 -0.4050999879837036
vertex 59.231300354003906 -59.786006927490234 -0.32014966011047363
endloop
endfacet
facet normal 0 0 1
outer loop
vertex 64.831298828125 -59.91501235961914 -5
vertex 64.831298828125 -57.21501159667969 -5
vertex 52.831302642822266 -59.91501235961914 -5
endloop
endfacet
facet normal 0 -1 0
outer loop
vertex 53.331302642822266 -56.71501159667969 -4.099999904632568
vertex 53.331302642822266 -56.71501159667969 -5
vertex 64.331298828125 -56.71501159667969 -4.099999904632568
endloop
endfacet
facet normal 0 0 1
outer loop
vertex 53.331302642822266 -56.71501159667969 -5
vertex 52.831302642822266 -59.91501235961914 -5
vertex 64.331298828125 -56.71501159667969 -5
endloop
endfacet
facet normal 0 0 -1
outer loop
vertex 58.43130111694336 -59.91501235961914 -4
vertex 52.831302642822266 -59.91501235961914 -4
vertex 53.331302642822266 -58.71501159667969 -4
endloop
endfacet
facet normal 0.8314750103961317 -0.5555621541166682 0
outer loop
vertex 52.869361877441406 -57.0236701965332 0
vertex 52.94196319580078 -56.91501235961914 -4.099999904632568
vertex 52.94196319580078 -56.91501235961914 0
endloop
endfacet
facet normal 1 0 0
outer loop
vertex 52.831302642822266 -58.21501159667969 0
vertex 52.831302642822266 -58.21501159667969 -4
vertex 52.831302642822266 -57.21501159667969 0
endloop
endfacet
facet normal 0 0 -1
outer loop
vertex 58.43130111694336 -59.91501235961914 -4
vertex 53.331302642822266 -58.71501159667969 -4
vertex 58.43130111694336 -58.71501159667969 -4
endloop
endfacet
facet normal 0.9807861986664705 0.19508570553829574 0
outer loop
vertex 52.869361877441406 -58.40635299682617 0
vertex 52.869361877441406 -58.40635299682617 -4
vertex 52.831302642822266 -58.21501159667969 0
endloop
endfacet
facet normal 1 0 0
outer loop
vertex 58.43130111694336 -59.91501235961914 -4
vertex 58.43130111694336 -58.71501159667969 -4
vertex 58.43130111694336 -59.91501235961914 -1.6661099195480347
endloop
endfacet
facet normal 0 0 -1
outer loop
vertex 59.231300354003906 -59.91501235961914 -4
vertex 59.231300354003906 -58.71501159667969 -4
vertex 64.831298828125 -59.91501235961914 -4
endloop
endfacet
facet normal 0 0 -1
outer loop
vertex 64.831298828125 -59.91501235961914 -4
vertex 59.231300354003906 -58.71501159667969 -4
vertex 64.52264404296875 -58.67695236206055 -4
endloop
endfacet
facet normal 0.5555707707654927 0.8314692529919772 0
outer loop
vertex 53.13996124267578 -58.67695236206055 0
vertex 53.13996124267578 -58.67695236206055 -4
vertex 52.97774887084961 -58.568565368652344 0
endloop
endfacet
facet normal 0.19508570553829574 0.9807861986664705 0
outer loop
vertex 53.331302642822266 -58.71501159667969 -4
vertex 53.13996124267578 -58.67695236206055 0
vertex 53.331302642822266 -58.71501159667969 0
endloop
endfacet
facet normal -0.007192549263254353 0.9999741332830042 0
outer loop
vertex 64.52264404296875 -58.67695236206055 0
vertex 59.231300354003906 -58.71501159667969 -4
vertex 59.231300354003906 -58.71501159667969 0
endloop
endfacet
facet normal -1 0 0
outer loop
vertex 59.231300354003906 -58.71501159667969 -4
vertex 59.231300354003906 -59.91501235961914 -4
vertex 59.231300354003906 -59.91501235961914 -1.6661099195480347
endloop
endfacet
facet normal -1 0 0
outer loop
vertex 64.831298828125 -57.21501159667969 0
vertex 64.831298828125 -57.21501159667969 -5
vertex 64.831298828125 -58.21501159667969 0
endloop
endfacet
facet normal -1 0 0
outer loop
vertex 59.231300354003906 -58.91501235961914 0
vertex 59.231300354003906 -58.71501159667969 0
vertex 59.231300354003906 -58.71501159667969 -4
endloop
endfacet
facet normal -1 0 0
outer loop
vertex 59.231300354003906 -59.91501235961914 -1.6661099195480347
vertex 59.231300354003906 -60.58357238769531 -1.5949000120162964
vertex 59.231300354003906 -60.58357238769531 -0.4050999879837036
endloop
endfacet
facet normal -1 0 0
outer loop
vertex 59.231300354003906 -60.58357238769531 -0.4050999879837036
vertex 59.231300354003906 -61.3800163269043 -1.5
vertex 59.231300354003906 -61.3800163269043 -0.5
endloop
endfacet
facet normal -1 0 0
outer loop
vertex 59.231300354003906 -60.58357238769531 -1.5949000120162964
vertex 59.231300354003906 -61.3800163269043 -1.5
vertex 59.231300354003906 -60.58357238769531 -0.4050999879837036
endloop
endfacet
facet normal -0.9807899398239572 -0.19506689606419184 0
outer loop
vertex 64.79324340820312 -57.0236701965332 0
vertex 64.79324340820312 -57.0236701965332 -5
vertex 64.831298828125 -57.21501159667969 0
endloop
endfacet
facet normal -1 0 0
outer loop
vertex 64.831298828125 -57.21501159667969 -5
vertex 64.831298828125 -59.91501235961914 -5
vertex 64.831298828125 -58.21501159667969 -4
endloop
endfacet
facet normal -1 0 0
outer loop
vertex 64.831298828125 -58.21501159667969 -4
vertex 64.831298828125 -59.91501235961914 -5
vertex 64.831298828125 -59.91501235961914 -4
endloop
endfacet
facet normal 0.8314692529919772 0.5555707707654927 0
outer loop
vertex 52.97774887084961 -58.568565368652344 0
vertex 52.97774887084961 -58.568565368652344 -4
vertex 52.869361877441406 -58.40635299682617 0
endloop
endfacet
facet normal 0.9807861986664704 -0.19508570553829574 0
outer loop
vertex 52.831302642822266 -57.21501159667969 0
vertex 52.831302642822266 -57.21501159667969 -5
vertex 52.869361877441406 -57.0236701965332 0
endloop
endfacet
facet normal -0.19508196428504695 -0.9807869428222868 0
outer loop
vertex 64.331298828125 -56.71501159667969 -5
vertex 64.52264404296875 -56.75307083129883 -5
vertex 64.52264404296875 -56.75307083129883 -4.099999904632568
endloop
endfacet
facet normal 0.9807861986664705 0.19508570553829574 0
outer loop
vertex 52.869361877441406 -58.40635299682617 -4
vertex 52.831302642822266 -58.21501159667969 -4
vertex 52.831302642822266 -58.21501159667969 0
endloop
endfacet
facet normal 0.5555707707654927 0.8314692529919772 0
outer loop
vertex 53.13996124267578 -58.67695236206055 -4
vertex 52.97774887084961 -58.568565368652344 -4
vertex 52.97774887084961 -58.568565368652344 0
endloop
endfacet
facet normal 0.19508570553829574 0.9807861986664705 0
outer loop
vertex 53.13996124267578 -58.67695236206055 -4
vertex 53.13996124267578 -58.67695236206055 0
vertex 53.331302642822266 -58.71501159667969 -4
endloop
endfacet
facet normal -0.5555798033776966 -0.83146321751404 0
outer loop
vertex 64.52264404296875 -56.75307083129883 -5
vertex 64.68485260009766 -56.86145782470703 -5
vertex 64.68485260009766 -56.86145782470703 -4.099999904632568
endloop
endfacet
facet normal -0.8314480415874174 -0.5556025145195514 0
outer loop
vertex 64.72063446044922 -56.91501235961914 0
vertex 64.72063446044922 -56.91501235961914 -4.099999904632568
vertex 64.79324340820312 -57.0236701965332 0
endloop
endfacet
facet normal 1 0 0
outer loop
vertex 58.43130111694336 -58.91501235961914 0
vertex 58.43130111694336 -59.91501235961914 -1.6661099195480347
vertex 58.43130111694336 -58.71501159667969 0
endloop
endfacet
facet normal 1 0 0
outer loop
vertex 58.43130111694336 -59.17807388305664 -0.2630630135536194
vertex 58.43130111694336 -59.91501235961914 -1.6661099195480347
vertex 58.43130111694336 -58.91501235961914 0
endloop
endfacet
facet normal 1 0 0
outer loop
vertex 58.43130111694336 -59.786006927490234 -0.32014966011047363
vertex 58.43130111694336 -59.91501235961914 -1.6661099195480347
vertex 58.43130111694336 -59.17807388305664 -0.2630630135536194
endloop
endfacet
facet normal 1 0 0
outer loop
vertex 58.43130111694336 -60.58357238769531 -0.4050999879837036
vertex 58.43130111694336 -60.58357238769531 -1.5949000120162964
vertex 58.43130111694336 -59.786006927490234 -0.32014966011047363
endloop
endfacet
facet normal 1 0 0
outer loop
vertex 58.43130111694336 -60.58357238769531 -1.5949000120162964
vertex 58.43130111694336 -59.91501235961914 -1.6661099195480347
vertex 58.43130111694336 -59.786006927490234 -0.32014966011047363
endloop
endfacet
facet normal -0.5555798033776966 0.83146321751404 0
outer loop
vertex 64.68485260009766 -58.568565368652344 -4
vertex 64.52264404296875 -58.67695236206055 -4
vertex 64.52264404296875 -58.67695236206055 0
endloop
endfacet
facet normal -0.8314602204820793 0.5555842886150507 0
outer loop
vertex 64.79324340820312 -58.40635299682617 -4
vertex 64.68485260009766 -58.568565368652344 -4
vertex 64.68485260009766 -58.568565368652344 0
endloop
endfacet
facet normal -0.9807899398239573 0.19506689606419184 0
outer loop
vertex 64.831298828125 -58.21501159667969 -4
vertex 64.79324340820312 -58.40635299682617 -4
vertex 64.79324340820312 -58.40635299682617 0
endloop
endfacet
facet normal -0.8314602204778674 -0.5555842886122363 -0.000003182981979432396
outer loop
vertex 64.68485260009766 -56.86145782470703 -5
vertex 64.79324340820312 -57.0236701965332 -5
vertex 64.72063446044922 -56.91501235961914 -4.099999904632568
endloop
endfacet
facet normal 0 1 0
outer loop
vertex 58.43130111694336 -58.71501159667969 0
vertex 53.331302642822266 -58.71501159667969 -4
vertex 53.331302642822266 -58.71501159667969 0
endloop
endfacet
facet normal -0.5555798033776966 -0.83146321751404 0
outer loop
vertex 64.52264404296875 -56.75307083129883 -4.099999904632568
vertex 64.52264404296875 -56.75307083129883 -5
vertex 64.68485260009766 -56.86145782470703 -4.099999904632568
endloop
endfacet
facet normal -0.19508196428504695 -0.9807869428222868 0
outer loop
vertex 64.331298828125 -56.71501159667969 -4.099999904632568
vertex 64.331298828125 -56.71501159667969 -5
vertex 64.52264404296875 -56.75307083129883 -4.099999904632568
endloop
endfacet
facet normal -0.8314849303467909 -0.5555473072621198 0
outer loop
vertex 64.68485260009766 -56.86145782470703 -4.099999904632568
vertex 64.68485260009766 -56.86145782470703 -5
vertex 64.72063446044922 -56.91501235961914 -4.099999904632568
endloop
endfacet
facet normal 0 0 -1
outer loop
vertex 64.831298828125 -59.91501235961914 -4
vertex 64.52264404296875 -58.67695236206055 -4
vertex 64.68485260009766 -58.568565368652344 -4
endloop
endfacet
facet normal 0 0 -1
outer loop
vertex 64.831298828125 -59.91501235961914 -4
vertex 64.68485260009766 -58.568565368652344 -4
vertex 64.79324340820312 -58.40635299682617 -4
endloop
endfacet
facet normal 0 0 1
outer loop
vertex 52.831302642822266 -59.91501235961914 -5
vertex 64.79324340820312 -57.0236701965332 -5
vertex 64.68485260009766 -56.86145782470703 -5
endloop
endfacet
facet normal 0.8314750103961317 -0.5555621541166683 0
outer loop
vertex 52.869361877441406 -57.0236701965332 0
vertex 52.869361877441406 -57.0236701965332 -5
vertex 52.94196319580078 -56.91501235961914 -4.099999904632568
endloop
endfacet
facet normal 1 0 0
outer loop
vertex 52.831302642822266 -58.21501159667969 -4
vertex 52.831302642822266 -57.21501159667969 -5
vertex 52.831302642822266 -57.21501159667969 0
endloop
endfacet
facet normal 0.9807861986664704 -0.19508570553829574 0
outer loop
vertex 52.831302642822266 -57.21501159667969 -5
vertex 52.869361877441406 -57.0236701965332 -5
vertex 52.869361877441406 -57.0236701965332 0
endloop
endfacet
facet normal 1 0 0
outer loop
vertex 58.43130111694336 -61.3800163269043 -0.5
vertex 58.43130111694336 -61.3800163269043 -1.5
vertex 58.43130111694336 -60.58357238769531 -0.4050999879837036
endloop
endfacet
facet normal 1 0 0
outer loop
vertex 58.43130111694336 -61.3800163269043 -1.5
vertex 58.43130111694336 -60.58357238769531 -1.5949000120162964
vertex 58.43130111694336 -60.58357238769531 -0.4050999879837036
endloop
endfacet
facet normal 0 0 -1
outer loop
vertex 52.869361877441406 -58.40635299682617 -4
vertex 52.831302642822266 -59.91501235961914 -4
vertex 52.831302642822266 -58.21501159667969 -4
endloop
endfacet
facet normal 0 0 -1
outer loop
vertex 52.831302642822266 -59.91501235961914 -4
vertex 53.13996124267578 -58.67695236206055 -4
vertex 53.331302642822266 -58.71501159667969 -4
endloop
endfacet
facet normal 0 0 -1
outer loop
vertex 64.831298828125 -58.21501159667969 -4
vertex 64.831298828125 -59.91501235961914 -4
vertex 64.79324340820312 -58.40635299682617 -4
endloop
endfacet
facet normal -1 0 0
outer loop
vertex 59.231300354003906 -59.17807388305664 -0.2630630135536194
vertex 59.231300354003906 -58.91501235961914 0
vertex 59.231300354003906 -58.71501159667969 -4
endloop
endfacet
facet normal -0.9807899398239572 -0.19506689606419184 0
outer loop
vertex 64.79324340820312 -57.0236701965332 -5
vertex 64.831298828125 -57.21501159667969 -5
vertex 64.831298828125 -57.21501159667969 0
endloop
endfacet
facet normal -1 0 0
outer loop
vertex 64.831298828125 -57.21501159667969 -5
vertex 64.831298828125 -58.21501159667969 -4
vertex 64.831298828125 -58.21501159667969 0
endloop
endfacet
facet normal -0.8314480415874174 -0.5556025145195514 0
outer loop
vertex 64.72063446044922 -56.91501235961914 -4.099999904632568
vertex 64.79324340820312 -57.0236701965332 -5
vertex 64.79324340820312 -57.0236701965332 0
endloop
endfacet
facet normal -1 0 0
outer loop
vertex 59.231300354003906 -59.91501235961914 -1.6661099195480347
vertex 59.231300354003906 -59.17807388305664 -0.2630630135536194
vertex 59.231300354003906 -58.71501159667969 -4
endloop
endfacet
facet normal 0 1 0
outer loop
vertex 58.43130111694336 -58.71501159667969 -4
vertex 53.331302642822266 -58.71501159667969 -4
vertex 58.43130111694336 -58.71501159667969 0
endloop
endfacet
facet normal 1 0 0
outer loop
vertex 58.43130111694336 -59.91501235961914 -1.6661099195480347
vertex 58.43130111694336 -58.71501159667969 -4
vertex 58.43130111694336 -58.71501159667969 0
endloop
endfacet
facet normal 0 0 1
outer loop
vertex 52.831302642822266 -59.91501235961914 -5
vertex 52.869361877441406 -57.0236701965332 -5
vertex 52.831302642822266 -57.21501159667969 -5
endloop
endfacet
facet normal 0 0 1
outer loop
vertex 52.869361877441406 -57.0236701965332 -5
vertex 52.831302642822266 -59.91501235961914 -5
vertex 52.97774887084961 -56.86145782470703 -5
endloop
endfacet
facet normal 0 0 1
outer loop
vertex 52.97774887084961 -56.86145782470703 -5
vertex 52.831302642822266 -59.91501235961914 -5
vertex 53.13996124267578 -56.75307083129883 -5
endloop
endfacet
facet normal 0 0 1
outer loop
vertex 53.13996124267578 -56.75307083129883 -5
vertex 52.831302642822266 -59.91501235961914 -5
vertex 53.331302642822266 -56.71501159667969 -5
endloop
endfacet
facet normal 1 0 0
outer loop
vertex 52.831302642822266 -59.91501235961914 -5
vertex 52.831302642822266 -57.21501159667969 -5
vertex 52.831302642822266 -58.21501159667969 -4
endloop
endfacet
facet normal 1 0 0
outer loop
vertex 52.831302642822266 -59.91501235961914 -5
vertex 52.831302642822266 -58.21501159667969 -4
vertex 52.831302642822266 -59.91501235961914 -4
endloop
endfacet
facet normal 0.8314692529910358 -0.5555707707648637 0.0000015047349012867804
outer loop
vertex 52.97774887084961 -56.86145782470703 -5
vertex 52.94196319580078 -56.91501235961914 -4.099999904632568
vertex 52.869361877441406 -57.0236701965332 -5
endloop
endfacet
facet normal -0.007192549263254353 0.9999741332830042 0
outer loop
vertex 64.52264404296875 -58.67695236206055 -4
vertex 59.231300354003906 -58.71501159667969 -4
vertex 64.52264404296875 -58.67695236206055 0
endloop
endfacet
facet normal 0.5555707707654927 -0.8314692529919772 0
outer loop
vertex 52.97774887084961 -56.86145782470703 -5
vertex 53.13996124267578 -56.75307083129883 -5
vertex 53.13996124267578 -56.75307083129883 -4.099999904632568
endloop
endfacet
facet normal 0.19508570553829574 -0.9807861986664705 0
outer loop
vertex 53.13996124267578 -56.75307083129883 -5
vertex 53.331302642822266 -56.71501159667969 -5
vertex 53.331302642822266 -56.71501159667969 -4.099999904632568
endloop
endfacet
facet normal 0.8314575716533976 -0.5555882527017966 0
outer loop
vertex 52.94196319580078 -56.91501235961914 -4.099999904632568
vertex 52.97774887084961 -56.86145782470703 -5
vertex 52.97774887084961 -56.86145782470703 -4.099999904632568
endloop
endfacet
facet normal 0.5555707707654927 -0.8314692529919772 0
outer loop
vertex 52.97774887084961 -56.86145782470703 -4.099999904632568
vertex 52.97774887084961 -56.86145782470703 -5
vertex 53.13996124267578 -56.75307083129883 -4.099999904632568
endloop
endfacet
facet normal 0.19508570553829574 -0.9807861986664705 0
outer loop
vertex 53.13996124267578 -56.75307083129883 -4.099999904632568
vertex 53.13996124267578 -56.75307083129883 -5
vertex 53.331302642822266 -56.71501159667969 -4.099999904632568
endloop
endfacet
facet normal 0 0 -1
outer loop
vertex 52.97774887084961 -58.568565368652344 -4
vertex 52.831302642822266 -59.91501235961914 -4
vertex 52.869361877441406 -58.40635299682617 -4
endloop
endfacet
facet normal 1 0 0
outer loop
vertex -50.66374588012695 -62.05307388305664 -0.2630630135536194
vertex -50.66374588012695 -62.79001235961914 -1.6661099195480347
vertex -50.66374588012695 -61.79001235961914 0
endloop
endfacet
facet normal -1 0 0
outer loop
vertex -49.863746643066406 -61.79001235961914 0
vertex -49.863746643066406 -61.59001159667969 0
vertex -49.863746643066406 -61.59001159667969 -4
endloop
endfacet
facet normal -1 0 0
outer loop
vertex -49.863746643066406 -61.59001159667969 -4
vertex -49.863746643066406 -62.79001235961914 -4
vertex -49.863746643066406 -62.79001235961914 -1.6661099195480347
endloop
endfacet
facet normal 0 0 -1
outer loop
vertex -44.26374435424805 -62.79001235961914 -4
vertex -49.863746643066406 -61.59001159667969 -4
vertex -44.57240295410156 -61.55195236206055 -4
endloop
endfacet
facet normal -1 0 0
outer loop
vertex -44.26374435424805 -61.09001159667969 -4
vertex -44.26374435424805 -62.79001235961914 -5
vertex -44.26374435424805 -62.79001235961914 -4
endloop
endfacet
facet normal 0 0 -1
outer loop
vertex -44.26374435424805 -62.79001235961914 -4
vertex -44.57240295410156 -61.55195236206055 -4
vertex -44.410194396972656 -61.443565368652344 -4
endloop
endfacet
facet normal 0 0 -1
outer loop
vertex -44.26374435424805 -62.79001235961914 -4
vertex -44.410194396972656 -61.443565368652344 -4
vertex -44.30180740356445 -61.28135299682617 -4
endloop
endfacet
facet normal 0 0 -1
outer loop
vertex -44.26374435424805 -61.09001159667969 -4
vertex -44.26374435424805 -62.79001235961914 -4
vertex -44.30180740356445 -61.28135299682617 -4
endloop
endfacet
facet normal -1 0 0
outer loop
vertex -44.26374435424805 -61.09001159667969 -4
vertex -44.26374435424805 -61.09001159667969 0
vertex -44.26374435424805 -60.09001159667969 -5
endloop
endfacet
facet normal 0 1 0
outer loop
vertex -50.66374588012695 -61.59001159667969 -4
vertex -55.76374435424805 -61.59001159667969 -4
vertex -50.66374588012695 -61.59001159667969 0
endloop
endfacet
facet normal 0 0 -1
outer loop
vertex -49.863746643066406 -61.59001159667969 -4
vertex -44.26374435424805 -62.79001235961914 -4
vertex -49.863746643066406 -62.79001235961914 -4
endloop
endfacet
facet normal 0 0 -1
outer loop
vertex -50.66374588012695 -62.79001235961914 -4
vertex -55.76374435424805 -61.59001159667969 -4
vertex -50.66374588012695 -61.59001159667969 -4
endloop
endfacet
facet normal 0 0 -1
outer loop
vertex -50.66374588012695 -62.79001235961914 -4
vertex -56.26374435424805 -62.79001235961914 -4
vertex -55.76374435424805 -61.59001159667969 -4
endloop
endfacet
facet normal 1 0 0
outer loop
vertex -50.66374588012695 -62.79001235961914 -4
vertex -50.66374588012695 -61.59001159667969 -4
vertex -50.66374588012695 -61.59001159667969 0
endloop
endfacet
facet normal 0 0 1
outer loop
vertex -44.26374435424805 -60.09001159667969 -5
vertex -56.26374435424805 -62.79001235961914 -5
vertex -44.26374435424805 -62.79001235961914 -5
endloop
endfacet
facet normal 0 0 1
outer loop
vertex -44.26374435424805 -60.09001159667969 -5
vertex -56.26374435424805 -60.09001159667969 -5
vertex -56.26374435424805 -62.79001235961914 -5
endloop
endfacet
facet normal -0.8314692529919772 0.5555707707654927 0
outer loop
vertex -44.30180740356445 -61.28135299682617 0
vertex -44.30180740356445 -61.28135299682617 -4
vertex -44.410194396972656 -61.443565368652344 0
endloop
endfacet
facet normal -0.5555798033776966 0.83146321751404 0
outer loop
vertex -44.410194396972656 -61.443565368652344 0
vertex -44.410194396972656 -61.443565368652344 -4
vertex -44.57240295410156 -61.55195236206055 0
endloop
endfacet
facet normal -1 0 0
outer loop
vertex -44.26374435424805 -60.09001159667969 -5
vertex -44.26374435424805 -61.09001159667969 0
vertex -44.26374435424805 -60.09001159667969 0
endloop
endfacet
facet normal -0.980782457176804 0.19510451479714808 0
outer loop
vertex -44.26374435424805 -61.09001159667969 -4
vertex -44.30180740356445 -61.28135299682617 -4
vertex -44.30180740356445 -61.28135299682617 0
endloop
endfacet
facet normal -0.8314692529919772 0.5555707707654927 0
outer loop
vertex -44.30180740356445 -61.28135299682617 -4
vertex -44.410194396972656 -61.443565368652344 -4
vertex -44.410194396972656 -61.443565368652344 0
endloop
endfacet
facet normal -0.5555798033776966 0.83146321751404 0
outer loop
vertex -44.410194396972656 -61.443565368652344 -4
vertex -44.57240295410156 -61.55195236206055 -4
vertex -44.57240295410156 -61.55195236206055 0
endloop
endfacet
facet normal 1 0 0
outer loop
vertex -50.66374588012695 -62.79001235961914 -1.6661099195480347
vertex -50.66374588012695 -62.79001235961914 -4
vertex -50.66374588012695 -61.59001159667969 0
endloop
endfacet
facet normal 1 0 0
outer loop
vertex -50.66374588012695 -62.661006927490234 -0.32014966011047363
vertex -50.66374588012695 -62.79001235961914 -1.6661099195480347
vertex -50.66374588012695 -62.05307388305664 -0.2630630135536194
endloop
endfacet
facet normal 1 0 0
outer loop
vertex -50.66374588012695 -63.45857238769531 -0.4050999879837036
vertex -50.66374588012695 -62.79001235961914 -1.6661099195480347
vertex -50.66374588012695 -62.661006927490234 -0.32014966011047363
endloop
endfacet
facet normal 1 0 0
outer loop
vertex -50.66374588012695 -64.25501251220703 -0.5
vertex -50.66374588012695 -64.25501251220703 -1.5
vertex -50.66374588012695 -63.45857238769531 -0.4050999879837036
endloop
endfacet
facet normal 1 0 0
outer loop
vertex -50.66374588012695 -63.45857238769531 -0.4050999879837036
vertex -50.66374588012695 -63.45857238769531 -1.5949000120162964
vertex -50.66374588012695 -62.79001235961914 -1.6661099195480347
endloop
endfacet
facet normal 1 0 0
outer loop
vertex -50.66374588012695 -64.25501251220703 -1.5
vertex -50.66374588012695 -63.45857238769531 -1.5949000120162964
vertex -50.66374588012695 -63.45857238769531 -0.4050999879837036
endloop
endfacet
facet normal -0.007192549263254353 0.9999741332830042 0
outer loop
vertex -44.57240295410156 -61.55195236206055 0
vertex -49.863746643066406 -61.59001159667969 -4
vertex -49.863746643066406 -61.59001159667969 0
endloop
endfacet
facet normal -0.007192549263254353 0.9999741332830042 0
outer loop
vertex -44.57240295410156 -61.55195236206055 -4
vertex -49.863746643066406 -61.59001159667969 -4
vertex -44.57240295410156 -61.55195236206055 0
endloop
endfacet
facet normal 1 0 0
outer loop
vertex -56.26374435424805 -61.09001159667969 0
vertex -56.26374435424805 -61.09001159667969 -4
vertex -56.26374435424805 -60.09001159667969 0
endloop
endfacet
facet normal 0.9807861986664705 0.19508570553829574 0
outer loop
vertex -56.225685119628906 -61.28135299682617 0
vertex -56.225685119628906 -61.28135299682617 -4
vertex -56.26374435424805 -61.09001159667969 0
endloop
endfacet
facet normal 0.19508196428504695 0.9807869428222868 0
outer loop
vertex -55.76374435424805 -61.59001159667969 -4
vertex -55.9550895690918 -61.55195236206055 0
vertex -55.76374435424805 -61.59001159667969 0
endloop
endfacet
facet normal 0.5555798033776966 0.83146321751404 0
outer loop
vertex -55.9550895690918 -61.55195236206055 0
vertex -55.9550895690918 -61.55195236206055 -4
vertex -56.1172981262207 -61.443565368652344 0
endloop
endfacet
facet normal 0.8314692529919772 0.5555707707654927 0
outer loop
vertex -56.1172981262207 -61.443565368652344 0
vertex -56.1172981262207 -61.443565368652344 -4
vertex -56.225685119628906 -61.28135299682617 0
endloop
endfacet
facet normal -0.980782457176804 0.19510451479714808 0
outer loop
vertex -44.26374435424805 -61.09001159667969 0
vertex -44.26374435424805 -61.09001159667969 -4
vertex -44.30180740356445 -61.28135299682617 0
endloop
endfacet
facet normal 0 1 0
outer loop
vertex -50.66374588012695 -61.59001159667969 0
vertex -55.76374435424805 -61.59001159667969 -4
vertex -55.76374435424805 -61.59001159667969 0
endloop
endfacet
facet normal -1 0 0
outer loop
vertex -49.863746643066406 -63.45857238769531 -1.5949000120162964
vertex -49.863746643066406 -64.25501251220703 -1.5
vertex -49.863746643066406 -63.45857238769531 -0.4050999879837036
endloop
endfacet
facet normal -1 0 0
outer loop
vertex -49.863746643066406 -62.79001235961914 -1.6661099195480347
vertex -49.863746643066406 -63.45857238769531 -1.5949000120162964
vertex -49.863746643066406 -63.45857238769531 -0.4050999879837036
endloop
endfacet
facet normal -1 0 0
outer loop
vertex -49.863746643066406 -63.45857238769531 -0.4050999879837036
vertex -49.863746643066406 -64.25501251220703 -1.5
vertex -49.863746643066406 -64.25501251220703 -0.5
endloop
endfacet
facet normal -1 0 0
outer loop
vertex -49.863746643066406 -62.79001235961914 -1.6661099195480347
vertex -49.863746643066406 -63.45857238769531 -0.4050999879837036
vertex -49.863746643066406 -62.661006927490234 -0.32014966011047363
endloop
endfacet
facet normal -1 0 0
outer loop
vertex -49.863746643066406 -62.05307388305664 -0.2630630135536194
vertex -49.863746643066406 -62.79001235961914 -1.6661099195480347
vertex -49.863746643066406 -62.661006927490234 -0.32014966011047363
endloop
endfacet
facet normal -1 0 0
outer loop
vertex -49.863746643066406 -62.05307388305664 -0.2630630135536194
vertex -49.863746643066406 -61.79001235961914 0
vertex -49.863746643066406 -61.59001159667969 -4
endloop
endfacet
facet normal -1 0 0
outer loop
vertex -49.863746643066406 -62.79001235961914 -1.6661099195480347
vertex -49.863746643066406 -62.05307388305664 -0.2630630135536194
vertex -49.863746643066406 -61.59001159667969 -4
endloop
endfacet
facet normal 1 0 0
outer loop
vertex -56.26374435424805 -62.79001235961914 -5
vertex -56.26374435424805 -60.09001159667969 -5
vertex -56.26374435424805 -61.09001159667969 -4
endloop
endfacet
facet normal 1 0 0
outer loop
vertex -56.26374435424805 -62.79001235961914 -4
vertex -56.26374435424805 -62.79001235961914 -5
vertex -56.26374435424805 -61.09001159667969 -4
endloop
endfacet
facet normal 1 0 0
outer loop
vertex -50.66374588012695 -61.59001159667969 0
vertex -50.66374588012695 -61.79001235961914 0
vertex -50.66374588012695 -62.79001235961914 -1.6661099195480347
endloop
endfacet
facet normal 0 0 -1
outer loop
vertex -56.26374435424805 -62.79001235961914 -4
vertex -56.26374435424805 -61.09001159667969 -4
vertex -56.225685119628906 -61.28135299682617 -4
endloop
endfacet
facet normal 0 0 -1
outer loop
vertex -56.26374435424805 -62.79001235961914 -4
vertex -56.1172981262207 -61.443565368652344 -4
vertex -55.9550895690918 -61.55195236206055 -4
endloop
endfacet
facet normal 0 0 -1
outer loop
vertex -56.1172981262207 -61.443565368652344 -4
vertex -56.26374435424805 -62.79001235961914 -4
vertex -56.225685119628906 -61.28135299682617 -4
endloop
endfacet
facet normal -1 0 0
outer loop
vertex -44.26374435424805 -60.09001159667969 -5
vertex -44.26374435424805 -62.79001235961914 -5
vertex -44.26374435424805 -61.09001159667969 -4
endloop
endfacet
facet normal 1 0 0
outer loop
vertex -56.26374435424805 -61.09001159667969 -4
vertex -56.26374435424805 -60.09001159667969 -5
vertex -56.26374435424805 -60.09001159667969 0
endloop
endfacet
facet normal 0.5555798033776966 0.83146321751404 0
outer loop
vertex -55.9550895690918 -61.55195236206055 -4
vertex -56.1172981262207 -61.443565368652344 -4
vertex -56.1172981262207 -61.443565368652344 0
endloop
endfacet
facet normal 0.19508196428504695 0.9807869428222868 0
outer loop
vertex -55.9550895690918 -61.55195236206055 -4
vertex -55.9550895690918 -61.55195236206055 0
vertex -55.76374435424805 -61.59001159667969 -4
endloop
endfacet
facet normal 0.9807861986664705 0.19508570553829574 0
outer loop
vertex -56.225685119628906 -61.28135299682617 -4
vertex -56.26374435424805 -61.09001159667969 -4
vertex -56.26374435424805 -61.09001159667969 0
endloop
endfacet
facet normal 0.8314692529919772 0.5555707707654927 0
outer loop
vertex -56.1172981262207 -61.443565368652344 -4
vertex -56.225685119628906 -61.28135299682617 -4
vertex -56.225685119628906 -61.28135299682617 0
endloop
endfacet
facet normal 0 0 -1
outer loop
vertex -56.26374435424805 -62.79001235961914 -4
vertex -55.9550895690918 -61.55195236206055 -4
vertex -55.76374435424805 -61.59001159667969 -4
endloop
endfacet
facet normal 0.9569423709767578 0.2902779678676651 0
outer loop
vertex -51.187625885009766 56.247657775878906 -3.5
vertex -51.187625885009766 56.247657775878906 -6.910896301269531
vertex -51.244529724121094 56.43524932861328 -3.5
endloop
endfacet
facet normal 0.881917860019375 0.4714031058222316 0
outer loop
vertex -51.09521484375 56.074771881103516 -3.5
vertex -51.09521484375 56.074771881103516 -6.933350563049316
vertex -51.187625885009766 56.247657775878906 -3.5
endloop
endfacet
facet normal 0.471387970526712 0.8819259499769284 0
outer loop
vertex -50.64643096923828 55.70646286010742 -6.981185436248779
vertex -50.81931686401367 55.79887008666992 -6.969183444976807
vertex -50.81931686401367 55.79887008666992 -3.5
endloop
endfacet
facet normal 0.9951848165503705 0.09801622777686082 0
outer loop
vertex -51.244529724121094 56.43524932861328 -6.828964710235596
vertex -51.26374435424805 56.630340576171875 -6.602532386779785
vertex -51.26374435424805 56.630340576171875 -3.5
endloop
endfacet
facet normal -0.4714040646735448 0.8819173474930972 0
outer loop
vertex -49.739620208740234 55.782066345214844 -6.9713664054870605
vertex -49.88106155395508 55.70646286010742 -6.981185436248779
vertex -49.88106155395508 55.70646286010742 -3.5
endloop
endfacet
facet normal -0.4713155713053928 0.8819646434211925 0
outer loop
vertex -49.70817565917969 55.79887008666992 -6.9377121925354
vertex -49.739620208740234 55.782066345214844 -6.9713664054870605
vertex -49.70817565917969 55.79887008666992 -3.5
endloop
endfacet
facet normal 0 0 -1
outer loop
vertex -49.339866638183594 56.247657775878906 -3.5
vertex -49.43227767944336 56.074771881103516 -3.5
vertex -51.19102478027344 57.0018196105957 -3.5
endloop
endfacet
facet normal 0 0 -1
outer loop
vertex -49.43227767944336 56.074771881103516 -3.5
vertex -49.556640625 55.92323303222656 -3.5
vertex -51.19102478027344 57.0018196105957 -3.5
endloop
endfacet
facet normal 0 0 -1
outer loop
vertex -49.556640625 55.92323303222656 -3.5
vertex -49.70817565917969 55.79887008666992 -3.5
vertex -51.19102478027344 57.0018196105957 -3.5
endloop
endfacet
facet normal 0 0 -1
outer loop
vertex -49.70817565917969 55.79887008666992 -3.5
vertex -49.88106155395508 55.70646286010742 -3.5
vertex -51.19102478027344 57.0018196105957 -3.5
endloop
endfacet
facet normal 0 0 -1
outer loop
vertex -49.88106155395508 55.70646286010742 -3.5
vertex -50.06865692138672 55.64955520629883 -3.5
vertex -51.19102478027344 57.0018196105957 -3.5
endloop
endfacet
facet normal 0 0 -1
outer loop
vertex -50.45883560180664 55.64955520629883 -3.5
vertex -50.64643096923828 55.70646286010742 -3.5
vertex -51.19102478027344 57.0018196105957 -3.5
endloop
endfacet
facet normal 0 0 -1
outer loop
vertex -50.64643096923828 55.70646286010742 -3.5
vertex -50.81931686401367 55.79887008666992 -3.5
vertex -51.19102478027344 57.0018196105957 -3.5
endloop
endfacet
facet normal 0 0 -1
outer loop
vertex -51.19102478027344 57.0018196105957 -3.5
vertex -50.97085189819336 55.92323303222656 -3.5
vertex -51.09521484375 56.074771881103516 -3.5
endloop
endfacet
facet normal -0.6343974203505325 0.7730070588633647 0
outer loop
vertex -49.556640625 55.92323303222656 -6.723365783691406
vertex -49.70817565917969 55.79887008666992 -6.9377121925354
vertex -49.70817565917969 55.79887008666992 -3.5
endloop
endfacet
facet normal -0.773014890337251 0.634387877656003 0
outer loop
vertex -49.43227767944336 56.074771881103516 -6.487950801849365
vertex -49.556640625 55.92323303222656 -6.723365783691406
vertex -49.556640625 55.92323303222656 -3.5
endloop
endfacet
facet normal 0.9569443829273971 0.2902713351051102 0
outer loop
vertex -51.244529724121094 56.43524932861328 -3.5
vertex -51.226016998291016 56.37421798706055 -6.894459247589111
vertex -51.244529724121094 56.43524932861328 -6.828964710235596
endloop
endfacet
facet normal -0.8870563407452865 0.4616611834923769 0
outer loop
vertex -49.33646774291992 56.25886535644531 -6.225582599639893
vertex -49.43227767944336 56.074771881103516 -6.487950801849365
vertex -49.43227767944336 56.074771881103516 -3.5
endloop
endfacet
facet normal 0.9569413937568569 0.29028118939167696 -1.9347942513954793e-7
outer loop
vertex -51.187625885009766 56.247657775878906 -6.910896301269531
vertex -51.226016998291016 56.37421798706055 -6.894459247589111
vertex -51.244529724121094 56.43524932861328 -3.5
endloop
endfacet
facet normal -0.7730148903372511 0.6343878776560031 0
outer loop
vertex -49.556640625 55.92323303222656 -3.5
vertex -49.43227767944336 56.074771881103516 -3.5
vertex -49.43227767944336 56.074771881103516 -6.487950801849365
endloop
endfacet
facet normal -0.8819175498966604 0.47140294005530764 0.0008386247574811228
outer loop
vertex -49.33646774291992 56.25886535644531 -6.225582599639893
vertex -49.43227767944336 56.074771881103516 -3.5
vertex -49.339866638183594 56.247657775878906 -3.5
endloop
endfacet
facet normal 0 0 -1
outer loop
vertex -50.26374435424805 55.630340576171875 -3.5
vertex -50.45883560180664 55.64955520629883 -3.5
vertex -51.19102478027344 57.0018196105957 -3.5
endloop
endfacet
facet normal 0 0 -1
outer loop
vertex -50.06865692138672 55.64955520629883 -3.5
vertex -50.26374435424805 55.630340576171875 -3.5
vertex -51.19102478027344 57.0018196105957 -3.5
endloop
endfacet
facet normal 0 0 -1
outer loop
vertex -51.09521484375 56.074771881103516 -3.5
vertex -51.187625885009766 56.247657775878906 -3.5
vertex -51.19102478027344 57.0018196105957 -3.5
endloop
endfacet
facet normal 0 0 -1
outer loop
vertex -51.19102478027344 57.0018196105957 -3.5
vertex -51.187625885009766 56.247657775878906 -3.5
vertex -51.244529724121094 56.43524932861328 -3.5
endloop
endfacet
facet normal 0 0 -1
outer loop
vertex -51.244529724121094 56.43524932861328 -3.5
vertex -51.26374435424805 56.630340576171875 -3.5
vertex -51.19102478027344 57.0018196105957 -3.5
endloop
endfacet
facet normal 0 0 -1
outer loop
vertex -51.19102478027344 57.0018196105957 -3.5
vertex -51.26374435424805 56.630340576171875 -3.5
vertex -51.244529724121094 56.82543182373047 -3.5
endloop
endfacet
facet normal -0.2902903819391045 0.9569386052164729 0
outer loop
vertex -49.88106155395508 55.70646286010742 -6.981185436248779
vertex -50.06865692138672 55.64955520629883 -6.988576412200928
vertex -50.06865692138672 55.64955520629883 -3.5
endloop
endfacet
facet normal -0.6343974203505326 0.7730070588633648 0
outer loop
vertex -49.556640625 55.92323303222656 -3.5
vertex -49.556640625 55.92323303222656 -6.723365783691406
vertex -49.70817565917969 55.79887008666992 -3.5
endloop
endfacet
facet normal -0.47138797052654446 0.881925949976615 8.43113401025207e-7
outer loop
vertex -49.70817565917969 55.79887008666992 -3.5
vertex -49.739620208740234 55.782066345214844 -6.9713664054870605
vertex -49.88106155395508 55.70646286010742 -3.5
endloop
endfacet
facet normal -0.29029038193910456 0.956938605216473 0
outer loop
vertex -49.88106155395508 55.70646286010742 -3.5
vertex -49.88106155395508 55.70646286010742 -6.981185436248779
vertex -50.06865692138672 55.64955520629883 -3.5
endloop
endfacet
facet normal 0.9569429072074535 -0.2902762001014672 0
outer loop
vertex -51.244529724121094 56.82543182373047 -3.5
vertex -51.244529724121094 56.82543182373047 -6.35967493057251
vertex -51.19102478027344 57.0018196105957 -3.5
endloop
endfacet
facet normal 0.9951848165503705 -0.09801622777686082 0
outer loop
vertex -51.26374435424805 56.630340576171875 -3.5
vertex -51.26374435424805 56.630340576171875 -6.602532386779785
vertex -51.244529724121094 56.82543182373047 -3.5
endloop
endfacet
facet normal 0.9951848165503704 0.09801622777686081 0
outer loop
vertex -51.244529724121094 56.43524932861328 -3.5
vertex -51.244529724121094 56.43524932861328 -6.828964710235596
vertex -51.26374435424805 56.630340576171875 -3.5
endloop
endfacet
facet normal 0.8819178600193749 0.4714031058222316 0
outer loop
vertex -51.09521484375 56.074771881103516 -6.933350563049316
vertex -51.187625885009766 56.247657775878906 -6.910896301269531
vertex -51.187625885009766 56.247657775878906 -3.5
endloop
endfacet
facet normal -0.09801812595133512 0.9951846295964324 0
outer loop
vertex -50.06865692138672 55.64955520629883 -6.988576412200928
vertex -50.26374435424805 55.630340576171875 -6.991071701049805
vertex -50.26374435424805 55.630340576171875 -3.5
endloop
endfacet
facet normal 0.9569429072074536 -0.29027620010146726 0
outer loop
vertex -51.244529724121094 56.82543182373047 -6.35967493057251
vertex -51.19102478027344 57.0018196105957 -6.124655723571777
vertex -51.19102478027344 57.0018196105957 -3.5
endloop
endfacet
facet normal 0.9951848165503706 -0.09801622777686082 0
outer loop
vertex -51.26374435424805 56.630340576171875 -6.602532386779785
vertex -51.244529724121094 56.82543182373047 -6.35967493057251
vertex -51.244529724121094 56.82543182373047 -3.5
endloop
endfacet
facet normal 0.09801622777686081 0.9951848165503704 0
outer loop
vertex -50.26374435424805 55.630340576171875 -6.991071701049805
vertex -50.45883560180664 55.64955520629883 -6.988576412200928
vertex -50.45883560180664 55.64955520629883 -3.5
endloop
endfacet
facet normal -0.09801812595133512 0.9951846295964323 0
outer loop
vertex -50.06865692138672 55.64955520629883 -3.5
vertex -50.06865692138672 55.64955520629883 -6.988576412200928
vertex -50.26374435424805 55.630340576171875 -3.5
endloop
endfacet
facet normal 0 0 -1
outer loop
vertex -50.81931686401367 55.79887008666992 -3.5
vertex -50.97085189819336 55.92323303222656 -3.5
vertex -51.19102478027344 57.0018196105957 -3.5
endloop
endfacet
facet normal 0.6343974203505326 0.7730070588633648 0
outer loop
vertex -50.81931686401367 55.79887008666992 -3.5
vertex -50.81931686401367 55.79887008666992 -6.969183444976807
vertex -50.97085189819336 55.92323303222656 -3.5
endloop
endfacet
facet normal 0.773014890337251 0.634387877656003 0
outer loop
vertex -50.97085189819336 55.92323303222656 -3.5
vertex -50.97085189819336 55.92323303222656 -6.953031539916992
vertex -51.09521484375 56.074771881103516 -3.5
endloop
endfacet
facet normal 0.47138797052671205 0.8819259499769285 0
outer loop
vertex -50.64643096923828 55.70646286010742 -3.5
vertex -50.64643096923828 55.70646286010742 -6.981185436248779
vertex -50.81931686401367 55.79887008666992 -3.5
endloop
endfacet
facet normal 0.2902903819391045 0.9569386052164729 0
outer loop
vertex -50.45883560180664 55.64955520629883 -3.5
vertex -50.45883560180664 55.64955520629883 -6.988576412200928
vertex -50.64643096923828 55.70646286010742 -3.5
endloop
endfacet
facet normal 0.29029038193910456 0.956938605216473 0
outer loop
vertex -50.45883560180664 55.64955520629883 -6.988576412200928
vertex -50.64643096923828 55.70646286010742 -6.981185436248779
vertex -50.64643096923828 55.70646286010742 -3.5
endloop
endfacet
facet normal 0.7730148903372509 0.634387877656003 0
outer loop
vertex -50.97085189819336 55.92323303222656 -6.953031539916992
vertex -51.09521484375 56.074771881103516 -6.933350563049316
vertex -51.09521484375 56.074771881103516 -3.5
endloop
endfacet
facet normal 0.6343974203505326 0.7730070588633648 0
outer loop
vertex -50.81931686401367 55.79887008666992 -6.969183444976807
vertex -50.97085189819336 55.92323303222656 -6.953031539916992
vertex -50.97085189819336 55.92323303222656 -3.5
endloop
endfacet
facet normal 0.09801622777686082 0.9951848165503705 0
outer loop
vertex -50.26374435424805 55.630340576171875 -3.5
vertex -50.26374435424805 55.630340576171875 -6.991071701049805
vertex -50.45883560180664 55.64955520629883 -3.5
endloop
endfacet
facet normal 0 0 -1
outer loop
vertex 57.99983215332031 48.472869873046875 -3.5
vertex 57.90742111206055 48.64575958251953 -3.5
vertex 57.85051727294922 48.833351135253906 -3.5
endloop
endfacet
facet normal -0.2902725625063677 0.9569440106171242 0
outer loop
vertex 59.213985443115234 48.10456085205078 -3.5
vertex 59.213985443115234 48.10456085205078 -7.968500137329102
vertex 59.026390075683594 48.04765701293945 -3.5
endloop
endfacet
facet normal -0.4714031058222316 0.881917860019375 0
outer loop
vertex 59.386871337890625 48.19697189331055 -3.5
vertex 59.386871337890625 48.19697189331055 -7.956498146057129
vertex 59.213985443115234 48.10456085205078 -3.5
endloop
endfacet
facet normal -0.6343974203505326 0.7730070588633648 0
outer loop
vertex 59.53840637207031 48.32133483886719 -3.5
vertex 59.53840637207031 48.32133483886719 -7.9403462409973145
vertex 59.386871337890625 48.19697189331055 -3.5
endloop
endfacet
facet normal -0.7730070588633372 0.6343974203505099 2.6734649979552903e-7
outer loop
vertex 59.66276931762695 48.472869873046875 -3.5
vertex 59.638282775878906 48.44303512573242 -7.924540042877197
vertex 59.53840637207031 48.32133483886719 -3.5
endloop
endfacet
facet normal -0.8819221841853303 0.4713950159280179 0
outer loop
vertex 59.75518035888672 48.64575958251953 -3.5
vertex 59.75518035888672 48.64575958251953 -7.660905838012695
vertex 59.66276931762695 48.472869873046875 -3.5
endloop
endfacet
facet normal -0.9569369653840533 0.2902957875711588 0
outer loop
vertex 59.81208801269531 48.833351135253906 -3.5
vertex 59.81208801269531 48.833351135253906 -7.417120933532715
vertex 59.75518035888672 48.64575958251953 -3.5
endloop
endfacet
facet normal -0.9951860488859788 0.09800371473936188 0
outer loop
vertex 59.831016540527344 49.02556228637695 -3.5
vertex 59.831016540527344 49.02556228637695 -7.1674652099609375
vertex 59.81208801269531 48.833351135253906 -3.5
endloop
endfacet
facet normal 0 0 -1
outer loop
vertex 58.27573013305664 48.19697189331055 -3.5
vertex 58.12419509887695 48.32133483886719 -3.5
vertex 57.831302642822266 49.0284423828125 -3.5
endloop
endfacet
facet normal 0.9951848165503704 0.09801622777686082 0
outer loop
vertex 57.85051727294922 48.833351135253906 -3.5
vertex 57.85051727294922 48.833351135253906 -7.42371940612793
vertex 57.831302642822266 49.0284423828125 -3.5
endloop
endfacet
facet normal 0 0 -1
outer loop
vertex 57.99983215332031 48.472869873046875 -3.5
vertex 57.85051727294922 48.833351135253906 -3.5
vertex 57.831302642822266 49.0284423828125 -3.5
endloop
endfacet
facet normal 0 0 -1
outer loop
vertex 57.831302642822266 49.0284423828125 -3.5
vertex 58.12419509887695 48.32133483886719 -3.5
vertex 57.99983215332031 48.472869873046875 -3.5
endloop
endfacet
facet normal 0 0 -1
outer loop
vertex 58.44861602783203 48.10456085205078 -3.5
vertex 58.27573013305664 48.19697189331055 -3.5
vertex 57.831302642822266 49.0284423828125 -3.5
endloop
endfacet
facet normal 0 0 -1
outer loop
vertex 58.63621139526367 48.04765701293945 -3.5
vertex 58.44861602783203 48.10456085205078 -3.5
vertex 57.831302642822266 49.0284423828125 -3.5
endloop
endfacet
facet normal 0 0 -1
outer loop
vertex 58.831302642822266 48.0284423828125 -3.5
vertex 58.63621139526367 48.04765701293945 -3.5
vertex 57.831302642822266 49.0284423828125 -3.5
endloop
endfacet
facet normal 0 0 -1
outer loop
vertex 59.026390075683594 48.04765701293945 -3.5
vertex 58.831302642822266 48.0284423828125 -3.5
vertex 57.831302642822266 49.0284423828125 -3.5
endloop
endfacet
facet normal 0 0 -1
outer loop
vertex 59.213985443115234 48.10456085205078 -3.5
vertex 59.026390075683594 48.04765701293945 -3.5
vertex 57.831302642822266 49.0284423828125 -3.5
endloop
endfacet
facet normal 0 0 -1
outer loop
vertex 59.386871337890625 48.19697189331055 -3.5
vertex 59.213985443115234 48.10456085205078 -3.5
vertex 57.831302642822266 49.0284423828125 -3.5
endloop
endfacet
facet normal 0 0 -1
outer loop
vertex 59.53840637207031 48.32133483886719 -3.5
vertex 59.386871337890625 48.19697189331055 -3.5
vertex 57.831302642822266 49.0284423828125 -3.5
endloop
endfacet
facet normal 0.9569423709767578 0.2902779678676651 0
outer loop
vertex 57.90742111206055 48.64575958251953 -3.5
vertex 57.90742111206055 48.64575958251953 -7.667121887207031
vertex 57.85051727294922 48.833351135253906 -3.5
endloop
endfacet
facet normal 0 0 -1
outer loop
vertex 59.66276931762695 48.472869873046875 -3.5
vertex 59.53840637207031 48.32133483886719 -3.5
vertex 57.831302642822266 49.0284423828125 -3.5
endloop
endfacet
facet normal 0 0 -1
outer loop
vertex 59.75518035888672 48.64575958251953 -3.5
vertex 59.66276931762695 48.472869873046875 -3.5
vertex 57.831302642822266 49.0284423828125 -3.5
endloop
endfacet
facet normal 0 0 -1
outer loop
vertex 59.81208801269531 48.833351135253906 -3.5
vertex 59.75518035888672 48.64575958251953 -3.5
vertex 57.831302642822266 49.0284423828125 -3.5
endloop
endfacet
facet normal 0 0 -1
outer loop
vertex 59.831016540527344 49.02556228637695 -3.5
vertex 59.81208801269531 48.833351135253906 -3.5
vertex 57.831302642822266 49.0284423828125 -3.5
endloop
endfacet
facet normal 0.7730070588633648 0.6343974203505326 0
outer loop
vertex 58.12419509887695 48.32133483886719 -3.5
vertex 58.12419509887695 48.32133483886719 -7.9403462409973145
vertex 57.99983215332031 48.472869873046875 -3.5
endloop
endfacet
facet normal 0.8819221841853303 0.4713950159280179 0
outer loop
vertex 57.99983215332031 48.472869873046875 -3.5
vertex 57.99983215332031 48.472869873046875 -7.891307830810547
vertex 57.90742111206055 48.64575958251953 -3.5
endloop
endfacet
facet normal -0.09801812595133513 0.9951846295964324 0
outer loop
vertex 59.026390075683594 48.04765701293945 -3.5
vertex 59.026390075683594 48.04765701293945 -7.975890636444092
vertex 58.831302642822266 48.0284423828125 -3.5
endloop
endfacet
facet normal 0.09801622777686082 0.9951848165503705 0
outer loop
vertex 58.831302642822266 48.0284423828125 -3.5
vertex 58.831302642822266 48.0284423828125 -7.978386402130127
vertex 58.63621139526367 48.04765701293945 -3.5
endloop
endfacet
facet normal 0.2902725625063677 0.9569440106171242 0
outer loop
vertex 58.63621139526367 48.04765701293945 -3.5
vertex 58.63621139526367 48.04765701293945 -7.975890636444092
vertex 58.44861602783203 48.10456085205078 -3.5
endloop
endfacet
facet normal 0.4714031058222316 0.881917860019375 0
outer loop
vertex 58.44861602783203 48.10456085205078 -3.5
vertex 58.44861602783203 48.10456085205078 -7.968500137329102
vertex 58.27573013305664 48.19697189331055 -3.5
endloop
endfacet
facet normal 0.6343974203505326 0.7730070588633648 0
outer loop
vertex 58.27573013305664 48.19697189331055 -3.5
vertex 58.27573013305664 48.19697189331055 -7.956498146057129
vertex 58.12419509887695 48.32133483886719 -3.5
endloop
endfacet
facet normal 0.6343974203505326 0.7730070588633648 0
outer loop
vertex 58.27573013305664 48.19697189331055 -7.956498146057129
vertex 58.12419509887695 48.32133483886719 -7.9403462409973145
vertex 58.12419509887695 48.32133483886719 -3.5
endloop
endfacet
facet normal 0.4714031058222316 0.881917860019375 0
outer loop
vertex 58.44861602783203 48.10456085205078 -7.968500137329102
vertex 58.27573013305664 48.19697189331055 -7.956498146057129
vertex 58.27573013305664 48.19697189331055 -3.5
endloop
endfacet
facet normal -0.9951860488859788 0.09800371473936188 0
outer loop
vertex 59.831016540527344 49.02556228637695 -7.1674652099609375
vertex 59.81208801269531 48.833351135253906 -7.417120933532715
vertex 59.81208801269531 48.833351135253906 -3.5
endloop
endfacet
facet normal -0.9569369653840532 0.2902957875711588 0
outer loop
vertex 59.81208801269531 48.833351135253906 -7.417120933532715
vertex 59.75518035888672 48.64575958251953 -7.660905838012695
vertex 59.75518035888672 48.64575958251953 -3.5
endloop
endfacet
facet normal -0.8819221841853304 0.4713950159280179 0
outer loop
vertex 59.75518035888672 48.64575958251953 -7.660905838012695
vertex 59.66276931762695 48.472869873046875 -7.885713577270508
vertex 59.66276931762695 48.472869873046875 -3.5
endloop
endfacet
facet normal 0.2902725625063677 0.9569440106171242 0
outer loop
vertex 58.63621139526367 48.04765701293945 -7.975890636444092
vertex 58.44861602783203 48.10456085205078 -7.968500137329102
vertex 58.44861602783203 48.10456085205078 -3.5
endloop
endfacet
facet normal 0.09801622777686082 0.9951848165503705 0
outer loop
vertex 58.831302642822266 48.0284423828125 -7.978386402130127
vertex 58.63621139526367 48.04765701293945 -7.975890636444092
vertex 58.63621139526367 48.04765701293945 -3.5
endloop
endfacet
facet normal -0.09801812595133513 0.9951846295964324 0
outer loop
vertex 59.026390075683594 48.04765701293945 -7.975890636444092
vertex 58.831302642822266 48.0284423828125 -7.978386402130127
vertex 58.831302642822266 48.0284423828125 -3.5
endloop
endfacet
facet normal 0.7730123567593007 0.63439096486102 3.6868628681921133e-7
outer loop
vertex 58.0204963684082 48.44769287109375 -7.923935413360596
vertex 57.99983215332031 48.472869873046875 -3.5
vertex 58.12419509887695 48.32133483886719 -7.9403462409973145
endloop
endfacet
facet normal 0.7729805879765793 0.6344296734953228 0
outer loop
vertex 58.0204963684082 48.44769287109375 -7.923935413360596
vertex 57.99983215332031 48.472869873046875 -7.891307830810547
vertex 57.99983215332031 48.472869873046875 -3.5
endloop
endfacet
facet normal -0.7729876159060871 0.6344211106637481 0
outer loop
vertex 59.66276931762695 48.472869873046875 -7.885713577270508
vertex 59.638282775878906 48.44303512573242 -7.924540042877197
vertex 59.66276931762695 48.472869873046875 -3.5
endloop
endfacet
facet normal -0.7730118253303423 0.6343916124125951 0
outer loop
vertex 59.638282775878906 48.44303512573242 -7.924540042877197
vertex 59.53840637207031 48.32133483886719 -7.9403462409973145
vertex 59.53840637207031 48.32133483886719 -3.5
endloop
endfacet
facet normal 0.8819221841853303 0.4713950159280179 0
outer loop
vertex 57.99983215332031 48.472869873046875 -7.891307830810547
vertex 57.90742111206055 48.64575958251953 -7.667121887207031
vertex 57.90742111206055 48.64575958251953 -3.5
endloop
endfacet
facet normal 0.9569423709767578 0.2902779678676651 0
outer loop
vertex 57.90742111206055 48.64575958251953 -7.667121887207031
vertex 57.85051727294922 48.833351135253906 -7.42371940612793
vertex 57.85051727294922 48.833351135253906 -3.5
endloop
endfacet
facet normal 0.9954768061721011 0.09500476579206951 0.0001511627837720409
outer loop
vertex 57.85051727294922 48.833351135253906 -7.42371940612793
vertex 57.83158493041992 49.03131866455078 -7.166717529296875
vertex 57.831302642822266 49.0284423828125 -3.5
endloop
endfacet
facet normal -0.6343974203505326 0.7730070588633648 0
outer loop
vertex 59.53840637207031 48.32133483886719 -7.9403462409973145
vertex 59.386871337890625 48.19697189331055 -7.956498146057129
vertex 59.386871337890625 48.19697189331055 -3.5
endloop
endfacet
facet normal -0.4714031058222316 0.881917860019375 0
outer loop
vertex 59.386871337890625 48.19697189331055 -7.956498146057129
vertex 59.213985443115234 48.10456085205078 -7.968500137329102
vertex 59.213985443115234 48.10456085205078 -3.5
endloop
endfacet
facet normal -0.2902725625063677 0.9569440106171242 0
outer loop
vertex 59.213985443115234 48.10456085205078 -7.968500137329102
vertex 59.026390075683594 48.04765701293945 -7.975890636444092
vertex 59.026390075683594 48.04765701293945 -3.5
endloop
endfacet
facet normal 0.04612583301535939 0.11513880604777206 -0.9922779161457402
outer loop
vertex -49.037960052490234 57.0010871887207 -2.4000000953674316
vertex -51.377681732177734 57.076595306396484 -2.5
vertex -50.89452362060547 57.74484634399414 -2.4000000953674316
endloop
endfacet
facet normal -0.81037269441466 0.5859147516039548 0
outer loop
vertex -50.89452362060547 57.74484634399414 -2.4000000953674316
vertex -51.377681732177734 57.076595306396484 -2.5
vertex -51.377681732177734 57.076595306396484 -1.100000023841858
endloop
endfacet
facet normal -0.81037269441466 0.5859147516039548 0
outer loop
vertex -50.89452362060547 57.74484634399414 -2.4000000953674316
vertex -51.377681732177734 57.076595306396484 -1.100000023841858
vertex -50.89452362060547 57.74484634399414 -1.2000000476837158
endloop
endfacet
facet normal 0.3718793004237751 0.9282810920816621 0
outer loop
vertex -49.037960052490234 57.0010871887207 -1.2000000476837158
vertex -50.89452362060547 57.74484634399414 -2.4000000953674316
vertex -50.89452362060547 57.74484634399414 -1.2000000476837158
endloop
endfacet
facet normal 0.04612583646638635 0.11513893265023475 -0.9922779012950156
outer loop
vertex -51.377681732177734 57.076595306396484 -2.5
vertex -49.037960052490234 57.0010871887207 -2.4000000953674316
vertex -49.14980697631836 56.184085845947266 -2.5
endloop
endfacet
facet normal 0.9907589802407246 -0.13563422529862934 0
outer loop
vertex -49.037960052490234 57.0010871887207 -1.2000000476837158
vertex -49.14980697631836 56.184085845947266 -2.5
vertex -49.037960052490234 57.0010871887207 -2.4000000953674316
endloop
endfacet
facet normal 0.3718793004237751 0.9282810920816621 0
outer loop
vertex -49.037960052490234 57.0010871887207 -1.2000000476837158
vertex -49.037960052490234 57.0010871887207 -2.4000000953674316
vertex -50.89452362060547 57.74484634399414 -2.4000000953674316
endloop
endfacet
facet normal 0.9907589802407247 -0.13563422529862937 0
outer loop
vertex -49.14980697631836 56.184085845947266 -2.5
vertex -49.037960052490234 57.0010871887207 -1.2000000476837158
vertex -49.14980697631836 56.184085845947266 -1.100000023841858
endloop
endfacet
facet normal 0.04612585044171627 0.11513896753533806 0.9922778965974829
outer loop
vertex -50.89452362060547 57.74484634399414 -1.2000000476837158
vertex -51.377681732177734 57.076595306396484 -1.100000023841858
vertex -49.14980697631836 56.184085845947266 -1.100000023841858
endloop
endfacet
facet normal 0.04612593535382613 0.11513906150394712 0.9922778817467035
outer loop
vertex -50.89452362060547 57.74484634399414 -1.2000000476837158
vertex -49.14980697631836 56.184085845947266 -1.100000023841858
vertex -49.037960052490234 57.0010871887207 -1.2000000476837158
endloop
endfacet
facet normal 0.0003570339489551815 0.12403390930287674 0.9922779156414825
outer loop
vertex 57.8336067199707 49.83131790161133 -1.2000000476837158
vertex 57.63130569458008 49.03189468383789 -1.100000023841858
vertex 60.03129577636719 49.024986267089844 -1.100000023841858
endloop
endfacet
facet normal 0.0003569940981501165 0.12403380234773492 0.9922779290251179
outer loop
vertex 57.8336067199707 49.83131790161133 -1.2000000476837158
vertex 60.03129577636719 49.024986267089844 -1.100000023841858
vertex 59.83359909057617 49.8255615234375 -1.2000000476837158
endloop
endfacet
facet normal 0.9708367311026236 0.23974161412231362 0
outer loop
vertex 60.03129577636719 49.024986267089844 -2.5
vertex 59.83359909057617 49.8255615234375 -1.2000000476837158
vertex 60.03129577636719 49.024986267089844 -1.100000023841858
endloop
endfacet
facet normal 0.9708367311026235 0.2397416141223136 0
outer loop
vertex 59.83359909057617 49.8255615234375 -2.4000000953674316
vertex 59.83359909057617 49.8255615234375 -1.2000000476837158
vertex 60.03129577636719 49.024986267089844 -2.5
endloop
endfacet
facet normal 0.002878188144894115 0.9999958580079232 0
outer loop
vertex 59.83359909057617 49.8255615234375 -2.4000000953674316
vertex 57.8336067199707 49.83131790161133 -2.4000000953674316
vertex 59.83359909057617 49.8255615234375 -1.2000000476837158
endloop
endfacet
facet normal 0.0003570332497040432 0.12403366638241349 -0.9922779460065585
outer loop
vertex 60.03129577636719 49.024986267089844 -2.5
vertex 57.63130569458008 49.03189468383789 -2.5
vertex 59.83359909057617 49.8255615234375 -2.4000000953674316
endloop
endfacet
facet normal 0.002878188144894115 0.9999958580079232 0
outer loop
vertex 59.83359909057617 49.8255615234375 -1.2000000476837158
vertex 57.8336067199707 49.83131790161133 -2.4000000953674316
vertex 57.8336067199707 49.83131790161133 -1.2000000476837158
endloop
endfacet
facet normal -0.9694407779088612 0.2453254534846764 0
outer loop
vertex 57.8336067199707 49.83131790161133 -2.4000000953674316
vertex 57.63130569458008 49.03189468383789 -1.100000023841858
vertex 57.8336067199707 49.83131790161133 -1.2000000476837158
endloop
endfacet
facet normal -0.9694407779088612 0.24532545348467638 0
outer loop
vertex 57.8336067199707 49.83131790161133 -2.4000000953674316
vertex 57.63130569458008 49.03189468383789 -2.5
vertex 57.63130569458008 49.03189468383789 -1.100000023841858
endloop
endfacet
facet normal 0.0003569940153077497 0.12403377356503568 -0.9922779326229575
outer loop
vertex 59.83359909057617 49.8255615234375 -2.4000000953674316
vertex 57.63130569458008 49.03189468383789 -2.5
vertex 57.8336067199707 49.83131790161133 -2.4000000953674316
endloop
endfacet
endsolid auto-kdk-case
