solid auto-kdk-case
facet normal 0.3826823719301436 -0.9238799717571105 0
outer loop
vertex 63.00837707519531 -10.607895851135254 -1
vertex 64.70115661621094 -9.906725883483887 -14.283191680908203
vertex 64.70115661621094 -9.906725883483887 -1
endloop
endfacet
facet normal 0.9291672323599539 0.36965964657850264 0
outer loop
vertex 72.67711639404297 37.649635314941406 -1
vertex 64.84846496582031 57.327537536621094 -5.888325214385986
vertex 64.84846496582031 57.327537536621094 -1
endloop
endfacet
facet normal -0.36499848478438657 0.931008112803053 0
outer loop
vertex -67.82540130615234 49.114051818847656 -1
vertex -68.88959503173828 48.69683837890625 -7.119431018829346
vertex -68.88959503173828 48.69683837890625 -1
endloop
endfacet
facet normal 0 -1 0
outer loop
vertex 43.641056060791016 -62.78757858276367 -5
vertex 58.641056060791016 -62.78757858276367 -21.15611457824707
vertex 55.641056060791016 -62.78757858276367 -5
endloop
endfacet
facet normal 0 0 1
outer loop
vertex 63.476966857910156 57.3329963684082 0
vertex 62.07881164550781 55.891639709472656 0
vertex 62.26914978027344 55.69526672363281 0
endloop
endfacet
facet normal 0 -1 0
outer loop
vertex 55.641056060791016 -62.78757858276367 -5
vertex 58.641056060791016 -62.78757858276367 -21.15611457824707
vertex 58.641056060791016 -62.78757858276367 -1
endloop
endfacet
facet normal 0.7026992364751187 -0.7114870224096046 0
outer loop
vertex 58.641056060791016 -62.78757858276367 -1
vertex 60.39377975463867 -61.05650329589844 -20.993005752563477
vertex 60.39377975463867 -61.05650329589844 -1
endloop
endfacet
facet normal 0.99992276223123 -0.01242857883536556 0
outer loop
vertex 60.39377975463867 -61.05650329589844 -1
vertex 60.82667541503906 -26.22852897644043 -16.63593864440918
vertex 60.82667541503906 -26.22852897644043 -1
endloop
endfacet
facet normal 0 -1 0
outer loop
vertex 34.1193733215332 -62.78757858276367 -4.949999809265137
vertex 43.641056060791016 -62.78757858276367 -5
vertex 43.641056060791016 -62.78757858276367 -4
endloop
endfacet
facet normal -5.7001156149461265e-21 -8.879602335651115e-22 1
outer loop
vertex 74.06925964355469 14.363516807556152 -3.733581067911117e-28
vertex 74.7715835571289 5.439560413360596 -3.920791270958386e-21
vertex 74.99937438964844 8.333839416503906 -5.2352529938495366e-23
endloop
endfacet
facet normal 0 -1 0
outer loop
vertex 34.005191802978516 -62.78757858276367 -4.375974655151367
vertex 34.1193733215332 -62.78757858276367 -4.949999809265137
vertex 49.24105453491211 -62.78757858276367 -1.6661099195480347
endloop
endfacet
facet normal 0.972370121927577 0.23344452442159214 -3.5450476706237676e-7
outer loop
vertex 75.72854614257812 11.735745429992676 -1
vertex 75.6669692993164 11.992216110229492 -11.737836837768555
vertex 75.03245544433594 14.635167121887207 -11.378310203552246
endloop
endfacet
facet normal 0.987691717367288 0.15641314345047008 0
outer loop
vertex 75.72854614257812 11.735745429992676 -11.729104995727539
vertex 75.76541900634766 11.502906799316406 -1
vertex 75.76541900634766 11.502906799316406 -11.740495681762695
endloop
endfacet
facet normal 0.972366752718246 0.2334585577959674 0
outer loop
vertex 75.72854614257812 11.735745429992676 -11.729104995727539
vertex 75.6669692993164 11.992216110229492 -11.737836837768555
vertex 75.72854614257812 11.735745429992676 -1
endloop
endfacet
facet normal 0 -1 0
outer loop
vertex 49.24105453491211 -62.78757858276367 -1.6661099195480347
vertex 34.1193733215332 -62.78757858276367 -4.949999809265137
vertex 43.641056060791016 -62.78757858276367 -4
endloop
endfacet
facet normal 0.996917191688946 0.07846090054941436 0
outer loop
vertex 75.99937438964844 8.530290603637695 -1
vertex 75.99937438964844 8.530290603637695 -12.123006820678711
vertex 75.76541900634766 11.502906799316406 -11.740495681762695
endloop
endfacet
facet normal -0.9306770340326794 -0.36584183992236813 0.00008053788744319118
outer loop
vertex -72.58124542236328 -55.16135025024414 -20.30626678466797
vertex -72.23829650878906 -56.0338134765625 -20.416454315185547
vertex -72.16409301757812 -56.222572326660156 -20.371753692626953
endloop
endfacet
facet normal 0 -1 0
outer loop
vertex 33.680030822753906 -62.78757858276367 -3.8893399238586426
vertex 34.005191802978516 -62.78757858276367 -4.375974655151367
vertex 49.24105453491211 -62.78757858276367 -1.6661099195480347
endloop
endfacet
facet normal 2.518341376584246e-21 -2.4115979854871815e-22 1
outer loop
vertex 73.49937438964844 8.412420272827148 0
vertex 74.7715835571289 5.439560413360596 -3.920791270958386e-21
vertex 74.06925964355469 14.363516807556152 -3.733581067911117e-28
endloop
endfacet
facet normal 2.558761137402791e-21 -2.238625182558126e-22 1
outer loop
vertex 73.49937438964844 8.412420272827148 0
vertex 73.22591400146484 5.286752700805664 0
vertex 74.7715835571289 5.439560413360596 -3.920791270958386e-21
endloop
endfacet
facet normal 0.9999295627115334 0.011868850640278181 -1.4814700831616178e-8
outer loop
vertex 59.99261474609375 -23.900588989257812 -1
vertex 59.9899787902832 -23.67853355407715 -16.346036911010742
vertex 59.98563003540039 -23.312158584594727 -16.26349639892578
endloop
endfacet
facet normal 0.9999295505601841 0.01186987432571593 0
outer loop
vertex 59.99261474609375 -23.900588989257812 -16.440675735473633
vertex 59.9899787902832 -23.67853355407715 -16.346036911010742
vertex 59.99261474609375 -23.900588989257812 -1
endloop
endfacet
facet normal 0.9802298989955096 0.19786193447768877 0
outer loop
vertex 60.1041259765625 -24.4530086517334 -16.586322784423828
vertex 60.007240295410156 -23.973026275634766 -16.457677841186523
vertex 60.1041259765625 -24.4530086517334 -1
endloop
endfacet
facet normal 0.980219746141808 0.1979122261787987 0.0000016252632899593125
outer loop
vertex 59.99261474609375 -23.900588989257812 -16.440675735473633
vertex 60.1041259765625 -24.4530086517334 -1
vertex 60.007240295410156 -23.973026275634766 -16.457677841186523
endloop
endfacet
facet normal 0 0 1
outer loop
vertex 62.07881164550781 55.891639709472656 0
vertex 63.476966857910156 57.3329963684082 0
vertex 60.10268020629883 58.962467193603516 0
endloop
endfacet
facet normal 0 0 1
outer loop
vertex 59.29180145263672 59.00254821777344 0
vertex 62.07881164550781 55.891639709472656 0
vertex 60.10268020629883 58.962467193603516 0
endloop
endfacet
facet normal 0 0 1
outer loop
vertex 59.29180145263672 59.00254821777344 0
vertex 59.59850311279297 56.984947204589844 0
vertex 62.07881164550781 55.891639709472656 0
endloop
endfacet
facet normal 0.9262398064637193 0.3769347701155267 8.298133611645274e-8
outer loop
vertex 60.82667541503906 -26.22852897644043 -1
vertex 60.72311019897461 -25.974035263061523 -16.7103328704834
vertex 60.1041259765625 -24.4530086517334 -16.586322784423828
endloop
endfacet
facet normal 0.9262415949132999 0.3769303753380277 0
outer loop
vertex 60.82667541503906 -26.22852897644043 -16.63593864440918
vertex 60.72311019897461 -25.974035263061523 -16.7103328704834
vertex 60.82667541503906 -26.22852897644043 -1
endloop
endfacet
facet normal 0 0 1
outer loop
vertex 59.29180145263672 59.00254821777344 0
vertex 59.32514190673828 56.99296951293945 0
vertex 59.59850311279297 56.984947204589844 0
endloop
endfacet
facet normal 0 -1 0
outer loop
vertex 49.24105453491211 -62.78757858276367 -1.6661099195480347
vertex 43.641056060791016 -62.78757858276367 -4
vertex 49.24105453491211 -62.78757858276367 -4
endloop
endfacet
facet normal -0.9260601837234627 -0.377375853687871 0.00003428435492839839
outer loop
vertex -45.407955169677734 -61.265235900878906 -21.09778594970703
vertex -45.27262496948242 -61.59733200073242 -21.131011962890625
vertex -45.20355987548828 -61.766807556152344 -21.05951499938965
endloop
endfacet
facet normal 0.7318402138689827 0.6814762661782152 0
outer loop
vertex 64.84846496582031 57.327537536621094 -1
vertex 64.08087158203125 58.151859283447266 -5.875431537628174
vertex 64.08087158203125 58.151859283447266 -1
endloop
endfacet
facet normal 0.43485894312382023 0.9004985838885222 0
outer loop
vertex 60.354766845703125 59.951229095458984 -5.713672637939453
vertex 60.354766845703125 59.951229095458984 -1
vertex 64.08087158203125 58.151859283447266 -1
endloop
endfacet
facet normal 1.756402024273758e-19 -1.28849737476292e-19 1
outer loop
vertex 74.7715835571289 5.439560413360596 -3.920791270958386e-21
vertex 72.4138412475586 2.2560572624206543 0
vertex 74.74700164794922 5.284335136413574 -1.9603955950895145e-20
endloop
endfacet
facet normal 0.04936720841147696 0.9987806960157258 0
outer loop
vertex 60.354766845703125 59.951229095458984 -1
vertex 59.13844680786133 60.011348724365234 -5.719065189361572
vertex 59.13844680786133 60.011348724365234 -1
endloop
endfacet
facet normal 0 -1 0
outer loop
vertex 50.041053771972656 -62.78757858276367 -4
vertex 55.641056060791016 -62.78757858276367 -4
vertex 58.641056060791016 -62.78757858276367 -1
endloop
endfacet
facet normal 0 0 1
outer loop
vertex 63.476966857910156 57.3329963684082 0
vertex 69.66281127929688 37.39530944824219 0
vertex 63.98869705200195 56.783447265625 0
endloop
endfacet
facet normal 0 0 1
outer loop
vertex 62.26914978027344 55.69526672363281 0
vertex 69.66281127929688 37.39530944824219 0
vertex 63.476966857910156 57.3329963684082 0
endloop
endfacet
facet normal 0 -1 0
outer loop
vertex 55.641056060791016 -62.78757858276367 -4
vertex 55.641056060791016 -62.78757858276367 -5
vertex 58.641056060791016 -62.78757858276367 -1
endloop
endfacet
facet normal 0.04934177603540786 0.9987819527492834 0
outer loop
vertex 60.354766845703125 59.951229095458984 -5.713672637939453
vertex 60.27886199951172 59.954978942871094 -5.7472429275512695
vertex 60.354766845703125 59.951229095458984 -1
endloop
endfacet
facet normal 0.04940273245912974 0.9987789394762616 -0.000009178557987230239
outer loop
vertex 59.18463897705078 60.009063720703125 -5.740218639373779
vertex 59.13844680786133 60.011348724365234 -5.719065189361572
vertex 60.354766845703125 59.951229095458984 -1
endloop
endfacet
facet normal 0.7318397251361809 0.6814767910300187 1.6568683496760107e-7
outer loop
vertex 64.68154907226562 57.50679016113281 -5.959211349487305
vertex 64.08087158203125 58.151859283447266 -5.875431537628174
vertex 64.84846496582031 57.327537536621094 -1
endloop
endfacet
facet normal 0.7318420112756516 0.6814743359305684 0
outer loop
vertex 64.84846496582031 57.327537536621094 -5.888325214385986
vertex 64.68154907226562 57.50679016113281 -5.959211349487305
vertex 64.84846496582031 57.327537536621094 -1
endloop
endfacet
facet normal -0.7316430058961942 -0.6816879870722848 -0.000014300967749379839
outer loop
vertex -69.37503051757812 -59.215606689453125 -20.753986358642578
vertex -72.16409301757812 -56.222572326660156 -1
vertex -69.39881896972656 -59.1900749206543 -20.757164001464844
endloop
endfacet
facet normal -0.7315889580451886 -0.6817459911593665 0.000002118556612663146
outer loop
vertex -69.29138946533203 -59.305362701416016 -20.721452713012695
vertex -72.16409301757812 -56.222572326660156 -1
vertex -69.37503051757812 -59.215606689453125 -20.753986358642578
endloop
endfacet
facet normal -0.7315955192877721 -0.6817389501547165 0
outer loop
vertex -72.16409301757812 -56.222572326660156 -20.371753692626953
vertex -69.39881896972656 -59.1900749206543 -20.757164001464844
vertex -72.16409301757812 -56.222572326660156 -1
endloop
endfacet
facet normal -0.4009816677456692 -0.9160860779052925 0
outer loop
vertex -69.29138946533203 -59.305362701416016 -20.721452713012695
vertex -68.21964263916016 -59.774478912353516 -20.782381057739258
vertex -69.29138946533203 -59.305362701416016 -1
endloop
endfacet
facet normal -0.40100313279756744 -0.916076682098511 -0.0000013857192641072809
outer loop
vertex -68.21964263916016 -59.774478912353516 -20.782381057739258
vertex -68.15408325195312 -59.80317687988281 -20.768508911132812
vertex -69.29138946533203 -59.305362701416016 -1
endloop
endfacet
facet normal -0.9306787292017805 -0.3658375363619196 0
outer loop
vertex -72.58124542236328 -55.16135025024414 -20.30626678466797
vertex -72.16409301757812 -56.222572326660156 -20.371753692626953
vertex -72.58124542236328 -55.16135025024414 -1
endloop
endfacet
facet normal -0.004519862645805776 -0.9999897853686516 1.4537453034887766e-7
outer loop
vertex -68.15408325195312 -59.80317687988281 -20.768508911132812
vertex -47.67161560058594 -59.895755767822266 -20.781227111816406
vertex -65.15408325195312 -59.816734313964844 -5
endloop
endfacet
facet normal -0.5598285070149959 -0.8286084978645484 1.3193679235957542e-7
outer loop
vertex -45.878387451171875 -60.69618225097656 -20.949983596801758
vertex -45.54922103881836 -60.918575286865234 -21.088048934936523
vertex -47.05900955200195 -59.898521423339844 -1
endloop
endfacet
facet normal -0.5579562432397741 -0.829870369774556 0
outer loop
vertex -45.20355987548828 -61.766807556152344 -21.05951499938965
vertex -43.76993942260742 -62.730690002441406 -21.184701919555664
vertex -45.20355987548828 -61.766807556152344 -1
endloop
endfacet
facet normal -0.9260608379499986 -0.37737424980428447 0
outer loop
vertex -45.54922103881836 -60.918575286865234 -21.088048934936523
vertex -45.407955169677734 -61.265235900878906 -21.09778594970703
vertex -45.54922103881836 -60.918575286865234 -1
endloop
endfacet
facet normal -0.9260592721175634 -0.37737809226965285 7.728364147693479e-8
outer loop
vertex -45.407955169677734 -61.265235900878906 -21.09778594970703
vertex -45.20355987548828 -61.766807556152344 -21.05951499938965
vertex -45.54922103881836 -60.918575286865234 -1
endloop
endfacet
facet normal -0.0045147225177928196 -0.9999898085883613 0
outer loop
vertex -47.32854461669922 -59.89730453491211 -20.81018829345703
vertex -47.05900955200195 -59.898521423339844 -20.8797664642334
vertex -47.05900955200195 -59.898521423339844 -1
endloop
endfacet
facet normal -0.004514376083659126 -0.9999898101523711 -4.7136376737302736e-9
outer loop
vertex -47.67161560058594 -59.895755767822266 -20.781227111816406
vertex -47.32854461669922 -59.89730453491211 -20.81018829345703
vertex -47.05900955200195 -59.898521423339844 -1
endloop
endfacet
facet normal -0.5598350845498654 -0.8286040538804074 0
outer loop
vertex -47.05900955200195 -59.898521423339844 -20.8797664642334
vertex -46.974945068359375 -59.955318450927734 -20.859756469726562
vertex -47.05900955200195 -59.898521423339844 -1
endloop
endfacet
facet normal -0.559829060250273 -0.8286081240847779 3.7140694327873374e-8
outer loop
vertex -47.05900955200195 -59.898521423339844 -1
vertex -46.974945068359375 -59.955318450927734 -20.859756469726562
vertex -46.662559509277344 -60.16637420654297 -20.853321075439453
endloop
endfacet
facet normal -0.5598301421196269 -0.8286073931448587 5.675357072566705e-9
outer loop
vertex -46.662559509277344 -60.16637420654297 -20.853321075439453
vertex -46.159244537353516 -60.50642776489258 -20.897485733032227
vertex -47.05900955200195 -59.898521423339844 -1
endloop
endfacet
facet normal -0.5598294204314317 -0.828607880736965 5.320699678363262e-8
outer loop
vertex -47.05900955200195 -59.898521423339844 -1
vertex -46.159244537353516 -60.50642776489258 -20.897485733032227
vertex -45.878387451171875 -60.69618225097656 -20.949983596801758
endloop
endfacet
facet normal -0.5579364023827049 -0.8298837092581794 0.0000020321602696633513
outer loop
vertex -45.20355987548828 -61.766807556152344 -1
vertex -43.71689224243164 -62.766353607177734 -21.172460556030273
vertex -43.68532180786133 -62.78757858276367 -21.15611457824707
endloop
endfacet
facet normal -0.5579327844939944 -0.8298861415766172 0.0000024193124623062816
outer loop
vertex -43.76993942260742 -62.730690002441406 -21.184701919555664
vertex -43.71689224243164 -62.766353607177734 -21.172460556030273
vertex -45.20355987548828 -61.766807556152344 -1
endloop
endfacet
facet normal 9.796847759019046e-19 -7.483321750328551e-19 1
outer loop
vertex 72.4138412475586 2.2560572624206543 0
vertex 74.06925964355469 2.461322546005249 -1.4681815841817278e-18
vertex 74.74700164794922 5.284335136413574 -1.9603955950895145e-20
endloop
endfacet
facet normal 0 -1 0
outer loop
vertex 32.6193733215332 -62.78757858276367 -3.450000047683716
vertex 45.88827896118164 -62.78757858276367 -1.5589157342910767
vertex 45.141056060791016 -62.78757858276367 -1.5076520442962646
endloop
endfacet
facet normal 0 -1 0
outer loop
vertex 45.88827896118164 -62.78757858276367 -1.5589157342910767
vertex 32.6193733215332 -62.78757858276367 -3.450000047683716
vertex 46.60014343261719 -62.78757858276367 -1.5949000120162964
endloop
endfacet
facet normal 0 0 1
outer loop
vertex 43.641056060791016 -60.087581634521484 0
vertex 19.11937141418457 -60.087581634521484 0
vertex 43.641056060791016 -61.087581634521484 0
endloop
endfacet
facet normal 0 -1 0
outer loop
vertex 32.6193733215332 -62.78757858276367 -3.450000047683716
vertex 33.193397521972656 -62.78757858276367 -3.564180612564087
vertex 49.24105453491211 -62.78757858276367 -1.6661099195480347
endloop
endfacet
facet normal 0 -1 0
outer loop
vertex 33.193397521972656 -62.78757858276367 -3.564180612564087
vertex 33.680030822753906 -62.78757858276367 -3.8893399238586426
vertex 49.24105453491211 -62.78757858276367 -1.6661099195480347
endloop
endfacet
facet normal 3.423611641379454e-28 2.9952719939676874e-29 1
outer loop
vertex 73.22591400146484 11.538086891174316 0
vertex 73.49937438964844 8.412420272827148 0
vertex 74.06925964355469 14.363516807556152 -3.733581067911117e-28
endloop
endfacet
facet normal -1.6713059349206128e-21 -2.6649161268039865e-22 1
outer loop
vertex 74.06925964355469 14.363516807556152 -3.733581067911117e-28
vertex 74.99937438964844 8.333839416503906 -5.2352529938495366e-23
vertex 74.99937438964844 8.491000175476074 -1.0470505829926892e-23
endloop
endfacet
facet normal -1.5578083091021114e-11 -1.131812784483183e-11 1
outer loop
vertex 66.89761352539062 24.234439849853516 -1.8845017560331634e-11
vertex 71.3213882446289 19.810659408569336 -2.662646233181142e-33
vertex 71.22901153564453 19.93780517578125 -5.325292466362284e-34
endloop
endfacet
facet normal -2.847815044107662e-11 -2.43225674331793e-11 1
outer loop
vertex 69.34352111816406 22.145437240600586 -7.110619424970973e-36
vertex 66.89761352539062 24.234439849853516 -1.8845017560331634e-11
vertex 71.22901153564453 19.93780517578125 -5.325292466362284e-34
endloop
endfacet
facet normal 0 -1 0
outer loop
vertex 46.60014343261719 -62.78757858276367 -1.5949000120162964
vertex 32.6193733215332 -62.78757858276367 -3.450000047683716
vertex 47.27524948120117 -62.78757858276367 -1.6254053115844727
endloop
endfacet
facet normal 0 -1 0
outer loop
vertex 32.6193733215332 -62.78757858276367 -3.450000047683716
vertex 49.24105453491211 -62.78757858276367 -1.6661099195480347
vertex 48.494930267333984 -62.78757858276367 -1.6591570377349854
endloop
endfacet
facet normal 0 -1 0
outer loop
vertex 47.27524948120117 -62.78757858276367 -1.6254053115844727
vertex 32.6193733215332 -62.78757858276367 -3.450000047683716
vertex 48.494930267333984 -62.78757858276367 -1.6591570377349854
endloop
endfacet
facet normal -0.9999994080293275 0.0010869102780842854 -0.00005066598069048216
outer loop
vertex -72.58096313476562 -54.90431594848633 -20.363784790039062
vertex -72.58124542236328 -55.16135025024414 -20.30626678466797
vertex -72.47338104248047 44.678253173828125 -7.430268287658691
endloop
endfacet
facet normal 0.43484817299679007 0.9005037848012376 0
outer loop
vertex 64.08087158203125 58.151859283447266 -5.875431537628174
vertex 63.91997146606445 58.229557037353516 -5.9372782707214355
vertex 64.08087158203125 58.151859283447266 -1
endloop
endfacet
facet normal 0.43485940622277963 0.9004983602535696 -4.514435711237514e-7
outer loop
vertex 63.91997146606445 58.229557037353516 -5.9372782707214355
vertex 60.354766845703125 59.951229095458984 -5.713672637939453
vertex 64.08087158203125 58.151859283447266 -1
endloop
endfacet
facet normal 0 -1 0
outer loop
vertex 45.141056060791016 -62.78757858276367 -1
vertex 32.6193733215332 -62.78757858276367 -3.450000047683716
vertex 45.141056060791016 -62.78757858276367 -1.5076520442962646
endloop
endfacet
facet normal 0 -1 0
outer loop
vertex -43.68532180786133 -62.78757858276367 -21.15611457824707
vertex 58.641056060791016 -62.78757858276367 -21.15611457824707
vertex -43.68532180786133 -62.78757858276367 -1
endloop
endfacet
facet normal 2.6056533269849337e-21 -6.981830131031564e-22 1
outer loop
vertex 73.22591400146484 5.286752700805664 0
vertex 72.4138412475586 2.2560572624206543 0
vertex 74.7715835571289 5.439560413360596 -3.920791270958386e-21
endloop
endfacet
facet normal 6.000563404218633e-18 -4.1240590292093917e-17 1
outer loop
vertex 72.4138412475586 2.2560572624206543 0
vertex 74.02069091796875 2.311854124069214 -7.340907817511063e-18
vertex 74.06925964355469 2.461322546005249 -1.4681815841817278e-18
endloop
endfacet
facet normal 1.1760060667430944e-17 -2.071037948825588e-16 1
outer loop
vertex 72.4138412475586 2.2560572624206543 0
vertex 72.90967559814453 -0.3703794479370117 -5.497760517778234e-16
vertex 74.02069091796875 2.311854124069214 -7.340907817511063e-18
endloop
endfacet
facet normal 3.195325552944207e-16 -1.4900067197090641e-16 1
outer loop
vertex 72.4138412475586 2.2560572624206543 0
vertex 71.08782958984375 -0.5875802040100098 0
vertex 72.90967559814453 -0.3703794479370117 -5.497760517778234e-16
endloop
endfacet
facet normal -0.004519098548219636 -0.9999897888220216 0
outer loop
vertex -68.15408325195312 -59.80317687988281 -20.768508911132812
vertex -65.15408325195312 -59.816734313964844 -5
vertex -65.15408325195312 -59.816734313964844 -4
endloop
endfacet
facet normal -0.004519098548219636 -0.9999897888220217 0
outer loop
vertex -65.15408325195312 -59.816734313964844 -4
vertex -68.15408325195312 -59.80317687988281 -1
vertex -68.15408325195312 -59.80317687988281 -20.768508911132812
endloop
endfacet
facet normal -0.0045200521933157515 -0.9999897845119046 -6.461078254487076e-8
outer loop
vertex -65.15408325195312 -59.816734313964844 -5
vertex -47.67161560058594 -59.895755767822266 -20.781227111816406
vertex -53.154083251953125 -59.870975494384766 -5
endloop
endfacet
facet normal -0.4009829192892884 -0.9160855300888885 0
outer loop
vertex -69.29138946533203 -59.305362701416016 -1
vertex -68.15408325195312 -59.80317687988281 -20.768508911132812
vertex -68.15408325195312 -59.80317687988281 -1
endloop
endfacet
facet normal -0.7315957177312205 -0.6817387371987457 0
outer loop
vertex -72.16409301757812 -56.222572326660156 -1
vertex -69.29138946533203 -59.305362701416016 -20.721452713012695
vertex -69.29138946533203 -59.305362701416016 -1
endloop
endfacet
facet normal -0.9306787292017805 -0.3658375363619196 0
outer loop
vertex -72.58124542236328 -55.16135025024414 -1
vertex -72.16409301757812 -56.222572326660156 -20.371753692626953
vertex -72.16409301757812 -56.222572326660156 -1
endloop
endfacet
facet normal -0.004519866215637961 -0.9999897853525269 0
outer loop
vertex -53.154083251953125 -59.870975494384766 -5
vertex -47.67161560058594 -59.895755767822266 -20.781227111816406
vertex -53.154083251953125 -59.870975494384766 -4
endloop
endfacet
facet normal -0.0045194040298197164 -0.9999897874414481 1.510003138981574e-7
outer loop
vertex -53.154083251953125 -59.870975494384766 -4
vertex -47.67161560058594 -59.895755767822266 -20.781227111816406
vertex -47.05900955200195 -59.898521423339844 -1
endloop
endfacet
facet normal -0.5598297122887224 -0.8286076835503797 0
outer loop
vertex -47.05900955200195 -59.898521423339844 -1
vertex -45.54922103881836 -60.918575286865234 -21.088048934936523
vertex -45.54922103881836 -60.918575286865234 -1
endloop
endfacet
facet normal -0.9260599108339875 -0.37737652490072415 0
outer loop
vertex -45.54922103881836 -60.918575286865234 -1
vertex -45.20355987548828 -61.766807556152344 -21.05951499938965
vertex -45.20355987548828 -61.766807556152344 -1
endloop
endfacet
facet normal -0.5579543949460566 -0.8298716124560351 0
outer loop
vertex -43.68532180786133 -62.78757858276367 -21.15611457824707
vertex -43.68532180786133 -62.78757858276367 -1
vertex -45.14374923706055 -61.80702209472656 -1
endloop
endfacet
facet normal -0.5579693104476966 -0.829861583998239 -0.0000015670999460978948
outer loop
vertex -45.20355987548828 -61.766807556152344 -1
vertex -43.68532180786133 -62.78757858276367 -21.15611457824707
vertex -45.14374923706055 -61.80702209472656 -1
endloop
endfacet
facet normal 2.0135781233800275e-14 -2.5964212788251516e-14 1
outer loop
vertex 69.28816986083984 -3.15775728225708 0
vertex 72.83832550048828 -0.5104104280471802 -2.748880258889117e-15
vertex 72.90967559814453 -0.3703794479370117 -5.497760517778234e-16
endloop
endfacet
facet normal 0.9999227624950429 -0.012428557610592073 4.728402216128667e-8
outer loop
vertex 60.39377975463867 -61.05650329589844 -1
vertex 60.396942138671875 -60.802154541015625 -21.1257266998291
vertex 60.82667541503906 -26.22852897644043 -16.63593864440918
endloop
endfacet
facet normal 0.0493672933561859 0.998780691817036 -4.0899878983034076e-7
outer loop
vertex 59.18463897705078 60.009063720703125 -5.740218639373779
vertex 60.354766845703125 59.951229095458984 -1
vertex 60.27886199951172 59.954978942871094 -5.7472429275512695
endloop
endfacet
facet normal 0.9999227159911966 -0.012432298451567311 0
outer loop
vertex 60.396942138671875 -60.802154541015625 -21.1257266998291
vertex 60.39377975463867 -61.05650329589844 -1
vertex 60.39377975463867 -61.05650329589844 -20.993005752563477
endloop
endfacet
facet normal 0.7026992364751188 -0.7114870224096047 0
outer loop
vertex 58.641056060791016 -62.78757858276367 -21.15611457824707
vertex 60.39377975463867 -61.05650329589844 -20.993005752563477
vertex 58.641056060791016 -62.78757858276367 -1
endloop
endfacet
facet normal -2.242013480709504e-23 -5.3339023842345444e-24 1
outer loop
vertex 74.06925964355469 14.363516807556152 -3.733581067911117e-28
vertex 74.99937438964844 8.491000175476074 -1.0470505829926892e-23
vertex 74.7715835571289 11.385278701782227 -1.3980787073196016e-25
endloop
endfacet
facet normal -8.698091019887576e-24 -2.0979893535791333e-24 1
outer loop
vertex 74.06925964355469 14.363516807556152 -3.733581067911117e-28
vertex 74.7715835571289 11.385278701782227 -1.3980787073196016e-25
vertex 74.74700164794922 11.540504455566406 -2.7961575378987196e-26
endloop
endfacet
facet normal -9.926502050212123e-10 -1.1622449227792132e-9 1
outer loop
vertex 66.89761352539062 24.234439849853516 -1.8845017560331634e-11
vertex 69.23239135742188 22.256567001342773 -1.4221238670575742e-36
vertex 67.0247573852539 24.14206314086914 -1.8988968865394774e-38
endloop
endfacet
facet normal 0.5224978876544734 0.8526405792575111 -1.7173939664797524e-7
outer loop
vertex 67.45361328125 25.066551208496094 -1
vertex 65.24309539794922 26.421154022216797 -10.298346519470215
vertex 65.19588470458984 26.45008659362793 -1
endloop
endfacet
facet normal 0 0 1
outer loop
vertex 71.67153930664062 37.47203826904297 0
vertex 63.98869705200195 56.783447265625 0
vertex 69.66281127929688 37.39530944824219 0
endloop
endfacet
facet normal 0 0 1
outer loop
vertex 69.66038513183594 37.11684036254883 0
vertex 71.64754486083984 36.645572662353516 0
vertex 71.67153930664062 37.47203826904297 0
endloop
endfacet
facet normal 0 0 1
outer loop
vertex 69.66281127929688 37.39530944824219 0
vertex 69.66038513183594 37.11684036254883 0
vertex 71.67153930664062 37.47203826904297 0
endloop
endfacet
facet normal -5.2801217215978706e-11 -5.2801217215978706e-11 1
outer loop
vertex 66.89761352539062 24.234439849853516 -1.8845017560331634e-11
vertex 69.34352111816406 22.145437240600586 -7.110619424970973e-36
vertex 69.23239135742188 22.256567001342773 -1.4221238670575742e-36
endloop
endfacet
facet normal 1.0124748649978247e-11 1.0124739945735846e-11 1
outer loop
vertex 67.06954956054688 22.20121955871582 0
vertex 69.28816986083984 19.98259735107422 0
vertex 66.89761352539062 24.234439849853516 -1.8845017560331634e-11
endloop
endfacet
facet normal 0.9723698338870903 0.23344572419813633 0
outer loop
vertex 75.72854614257812 11.735745429992676 -1
vertex 75.03245544433594 14.635167121887207 -11.378310203552246
vertex 75.03245544433594 14.635167121887207 -1
endloop
endfacet
facet normal 0 -1 0
outer loop
vertex 34.005191802978516 -62.78757858276367 -10.524024963378906
vertex 58.641056060791016 -62.78757858276367 -21.15611457824707
vertex 43.641056060791016 -62.78757858276367 -5
endloop
endfacet
facet normal 0 -1 0
outer loop
vertex 33.680030822753906 -62.78757858276367 -11.010660171508789
vertex 58.641056060791016 -62.78757858276367 -21.15611457824707
vertex 34.005191802978516 -62.78757858276367 -10.524024963378906
endloop
endfacet
facet normal 0 0 1
outer loop
vertex 69.66038513183594 37.11684036254883 0
vertex 70.02352142333984 33.16605758666992 0
vertex 71.64754486083984 36.645572662353516 0
endloop
endfacet
facet normal 0 0 1
outer loop
vertex 69.66038513183594 37.11684036254883 0
vertex 68.58049774169922 34.57278823852539 0
vertex 70.02352142333984 33.16605758666992 0
endloop
endfacet
facet normal 0 -1 0
outer loop
vertex 33.680030822753906 -62.78757858276367 -11.010660171508789
vertex 33.193397521972656 -62.78757858276367 -11.335819244384766
vertex 58.641056060791016 -62.78757858276367 -21.15611457824707
endloop
endfacet
facet normal 0 0 1
outer loop
vertex 68.38187408447266 34.377601623535156 0
vertex 69.42530822753906 32.624298095703125 0
vertex 70.02352142333984 33.16605758666992 0
endloop
endfacet
facet normal 0 0 1
outer loop
vertex 68.58049774169922 34.57278823852539 0
vertex 68.38187408447266 34.377601623535156 0
vertex 70.02352142333984 33.16605758666992 0
endloop
endfacet
facet normal 0 -1 0
outer loop
vertex 33.193397521972656 -62.78757858276367 -11.335819244384766
vertex 32.6193733215332 -62.78757858276367 -11.449999809265137
vertex 58.641056060791016 -62.78757858276367 -21.15611457824707
endloop
endfacet
facet normal 3.2925449485954155e-16 -2.3054678216816596e-16 1
outer loop
vertex 71.08782958984375 -0.5875802040100098 0
vertex 69.28816986083984 -3.15775728225708 0
vertex 72.90967559814453 -0.3703794479370117 -5.497760517778234e-16
endloop
endfacet
facet normal 0 0 1
outer loop
vertex 68.38187408447266 34.377601623535156 0
vertex 65.25505828857422 31.159671783447266 0
vertex 69.42530822753906 32.624298095703125 0
endloop
endfacet
facet normal 0.9876879224773351 0.15643710490930754 0
outer loop
vertex 75.73731231689453 11.680398941040039 -1
vertex 75.72854614257812 11.735745429992676 -11.729104995727539
vertex 75.72854614257812 11.735745429992676 -1
endloop
endfacet
facet normal 0.9876929005959422 0.1564056716118272 -1.6621719220094511e-7
outer loop
vertex 75.76541900634766 11.502906799316406 -1
vertex 75.72854614257812 11.735745429992676 -11.729104995727539
vertex 75.73731231689453 11.680398941040039 -1
endloop
endfacet
facet normal -0.004519687052709231 -0.9999897861622488 3.5447747770652335e-7
outer loop
vertex -59.554080963134766 -59.842044830322266 -4
vertex -63.654083251953125 -59.82351303100586 -1.5096449851989746
vertex -65.15408325195312 -59.816734313964844 -4
endloop
endfacet
facet normal 0.9969170516109253 0.07846268034791802 0
outer loop
vertex 75.84323120117188 10.514254570007324 -1
vertex 75.76541900634766 11.502906799316406 -11.740495681762695
vertex 75.76541900634766 11.502906799316406 -1
endloop
endfacet
facet normal 0.9969172614916568 0.07846001363697612 -2.4698869368910406e-7
outer loop
vertex 75.99937438964844 8.530290603637695 -1
vertex 75.76541900634766 11.502906799316406 -11.740495681762695
vertex 75.84323120117188 10.514254570007324 -1
endloop
endfacet
facet normal 0.7027067344896519 -0.7114796062656761 -0.0001231703224920168
outer loop
vertex 58.679779052734375 -62.74933624267578 -21.185565948486328
vertex 58.73605728149414 -62.693748474121094 -21.205646514892578
vertex 60.39377975463867 -61.05650329589844 -20.993005752563477
endloop
endfacet
facet normal -0.004520371306689993 -0.999989783069432 0
outer loop
vertex -58.75408172607422 -59.84566116333008 -4
vertex -53.154083251953125 -59.870975494384766 -4
vertex -58.75408172607422 -59.84566116333008 -1.6659173965454102
endloop
endfacet
facet normal -0.0045190985482196355 -0.9999897888220216 0
outer loop
vertex -68.15408325195312 -59.80317687988281 -1
vertex -65.15408325195312 -59.816734313964844 -4
vertex -63.654083251953125 -59.82351303100586 -1.5096449851989746
endloop
endfacet
facet normal 0.7026968296119502 -0.7114893977037965 0.00005107252254995417
outer loop
vertex 58.679779052734375 -62.74933624267578 -21.185565948486328
vertex 60.39377975463867 -61.05650329589844 -20.993005752563477
vertex 58.641056060791016 -62.78757858276367 -21.15611457824707
endloop
endfacet
facet normal 1 0 0
outer loop
vertex 75.99937438964844 8.294549942016602 -1
vertex 75.99937438964844 8.530290603637695 -12.123006820678711
vertex 75.99937438964844 8.530290603637695 -1
endloop
endfacet
facet normal 0.9510593056623051 0.309008409453746 0
outer loop
vertex 75.03245544433594 14.635167121887207 -1
vertex 74.95960998535156 14.859369277954102 -11.367037773132324
vertex 74.95960998535156 14.859369277954102 -1
endloop
endfacet
facet normal 0.9238794008188239 0.38268375029866497 0
outer loop
vertex 74.95960998535156 14.859369277954102 -1
vertex 73.81851959228516 17.61420249938965 -11.033260345458984
vertex 73.81851959228516 17.61420249938965 -1
endloop
endfacet
facet normal 0.8526388701113153 0.5225006767223366 0
outer loop
vertex 72.15350341796875 20.36665916442871 -10.71662712097168
vertex 72.15350341796875 20.36665916442871 -1
vertex 72.6389389038086 19.574504852294922 -1
endloop
endfacet
facet normal 0 0 1
outer loop
vertex 44.141056060791016 -61.587581634521484 0
vertex -43.38040542602539 -61.78757858276367 0
vertex 49.24105453491211 -61.78757858276367 0
endloop
endfacet
facet normal 0 0 1
outer loop
vertex 43.641056060791016 -61.087581634521484 0
vertex -41.8806266784668 -60.087581634521484 0
vertex 43.679115295410156 -61.27892303466797 0
endloop
endfacet
facet normal 0 0 1
outer loop
vertex 43.94971466064453 -61.54951858520508 0
vertex -41.8806266784668 -60.087581634521484 0
vertex 44.141056060791016 -61.587581634521484 0
endloop
endfacet
facet normal 0 0 1
outer loop
vertex 43.78750228881836 -61.44113540649414 0
vertex -41.8806266784668 -60.087581634521484 0
vertex 43.94971466064453 -61.54951858520508 0
endloop
endfacet
facet normal 0 0 1
outer loop
vertex -41.8806266784668 -60.087581634521484 0
vertex 43.78750228881836 -61.44113540649414 0
vertex 43.679115295410156 -61.27892303466797 0
endloop
endfacet
facet normal 0 -1 0
outer loop
vertex -43.68532180786133 -62.78757858276367 -1
vertex 32.6193733215332 -62.78757858276367 -3.450000047683716
vertex 45.141056060791016 -62.78757858276367 -1
endloop
endfacet
facet normal 0 0 1
outer loop
vertex -68.70085144042969 -58.47224426269531 0
vertex -67.51979064941406 -56.80601119995117 0
vertex -69.47406005859375 -54.85173797607422 0
endloop
endfacet
facet normal 0 0 1
outer loop
vertex 19.11937141418457 -60.087581634521484 0
vertex -41.8806266784668 -60.087581634521484 0
vertex 43.641056060791016 -61.087581634521484 0
endloop
endfacet
facet normal 0 -1 0
outer loop
vertex 20.61937141418457 -62.78757858276367 -3.450000047683716
vertex 32.6193733215332 -62.78757858276367 -3.450000047683716
vertex -43.68532180786133 -62.78757858276367 -1
endloop
endfacet
facet normal 0.8090345935192348 0.5877610283858283 0
outer loop
vertex 72.01493835449219 20.557376861572266 -10.710451126098633
vertex 72.01493835449219 20.557376861572266 -1
vertex 72.09351348876953 20.449220657348633 -1
endloop
endfacet
facet normal -0.004519098548219636 -0.9999897888220216 0
outer loop
vertex -68.15408325195312 -59.80317687988281 -1
vertex -63.654083251953125 -59.82351303100586 -1.5096449851989746
vertex -63.654083251953125 -59.82351303100586 -1
endloop
endfacet
facet normal 0 0 1
outer loop
vertex 68.38187408447266 34.377601623535156 0
vertex 65.09707641601562 31.08600425720215 0
vertex 65.25505828857422 31.159671783447266 0
endloop
endfacet
facet normal 0.8089913968304108 0.5878204826759248 0.0000010117486653033513
outer loop
vertex 72.15350341796875 20.36665916442871 -1
vertex 72.01493835449219 20.557376861572266 -10.710451126098633
vertex 72.09351348876953 20.449220657348633 -1
endloop
endfacet
facet normal 0.8526409518582589 0.5224972796236331 -3.8095320316086527e-7
outer loop
vertex 73.71149444580078 17.824247360229492 -1
vertex 72.15350341796875 20.36665916442871 -10.71662712097168
vertex 72.6389389038086 19.574504852294922 -1
endloop
endfacet
facet normal 8.700660600589938e-30 -1.2629396629501241e-30 1
outer loop
vertex 72.83832550048828 17.335250854492188 -1.994111908119111e-31
vertex 72.4138412475586 14.568782806396484 0
vertex 72.90967559814453 17.195219039916992 -9.970559070397814e-31
endloop
endfacet
facet normal 4.618125728867373e-29 -8.338751015696737e-30 1
outer loop
vertex 72.4138412475586 14.568782806396484 0
vertex 74.02069091796875 14.512985229492188 -7.467162015451613e-29
vertex 72.90967559814453 17.195219039916992 -9.970559070397814e-31
endloop
endfacet
facet normal 1.1630789811007248e-31 5.423533435570129e-32 1
outer loop
vertex 72.83832550048828 17.335250854492188 -1.994111908119111e-31
vertex 71.08782958984375 17.41242027282715 0
vertex 72.4138412475586 14.568782806396484 0
endloop
endfacet
facet normal -2.318225063826355e-29 -2.005857927198925e-27 1
outer loop
vertex 72.4138412475586 14.568782806396484 0
vertex 74.06925964355469 14.363516807556152 -3.733581067911117e-28
vertex 74.02069091796875 14.512985229492188 -7.467162015451613e-29
endloop
endfacet
facet normal 1.1410498133371974e-13 -1.5197916438307987e-13 1
outer loop
vertex 69.28816986083984 -3.15775728225708 0
vertex 71.3213882446289 -2.9858198165893555 -2.0586943337130154e-13
vertex 72.83832550048828 -0.5104104280471802 -2.748880258889117e-15
endloop
endfacet
facet normal 6.91427037438704e-13 -6.979006730952008e-12 1
outer loop
vertex 69.28816986083984 -3.15775728225708 0
vertex 71.22901153564453 -3.1129653453826904 -1.0293471804090348e-12
vertex 71.3213882446289 -2.9858198165893555 -2.0586943337130154e-13
endloop
endfacet
facet normal 1.3521521897325404e-12 -3.560833157483387e-11 1
outer loop
vertex 69.28816986083984 -3.15775728225708 0
vertex 69.34352111816406 -5.3205976486206055 -7.708998023270297e-11
vertex 71.22901153564453 -3.1129653453826904 -1.0293471804090348e-12
endloop
endfacet
facet normal 0 0 1
outer loop
vertex -68.70085144042969 -58.47224426269531 0
vertex -67.9426498413086 -58.80411911010742 0
vertex -65.00763702392578 -58.497406005859375 0
endloop
endfacet
facet normal 0 0 1
outer loop
vertex -68.70085144042969 -58.47224426269531 0
vertex -65.00763702392578 -58.497406005859375 0
vertex -65.11602020263672 -58.33519744873047 0
endloop
endfacet
facet normal 0 0 1
outer loop
vertex -64.84542083740234 -58.60579299926758 0
vertex -65.00763702392578 -58.497406005859375 0
vertex -67.9426498413086 -58.80411911010742 0
endloop
endfacet
facet normal 0 0 1
outer loop
vertex -64.65408325195312 -58.643856048583984 0
vertex -64.84542083740234 -58.60579299926758 0
vertex -67.9426498413086 -58.80411911010742 0
endloop
endfacet
facet normal 0 0 1
outer loop
vertex -68.70085144042969 -58.47224426269531 0
vertex -65.15408325195312 -58.143856048583984 0
vertex -67.26250457763672 -56.91257858276367 0
endloop
endfacet
facet normal 0 0 1
outer loop
vertex -67.51979064941406 -56.80601119995117 0
vertex -68.70085144042969 -58.47224426269531 0
vertex -67.26250457763672 -56.91257858276367 0
endloop
endfacet
facet normal 0 0 1
outer loop
vertex -65.15408325195312 -58.143856048583984 0
vertex -68.70085144042969 -58.47224426269531 0
vertex -65.11602020263672 -58.33519744873047 0
endloop
endfacet
facet normal 0 0 1
outer loop
vertex -65.15408325195312 -58.143856048583984 0
vertex -65.15408325195312 -57.143856048583984 0
vertex -67.26250457763672 -56.91257858276367 0
endloop
endfacet
facet normal 0 0 1
outer loop
vertex -65.15408325195312 -57.143856048583984 0
vertex -65.11602020263672 -56.952510833740234 0
vertex -67.26250457763672 -56.91257858276367 0
endloop
endfacet
facet normal 0 0 1
outer loop
vertex -65.08934020996094 -56.91257858276367 0
vertex -67.26250457763672 -56.91257858276367 0
vertex -65.11602020263672 -56.952510833740234 0
endloop
endfacet
facet normal 3.475356239971141e-11 -3.4753525052689656e-11 1
outer loop
vertex 69.28816986083984 -3.15775728225708 0
vertex 67.06954956054688 -5.37637996673584 0
vertex 69.34352111816406 -5.3205976486206055 -7.708998023270297e-11
endloop
endfacet
facet normal -4.032548268661465e-10 1.0943581573244727e-9 1
outer loop
vertex 64.49937438964844 -7.176037311553955 0
vertex 69.23239135742188 -5.431726932525635 -2.883543013740275e-13
vertex 69.34352111816406 -5.3205976486206055 -7.708998023270297e-11
endloop
endfacet
facet normal 3.513182431032466e-11 -5.017340818281623e-11 1
outer loop
vertex 67.06954956054688 -5.37637996673584 0
vertex 64.49937438964844 -7.176037311553955 0
vertex 69.34352111816406 -5.3205976486206055 -7.708998023270297e-11
endloop
endfacet
facet normal 7.433031856628422e-12 -2.0003499387239662e-11 1
outer loop
vertex 64.49937438964844 -7.176037311553955 0
vertex 67.0247573852539 -7.317223072052002 -2.159546153013281e-11
vertex 69.23239135742188 -5.431726932525635 -2.883543013740275e-13
endloop
endfacet
facet normal 2.007618239532536e-11 2.061439340980732e-10 1
outer loop
vertex 64.49937438964844 -7.176037311553955 0
vertex 66.89761352539062 -7.409599781036377 0
vertex 67.0247573852539 -7.317223072052002 -2.159546153013281e-11
endloop
endfacet
facet normal 0 0 1
outer loop
vertex 64.49937438964844 -7.176037311553955 0
vertex 64.42220306396484 -8.926532745361328 0
vertex 66.89761352539062 -7.409599781036377 0
endloop
endfacet
facet normal 0 0 1
outer loop
vertex 64.49937438964844 -7.176037311553955 0
vertex 61.65573501586914 -8.502047538757324 0
vertex 64.42220306396484 -8.926532745361328 0
endloop
endfacet
facet normal 0 0 1
outer loop
vertex -64.65408325195312 -58.643856048583984 0
vertex -67.9426498413086 -58.80411911010742 0
vertex -59.554080963134766 -58.842037200927734 0
endloop
endfacet
facet normal 2.332879400037621e-28 6.250933290286351e-29 1
outer loop
vertex 72.4138412475586 14.568782806396484 0
vertex 73.22591400146484 11.538086891174316 0
vertex 74.06925964355469 14.363516807556152 -3.733581067911117e-28
endloop
endfacet
facet normal 0.8910031878304312 0.4539970476512037 0
outer loop
vertex 73.81851959228516 17.61420249938965 -1
vertex 73.71149444580078 17.824247360229492 -11.024201393127441
vertex 73.71149444580078 17.824247360229492 -1
endloop
endfacet
facet normal -1.1002014378522516e-11 -6.74206505136008e-12 1
outer loop
vertex 66.89761352539062 24.234439849853516 -1.8845017560331634e-11
vertex 72.83832550048828 17.335250854492188 -1.994111908119111e-31
vertex 71.3213882446289 19.810659408569336 -2.662646233181142e-33
endloop
endfacet
facet normal 1.2516688290650817e-13 2.8392609585953326e-12 1
outer loop
vertex 66.89761352539062 24.234439849853516 -1.8845017560331634e-11
vertex 71.08782958984375 17.41242027282715 0
vertex 72.83832550048828 17.335250854492188 -1.994111908119111e-31
endloop
endfacet
facet normal 0 0 1
outer loop
vertex 64.42220306396484 -8.926532745361328 0
vertex 61.599937438964844 -10.10890007019043 0
vertex 64.28217315673828 -8.997881889343262 0
endloop
endfacet
facet normal 0 0 1
outer loop
vertex 64.42220306396484 -8.926532745361328 0
vertex 60.702327728271484 -10.40311336517334 0
vertex 61.599937438964844 -10.10890007019043 0
endloop
endfacet
facet normal 0 0 1
outer loop
vertex 61.65573501586914 -8.502047538757324 0
vertex 58.625038146972656 -9.314119338989258 0
vertex 64.42220306396484 -8.926532745361328 0
endloop
endfacet
facet normal 0 0 1
outer loop
vertex -71.30294036865234 -55.679866790771484 0
vertex -68.70085144042969 -58.47224426269531 0
vertex -69.58062744140625 -54.594459533691406 0
endloop
endfacet
facet normal 0 0 1
outer loop
vertex -69.58062744140625 -54.594459533691406 0
vertex -68.70085144042969 -58.47224426269531 0
vertex -69.47406005859375 -54.85173797607422 0
endloop
endfacet
facet normal 0 0 1
outer loop
vertex 58.625038146972656 -9.314119338989258 0
vertex 60.702327728271484 -10.40311336517334 0
vertex 64.42220306396484 -8.926532745361328 0
endloop
endfacet
facet normal 0 0 1
outer loop
vertex 58.625038146972656 -9.314119338989258 0
vertex 56.81937026977539 -9.472095489501953 0
vertex 60.51059341430664 -10.485825538635254 0
endloop
endfacet
facet normal 3.212475838121656e-11 2.2494027532953725e-11 1
outer loop
vertex 69.28816986083984 19.98259735107422 0
vertex 71.08782958984375 17.41242027282715 0
vertex 66.89761352539062 24.234439849853516 -1.8845017560331634e-11
endloop
endfacet
facet normal 0 0 1
outer loop
vertex 50.721309661865234 27.242271423339844 0
vertex 65.09707641601562 31.08600425720215 0
vertex 68.38187408447266 34.377601623535156 0
endloop
endfacet
facet normal -0.004520225293989771 -0.9999897837293183 -5.316755228141993e-7
outer loop
vertex -63.654083251953125 -59.82351303100586 -1.5096449851989746
vertex -59.554080963134766 -59.842044830322266 -4
vertex -62.897090911865234 -59.826934814453125 -1.5612434148788452
endloop
endfacet
facet normal -0.004522149553918247 -0.9999897750244082 -0.0000031694753161245186
outer loop
vertex -62.897090911865234 -59.826934814453125 -1.5612434148788452
vertex -59.554080963134766 -59.842044830322266 -4
vertex -62.22475814819336 -59.82997512817383 -1.5949000120162964
endloop
endfacet
facet normal -0.00452113273926398 -0.9999897796250675 -0.000002040358339392592
outer loop
vertex -62.22475814819336 -59.82997512817383 -1.5949000120162964
vertex -59.554080963134766 -59.842044830322266 -4
vertex -61.5160026550293 -59.83317947387695 -1.6266154050827026
endloop
endfacet
facet normal -0.004517842431027251 -0.9999897944975771 6.795796624719648e-7
outer loop
vertex -61.5160026550293 -59.83317947387695 -1.6266154050827026
vertex -59.554080963134766 -59.842044830322266 -4
vertex -60.299293518066406 -59.83867645263672 -1.6597169637680054
endloop
endfacet
facet normal -0.004519976555394085 -0.9999897848537946 0
outer loop
vertex -60.299293518066406 -59.83867645263672 -1.6597169637680054
vertex -59.554080963134766 -59.842044830322266 -4
vertex -59.554080963134766 -59.842044830322266 -1.6663025617599487
endloop
endfacet
facet normal 0 0 1
outer loop
vertex 64.95429229736328 30.98602294921875 0
vertex 65.09707641601562 31.08600425720215 0
vertex 50.721309661865234 27.242271423339844 0
endloop
endfacet
facet normal 0 0 1
outer loop
vertex 64.8310317993164 30.86276626586914 0
vertex 64.95429229736328 30.98602294921875 0
vertex 50.721309661865234 27.242271423339844 0
endloop
endfacet
facet normal 0 0 1
outer loop
vertex 64.7310562133789 30.719980239868164 0
vertex 64.8310317993164 30.86276626586914 0
vertex 50.721309661865234 27.242271423339844 0
endloop
endfacet
facet normal 0 0 1
outer loop
vertex 64.65738677978516 30.562000274658203 0
vertex 64.7310562133789 30.719980239868164 0
vertex 50.721309661865234 27.242271423339844 0
endloop
endfacet
facet normal 0 0 1
outer loop
vertex 64.61227416992188 30.393627166748047 0
vertex 50.721309661865234 27.242271423339844 0
vertex 64.60269165039062 30.325801849365234 0
endloop
endfacet
facet normal 0 0 1
outer loop
vertex 64.61227416992188 30.393627166748047 0
vertex 64.65738677978516 30.562000274658203 0
vertex 50.721309661865234 27.242271423339844 0
endloop
endfacet
facet normal 0.9995789082158464 -0.029017343951788562 0
outer loop
vertex 72.64112854003906 36.40993881225586 -1
vertex 72.67711639404297 37.649635314941406 -8.33532428741455
vertex 72.67711639404297 37.649635314941406 -1
endloop
endfacet
facet normal 0.9291672323599539 0.3696596465785027 0
outer loop
vertex 64.84846496582031 57.327537536621094 -5.888325214385986
vertex 72.67711639404297 37.649635314941406 -1
vertex 72.67711639404297 37.649635314941406 -8.33532428741455
endloop
endfacet
facet normal 0.9061573998765285 -0.4229406183484971 0
outer loop
vertex 70.8443374633789 32.56028366088867 -1
vertex 72.64112854003906 36.40993881225586 -8.399782180786133
vertex 72.64112854003906 36.40993881225586 -1
endloop
endfacet
facet normal 0.6712715443916026 -0.7412115175104286 0
outer loop
vertex 69.94702911376953 31.747644424438477 -1
vertex 70.8443374633789 32.56028366088867 -8.827786445617676
vertex 70.8443374633789 32.56028366088867 -1
endloop
endfacet
facet normal 0.3313513131387084 -0.9435074495102059 0
outer loop
vertex 65.59707641601562 30.219980239868164 -1
vertex 69.94702911376953 31.747644424438477 -8.8899507522583
vertex 69.94702911376953 31.747644424438477 -1
endloop
endfacet
facet normal 0 -1 0
outer loop
vertex 34.1193733215332 -62.78757858276367 -9.949999809265137
vertex 34.005191802978516 -62.78757858276367 -10.524024963378906
vertex 43.641056060791016 -62.78757858276367 -5
endloop
endfacet
facet normal 6.898386985821757e-12 9.851907810952857e-12 1
outer loop
vertex 66.89761352539062 24.234439849853516 -1.8845017560331634e-11
vertex 64.49937438964844 24.000877380371094 0
vertex 67.06954956054688 22.20121955871582 0
endloop
endfacet
facet normal -0.004519161992149703 -0.9999897885310979 0.0000029014816479741846
outer loop
vertex -58.75408172607422 -59.84566116333008 -1.6659173965454102
vertex -53.154083251953125 -59.870975494384766 -4
vertex -58.007041931152344 -59.849037170410156 -1.658596396446228
endloop
endfacet
facet normal 0.9943850503006632 -0.10582235935069464 0
outer loop
vertex 65.19588470458984 26.45008659362793 -1
vertex 65.59707641601562 30.219980239868164 -9.513091087341309
vertex 65.59707641601562 30.219980239868164 -1
endloop
endfacet
facet normal -0.0045208030938727155 -0.9999897811173553 -5.000512971102918e-7
outer loop
vertex -58.007041931152344 -59.849037170410156 -1.658596396446228
vertex -53.154083251953125 -59.870975494384766 -4
vertex -56.78437805175781 -59.85456466674805 -1.6241912841796875
endloop
endfacet
facet normal -0.004521565289003055 -0.999989777670035 -0.000001664728222934192
outer loop
vertex -56.78437805175781 -59.85456466674805 -1.6241912841796875
vertex -53.154083251953125 -59.870975494384766 -4
vertex -56.142364501953125 -59.85746765136719 -1.5949000120162964
endloop
endfacet
facet normal -0.004521366120661972 -0.9999897785709584 -0.0000014172610940186443
outer loop
vertex -56.142364501953125 -59.85746765136719 -1.5949000120162964
vertex -53.154083251953125 -59.870975494384766 -4
vertex -55.39148712158203 -59.860862731933594 -1.5565757751464844
endloop
endfacet
facet normal -0.004516330222619922 -0.9999898013235525 0.000003194123103334114
outer loop
vertex -55.39148712158203 -59.860862731933594 -1.5565757751464844
vertex -53.154083251953125 -59.870975494384766 -4
vertex -54.654083251953125 -59.864192962646484 -1.5056592226028442
endloop
endfacet
facet normal -0.004521641601781896 -0.999989777326361 0
outer loop
vertex -54.654083251953125 -59.864192962646484 -1.5056592226028442
vertex -53.154083251953125 -59.870975494384766 -4
vertex -54.654083251953125 -59.864192962646484 -1
endloop
endfacet
facet normal 7.636827271057284e-12 2.2695406807159893e-12 1
outer loop
vertex 64.67440032958984 25.599103927612305 -4.963883037251149e-12
vertex 64.49937438964844 24.000877380371094 0
vertex 66.89761352539062 24.234439849853516 -1.8845017560331634e-11
endloop
endfacet
facet normal 0 0 1
outer loop
vertex 58.625038146972656 -9.314119338989258 0
vertex 60.66857147216797 -10.412158966064453 0
vertex 60.702327728271484 -10.40311336517334 0
endloop
endfacet
facet normal 0 0 1
outer loop
vertex 41.323795318603516 52.42118835449219 0
vertex 59.32514190673828 56.99296951293945 0
vertex 59.29180145263672 59.00254821777344 0
endloop
endfacet
facet normal 0 0 1
outer loop
vertex 60.51059341430664 -10.485825538635254 0
vertex 60.66857147216797 -10.412158966064453 0
vertex 58.625038146972656 -9.314119338989258 0
endloop
endfacet
facet normal -0.34393644187888167 0.9389929302898236 0.000028520608081324427
outer loop
vertex 54.835113525390625 58.43511199951172 -1
vertex 50.767845153808594 56.94534683227539 -1.100000023841858
vertex 48.51426315307617 56.11989974975586 -1.100000023841858
endloop
endfacet
facet normal -0.343936852557224 0.9389927802978127 0.000001270384315978118
outer loop
vertex 59.13844680786133 60.011348724365234 -1
vertex 50.577022552490234 56.875450134277344 -3.5
vertex 54.835113525390625 58.43511199951172 -1
endloop
endfacet
facet normal 1.377923779050482e-12 2.954969457119431e-12 1
outer loop
vertex 64.67440032958984 25.599103927612305 -4.963883037251149e-12
vertex 61.65573501586914 25.326887130737305 0
vertex 64.49937438964844 24.000877380371094 0
endloop
endfacet
facet normal -0.3439358237449448 0.938993157134218 0
outer loop
vertex 50.767845153808594 56.94534683227539 -2.5
vertex 50.767845153808594 56.94534683227539 -1.100000023841858
vertex 54.835113525390625 58.43511199951172 -1
endloop
endfacet
facet normal -0.34393124402076913 0.9389948344841788 -0.00001408388322323001
outer loop
vertex 54.835113525390625 58.43511199951172 -1
vertex 48.70508575439453 56.18979263305664 -3.5
vertex 50.767845153808594 56.94534683227539 -2.5
endloop
endfacet
facet normal -0.3439365665957608 0.9389928850410977 7.179787030018208e-7
outer loop
vertex 50.577022552490234 56.875450134277344 -3.5
vertex 48.70508575439453 56.18979263305664 -3.5
vertex 54.835113525390625 58.43511199951172 -1
endloop
endfacet
facet normal 0 0 1
outer loop
vertex 41.323795318603516 52.42118835449219 0
vertex 41.61327362060547 50.39727783203125 0
vertex 59.32514190673828 56.99296951293945 0
endloop
endfacet
facet normal -0.34393641163437894 0.9389929414312412 0.000026350951370142253
outer loop
vertex 40.979862213134766 53.36017990112305 -1
vertex 54.835113525390625 58.43511199951172 -1
vertex 48.51426315307617 56.11989974975586 -1.100000023841858
endloop
endfacet
facet normal 7.319904629180735e-15 -3.295261542406989e-14 1
outer loop
vertex 64.20510864257812 26.555524826049805 -1.2133021909215003e-13
vertex 64.60269165039062 30.325801849365234 0
vertex 50.721309661865234 27.242271423339844 0
endloop
endfacet
facet normal 0 0 1
outer loop
vertex 60.36780548095703 -10.585806846618652 0
vertex 60.51059341430664 -10.485825538635254 0
vertex 56.81937026977539 -9.472095489501953 0
endloop
endfacet
facet normal 0 0 1
outer loop
vertex 60.24454879760742 -10.709063529968262 0
vertex 60.36780548095703 -10.585806846618652 0
vertex 56.81937026977539 -9.472095489501953 0
endloop
endfacet
facet normal 0 0 1
outer loop
vertex 56.81937026977539 -9.472095489501953 0
vertex 60.19810104370117 -10.768879890441895 0
vertex 60.24454879760742 -10.709063529968262 0
endloop
endfacet
facet normal 0 0 1
outer loop
vertex 56.81937026977539 -9.472095489501953 0
vertex 59.05313491821289 -12.37104606628418 0
vertex 60.19810104370117 -10.768879890441895 0
endloop
endfacet
facet normal 0 0 1
outer loop
vertex 56.81937026977539 -9.472095489501953 0
vertex 58.99656295776367 -12.451837539672852 0
vertex 59.05313491821289 -12.37104606628418 0
endloop
endfacet
facet normal 0 0 1
outer loop
vertex 56.81937026977539 -9.472095489501953 0
vertex 58.92289733886719 -12.609817504882812 0
vertex 58.99656295776367 -12.451837539672852 0
endloop
endfacet
facet normal 0 0 1
outer loop
vertex 56.81937026977539 -9.472095489501953 0
vertex 58.87778091430664 -12.778189659118652 0
vertex 58.92289733886719 -12.609817504882812 0
endloop
endfacet
facet normal 0 0 1
outer loop
vertex 56.81937026977539 -9.472095489501953 0
vertex 58.8626594543457 -12.963712692260742 0
vertex 58.87778091430664 -12.778189659118652 0
endloop
endfacet
facet normal -0.34393672012388293 0.9389928288067092 0
outer loop
vertex 40.979862213134766 53.36017990112305 -1
vertex 48.51426315307617 56.11989974975586 -1.100000023841858
vertex 48.51426315307617 56.11989974975586 -2.5
endloop
endfacet
facet normal -0.3439370820343067 0.9389926962428813 -0.000002061744842731398
outer loop
vertex 48.70508575439453 56.18979263305664 -3.5
vertex 40.979862213134766 53.36017990112305 -1
vertex 48.51426315307617 56.11989974975586 -2.5
endloop
endfacet
facet normal 0 0 1
outer loop
vertex 41.233238220214844 52.39673614501953 0
vertex 41.61327362060547 50.39727783203125 0
vertex 41.323795318603516 52.42118835449219 0
endloop
endfacet
facet normal 0 0 1
outer loop
vertex 40.96049118041992 52.325008392333984 0
vertex 41.61327362060547 50.39727783203125 0
vertex 41.233238220214844 52.39673614501953 0
endloop
endfacet
facet normal 0 0 1
outer loop
vertex 40.96049118041992 52.325008392333984 0
vertex 41.49129867553711 50.364898681640625 0
vertex 41.61327362060547 50.39727783203125 0
endloop
endfacet
facet normal 0 0 1
outer loop
vertex 40.88076400756836 52.30364227294922 0
vertex 41.49129867553711 50.364898681640625 0
vertex 40.96049118041992 52.325008392333984 0
endloop
endfacet
facet normal 1.2303307784219799e-12 4.591657114383296e-12 1
outer loop
vertex 64.67440032958984 25.599103927612305 -4.963883037251149e-12
vertex 58.625038146972656 26.138959884643555 0
vertex 61.65573501586914 25.326887130737305 0
endloop
endfacet
facet normal -3.088821725840449e-13 -5.643817577739456e-12 1
outer loop
vertex 64.25619506835938 26.10806655883789 -2.2205605409997276e-12
vertex 50.721309661865234 27.242271423339844 0
vertex 64.3298568725586 25.95008659362793 -3.0894178274648576e-12
endloop
endfacet
facet normal -0.34393652547771736 0.938992900102187 0
outer loop
vertex 59.13844680786133 60.011348724365234 -1
vertex 50.577022552490234 56.875450134277344 -6.126347064971924
vertex 50.577022552490234 56.875450134277344 -3.5
endloop
endfacet
facet normal -0.3439364420181289 0.9389929306699873 -0.000001923230504431474
outer loop
vertex 48.70508575439453 56.18979263305664 -3.5
vertex 48.51426315307617 56.11989974975586 -2.5
vertex 50.767845153808594 56.94534683227539 -2.5
endloop
endfacet
facet normal -0.3439365254777173 0.9389929001021868 0
outer loop
vertex 59.13844680786133 60.011348724365234 -5.719065189361572
vertex 50.577022552490234 56.875450134277344 -6.126347064971924
vertex 59.13844680786133 60.011348724365234 -1
endloop
endfacet
facet normal -3.088829184413312e-13 -5.643825432679291e-12 1
outer loop
vertex 50.721309661865234 27.242271423339844 0
vertex 64.42984008789062 25.80729866027832 -3.864404889836193e-12
vertex 64.3298568725586 25.95008659362793 -3.0894178274648576e-12
endloop
endfacet
facet normal -3.0888567819968177e-13 -5.643851797103963e-12 1
outer loop
vertex 50.721309661865234 27.242271423339844 0
vertex 64.5531005859375 25.68404197692871 -4.52197394112952e-12
vertex 64.42984008789062 25.80729866027832 -3.864404889836193e-12
endloop
endfacet
facet normal 0 0 1
outer loop
vertex 56.81937026977539 -9.472095489501953 0
vertex 56.81937026977539 -25.517738342285156 0
vertex 58.8626594543457 -12.963712692260742 0
endloop
endfacet
facet normal 0.8090165925228809 -0.5877858053939945 0
outer loop
vertex 72.01493835449219 -3.732537031173706 -1
vertex 72.15350341796875 -3.541818857192993 -13.548221588134766
vertex 72.15350341796875 -3.541818857192993 -1
endloop
endfacet
facet normal -0.3439364937491257 0.9389929117238094 0
outer loop
vertex 48.70508575439453 56.18979263305664 -6.21539831161499
vertex 40.979862213134766 53.36017990112305 -1
vertex 48.70508575439453 56.18979263305664 -3.5
endloop
endfacet
facet normal 0 0 1
outer loop
vertex -59.554080963134766 -58.643856048583984 0
vertex -64.65408325195312 -58.643856048583984 0
vertex -59.554080963134766 -58.842037200927734 0
endloop
endfacet
facet normal -0.2543348350228713 0.967116224501424 0
outer loop
vertex 40.979862213134766 53.36017990112305 -1
vertex 40.707115173339844 53.2884521484375 -6.639016151428223
vertex 40.707115173339844 53.2884521484375 -1
endloop
endfacet
facet normal -0.3439361694887771 0.9389930304944176 5.447443003049283e-7
outer loop
vertex 48.70508575439453 56.18979263305664 -6.21539831161499
vertex 41.25299835205078 53.460227966308594 -6.577949047088623
vertex 40.979862213134766 53.36017990112305 -1
endloop
endfacet
facet normal -0.3439459781631953 0.9389894376963794 0
outer loop
vertex 41.25299835205078 53.460227966308594 -6.577949047088623
vertex 40.979862213134766 53.36017990112305 -6.6109209060668945
vertex 40.979862213134766 53.36017990112305 -1
endloop
endfacet
facet normal -0.2543339038171629 0.9671164693919353 0
outer loop
vertex 40.979862213134766 53.36017990112305 -6.6109209060668945
vertex 40.91264343261719 53.34250259399414 -6.610375881195068
vertex 40.979862213134766 53.36017990112305 -1
endloop
endfacet
facet normal -0.2543604050364747 0.9671094996687633 3.3947557557866687e-7
outer loop
vertex 40.91264343261719 53.34250259399414 -6.610375881195068
vertex 40.84572219848633 53.32490158081055 -6.62559175491333
vertex 40.979862213134766 53.36017990112305 -1
endloop
endfacet
facet normal -0.25432291994519474 0.9671193578820405 -6.161628947037538e-7
outer loop
vertex 40.84572219848633 53.32490158081055 -6.62559175491333
vertex 40.707115173339844 53.2884521484375 -6.639016151428223
vertex 40.979862213134766 53.36017990112305 -1
endloop
endfacet
facet normal -3.0888423576782883e-13 -5.6438389932028054e-12 1
outer loop
vertex 50.721309661865234 27.242271423339844 0
vertex 64.67440032958984 25.599103927612305 -4.963883037251149e-12
vertex 64.5531005859375 25.68404197692871 -4.52197394112952e-12
endloop
endfacet
facet normal -8.123636748130332e-14 -1.7716943526689291e-12 1
outer loop
vertex 50.721309661865234 27.242271423339844 0
vertex 64.19588470458984 26.45008659362793 -3.088838592454207e-13
vertex 64.20510864257812 26.555524826049805 -1.2133021909215003e-13
endloop
endfacet
facet normal 0.996917273291658 -0.07845986370575621 0
outer loop
vertex 75.84323120117188 6.310582160949707 -1
vertex 75.99937438964844 8.294549942016602 -12.13382339477539
vertex 75.99937438964844 8.294549942016602 -1
endloop
endfacet
facet normal 0 -1 0
outer loop
vertex 20.61937141418457 -62.78757858276367 -11.449999809265137
vertex 58.641056060791016 -62.78757858276367 -21.15611457824707
vertex 32.6193733215332 -62.78757858276367 -11.449999809265137
endloop
endfacet
facet normal 0 -1 0
outer loop
vertex 58.641056060791016 -62.78757858276367 -21.15611457824707
vertex 20.61937141418457 -62.78757858276367 -11.449999809265137
vertex 20.045347213745117 -62.78757858276367 -11.335819244384766
endloop
endfacet
facet normal 0.9969170368100413 -0.07846286840025957 -5.387315630564356e-7
outer loop
vertex 75.76541900634766 5.321932315826416 -1
vertex 75.99937438964844 8.294549942016602 -12.13382339477539
vertex 75.84323120117188 6.310582160949707 -1
endloop
endfacet
facet normal 0 -1 0
outer loop
vertex 20.045347213745117 -62.78757858276367 -11.335819244384766
vertex -43.68532180786133 -62.78757858276367 -1
vertex 58.641056060791016 -62.78757858276367 -21.15611457824707
endloop
endfacet
facet normal -3.0888211814354257e-13 -5.643808075890844e-12 1
outer loop
vertex 50.721309661865234 27.242271423339844 0
vertex 64.21107482910156 26.276437759399414 -1.2842325943993038e-12
vertex 64.19588470458984 26.45008659362793 -3.088838592454207e-13
endloop
endfacet
facet normal -3.0888647111732073e-13 -5.6438688737240925e-12 1
outer loop
vertex 50.721309661865234 27.242271423339844 0
vertex 64.25619506835938 26.10806655883789 -2.2205605409997276e-12
vertex 64.21107482910156 26.276437759399414 -1.2842325943993038e-12
endloop
endfacet
facet normal 0.7604063718362634 -0.6494475726883658 0
outer loop
vertex 70.64850616455078 -5.332425594329834 -1
vertex 72.01493835449219 -3.732537031173706 -13.560688972473145
vertex 72.01493835449219 -3.732537031173706 -1
endloop
endfacet
facet normal 1 0 0
outer loop
vertex 75.99937438964844 8.530290603637695 -12.123006820678711
vertex 75.99937438964844 8.294549942016602 -1
vertex 75.99937438964844 8.294549942016602 -12.13382339477539
endloop
endfacet
facet normal 0.9969172014012424 -0.07846077714574365 2.307068677513696e-8
outer loop
vertex 75.76541900634766 5.321932315826416 -1
vertex 75.76632690429688 5.333464622497559 -12.501131057739258
vertex 75.99937438964844 8.294549942016602 -12.13382339477539
endloop
endfacet
facet normal 0.9882588003664653 -0.15278921263700146 0
outer loop
vertex 75.76632690429688 5.333464622497559 -12.501131057739258
vertex 75.72854614257812 5.089094161987305 -1
vertex 75.72854614257812 5.089094161987305 -12.511608123779297
endloop
endfacet
facet normal 2.2748947411986453e-12 1.6296530704173345e-11 1
outer loop
vertex 50.721309661865234 27.242271423339844 0
vertex 58.625038146972656 26.138959884643555 0
vertex 64.67440032958984 25.599103927612305 -4.963883037251149e-12
endloop
endfacet
facet normal 0.9723475467110088 -0.23353853599361166 -0.00002471928735235196
outer loop
vertex 75.03245544433594 2.1896727085113525 -1
vertex 75.03129577636719 2.186100959777832 -12.871674537658691
vertex 75.72854614257812 5.089094161987305 -12.511608123779297
endloop
endfacet
facet normal 0.9510584531180156 -0.30901103338354624 0
outer loop
vertex 75.03129577636719 2.186100959777832 -12.871674537658691
vertex 74.95960998535156 1.9654700756072998 -1
vertex 74.95960998535156 1.9654700756072998 -12.881548881530762
endloop
endfacet
facet normal 0.7604043600364452 -0.6494499281989062 0
outer loop
vertex 70.07840728759766 -5.999922275543213 -1
vertex 70.07840728759766 -5.999922275543213 -13.839173316955566
vertex 70.64850616455078 -5.332425594329834 -1
endloop
endfacet
facet normal 0.707104758468645 -0.707108803898664 0
outer loop
vertex 69.91171264648438 -6.166615962982178 -1
vertex 70.07840728759766 -5.999922275543213 -13.839173316955566
vertex 70.07840728759766 -5.999922275543213 -1
endloop
endfacet
facet normal 0.7604058133059478 0.6494482266436025 0
outer loop
vertex 72.01493835449219 20.557376861572266 -1
vertex 70.07840728759766 22.82476234436035 -10.435941696166992
vertex 70.07840728759766 22.82476234436035 -1
endloop
endfacet
facet normal 0.9876916648091786 -0.1564134554510148 -0.00007886917332387975
outer loop
vertex 75.72854614257812 5.089094161987305 -1
vertex 75.76632690429688 5.333464622497559 -12.501131057739258
vertex 75.76541900634766 5.321932315826416 -1
endloop
endfacet
facet normal 0 0 1
outer loop
vertex -7.12865686416626 55.18724822998047 0
vertex -7.8799872398376465 55.08755111694336 0
vertex 9.623565673828125 51.045257568359375 0
endloop
endfacet
facet normal 0.9995788414513087 -0.02901964373847386 -3.8899987394084996e-7
outer loop
vertex 72.64112854003906 36.40993881225586 -1
vertex 72.64848327636719 36.66337203979492 -8.463129997253418
vertex 72.67711639404297 37.649635314941406 -8.33532428741455
endloop
endfacet
facet normal 0.6494478182848096 -0.7604061620772815 0
outer loop
vertex 67.64432525634766 -8.10314655303955 -1
vertex 69.91171264648438 -6.166615962982178 -13.852532386779785
vertex 69.91171264648438 -6.166615962982178 -1
endloop
endfacet
facet normal 0.9291649383183881 0.3696654088746962 -0.00005367764716255334
outer loop
vertex 72.67711639404297 37.649635314941406 -8.33532428741455
vertex 72.57621002197266 37.903255462646484 -8.41109848022461
vertex 64.84846496582031 57.327537536621094 -5.888325214385986
endloop
endfacet
facet normal 0.5877956619961002 -0.8090094311802343 0
outer loop
vertex 67.45361328125 -8.241710662841797 -1
vertex 67.64432525634766 -8.10314655303955 -14.088233947753906
vertex 67.64432525634766 -8.10314655303955 -1
endloop
endfacet
facet normal 0.9236497096585795 -0.38323777371547013 -0.0001504833270645895
outer loop
vertex 73.80778503417969 -0.8104328513145447 -13.22659683227539
vertex 74.95960998535156 1.9654700756072998 -12.881548881530762
vertex 73.81851959228516 -0.7893621921539307 -1
endloop
endfacet
facet normal 0.999579173675026 -0.029008198067997024 0
outer loop
vertex 72.64112854003906 36.40993881225586 -8.399782180786133
vertex 72.64848327636719 36.66337203979492 -8.463129997253418
vertex 72.64112854003906 36.40993881225586 -1
endloop
endfacet
facet normal 0 0 1
outer loop
vertex -58.75408172607422 -58.643856048583984 0
vertex -58.75408172607422 -58.84565353393555 0
vertex -53.46274185180664 -58.60579299926758 0
endloop
endfacet
facet normal 0.9061579835183143 -0.42293936788314535 7.922588249689867e-7
outer loop
vertex 70.8443374633789 32.56028366088867 -1
vertex 70.92452239990234 32.7320671081543 -8.87342357635498
vertex 72.64112854003906 36.40993881225586 -8.399782180786133
endloop
endfacet
facet normal 0.9061440666970282 -0.4229691837353778 0
outer loop
vertex 70.8443374633789 32.56028366088867 -8.827786445617676
vertex 70.92452239990234 32.7320671081543 -8.87342357635498
vertex 70.8443374633789 32.56028366088867 -1
endloop
endfacet
facet normal 0.6712717010488382 -0.7412113756351817 3.2686537825516095e-8
outer loop
vertex 69.94702911376953 31.747644424438477 -1
vertex 70.05183410644531 31.842559814453125 -8.921003341674805
vertex 70.8443374633789 32.56028366088867 -8.827786445617676
endloop
endfacet
facet normal 0.6712411378499076 -0.7412390537859338 -7.033639424088142e-7
outer loop
vertex 70.02462768554688 31.817922592163086 -8.917566299438477
vertex 70.05183410644531 31.842559814453125 -8.921003341674805
vertex 69.94702911376953 31.747644424438477 -1
endloop
endfacet
facet normal 0.6712805657173755 -0.7412033473279517 0
outer loop
vertex 69.94702911376953 31.747644424438477 -8.8899507522583
vertex 70.02462768554688 31.817922592163086 -8.917566299438477
vertex 69.94702911376953 31.747644424438477 -1
endloop
endfacet
facet normal 0.33135159277502074 -0.9435073513043907 1.731861554830034e-7
outer loop
vertex 65.59707641601562 30.219980239868164 -1
vertex 66.85865020751953 30.66303253173828 -9.030817031860352
vertex 69.94702911376953 31.747644424438477 -8.8899507522583
endloop
endfacet
facet normal 0.33134229891712735 -0.9435106151740749 -0.0000014668652156167056
outer loop
vertex 65.59707641601562 30.219980239868164 -1
vertex 66.7707290649414 30.632156372070312 -9.037022590637207
vertex 66.85865020751953 30.66303253173828 -9.030817031860352
endloop
endfacet
facet normal 0.33135820003190397 -0.9435050308664569 0.0000011415763505250164
outer loop
vertex 65.59707641601562 30.219980239868164 -1
vertex 66.43550872802734 30.514427185058594 -9.10076904296875
vertex 66.7707290649414 30.632156372070312 -9.037022590637207
endloop
endfacet
facet normal 0.3313502822955527 -0.9435078115323734 2.210162728270463e-7
outer loop
vertex 65.59707641601562 30.219980239868164 -1
vertex 66.07354736328125 30.387310028076172 -9.237428665161133
vertex 66.43550872802734 30.514427185058594 -9.10076904296875
endloop
endfacet
facet normal 0.522498338080502 -0.8526403032364313 0
outer loop
vertex 64.91120147705078 -9.799701690673828 -1
vertex 67.45361328125 -8.241710662841797 -14.102936744689941
vertex 67.45361328125 -8.241710662841797 -1
endloop
endfacet
facet normal 0 0 1
outer loop
vertex -7.8799872398376465 55.08755111694336 0
vertex -7.24124813079834 53.15477752685547 0
vertex 9.398140907287598 49.02799987792969 0
endloop
endfacet
facet normal 0.9723698295296436 -0.23344574234817786 0
outer loop
vertex 75.03245544433594 2.1896727085113525 -1
vertex 75.72854614257812 5.089094161987305 -12.511608123779297
vertex 75.72854614257812 5.089094161987305 -1
endloop
endfacet
facet normal 0.24022559857626768 0.9707163778522275 -0.0011728419013831272
outer loop
vertex -7.088996410369873 56.20127487182617 -6.2321343421936035
vertex -7.072361469268799 56.2034797668457 -1
vertex 5.556507110595703 53.078182220458984 -1
endloop
endfacet
facet normal 0.3313499678133359 -0.9435079219752535 2.0058246631913802e-7
outer loop
vertex 65.59707641601562 30.219980239868164 -1
vertex 65.65279388427734 30.239545822143555 -9.472526550292969
vertex 66.07354736328125 30.387310028076172 -9.237428665161133
endloop
endfacet
facet normal 0.331322815163644 -0.9435174572587608 0
outer loop
vertex 65.59707641601562 30.219980239868164 -9.513091087341309
vertex 65.65279388427734 30.239545822143555 -9.472526550292969
vertex 65.59707641601562 30.219980239868164 -1
endloop
endfacet
facet normal 0.8910015590162063 -0.4540002443068616 0
outer loop
vertex 73.71149444580078 -0.9994086623191833 -13.234243392944336
vertex 73.80778503417969 -0.8104328513145447 -13.22659683227539
vertex 73.71149444580078 -0.9994086623191833 -1
endloop
endfacet
facet normal 0.4539938360101808 -0.8910048242657057 0
outer loop
vertex 64.70115661621094 -9.906725883483887 -1
vertex 64.91120147705078 -9.799701690673828 -14.289034843444824
vertex 64.91120147705078 -9.799701690673828 -1
endloop
endfacet
facet normal 0 0 1
outer loop
vertex 55.641056060791016 -60.087581634521484 0
vertex 55.641056060791016 -61.087581634521484 0
vertex 57.1193733215332 -60.087581634521484 0
endloop
endfacet
facet normal 0.3826833577947015 -0.9238795633993376 1.471920007664785e-7
outer loop
vertex 61.946319580078125 -11.04781436920166 -1
vertex 64.70115661621094 -9.906725883483887 -14.283191680908203
vertex 63.00837707519531 -10.607895851135254 -1
endloop
endfacet
facet normal 0.9510594988045368 -0.30900781500418234 6.612670753288631e-8
outer loop
vertex 74.95960998535156 1.9654700756072998 -1
vertex 75.03129577636719 2.186100959777832 -12.871674537658691
vertex 75.03245544433594 2.1896727085113525 -1
endloop
endfacet
facet normal 0.9238793539806134 -0.3826838633759785 0
outer loop
vertex 73.81851959228516 -0.7893621921539307 -1
vertex 74.95960998535156 1.9654700756072998 -12.881548881530762
vertex 74.95960998535156 1.9654700756072998 -1
endloop
endfacet
facet normal 0 0 1
outer loop
vertex -7.24124813079834 53.15477752685547 0
vertex -11.212166786193848 53.23922348022461 0
vertex -7.516406059265137 53.1133918762207 0
endloop
endfacet
facet normal 0.3090181275156882 -0.951056148114662 0
outer loop
vertex 61.01059341430664 -11.351851463317871 -1
vertex 61.946319580078125 -11.04781436920166 -14.39360237121582
vertex 61.946319580078125 -11.04781436920166 -1
endloop
endfacet
facet normal 0 0 1
outer loop
vertex -11.212166786193848 53.23922348022461 0
vertex -7.24124813079834 53.15477752685547 0
vertex -7.8799872398376465 55.08755111694336 0
endloop
endfacet
facet normal 0 0 1
outer loop
vertex -11.715606689453125 52.588985443115234 0
vertex -9.88247299194336 51.68971633911133 0
vertex -7.516406059265137 53.1133918762207 0
endloop
endfacet
facet normal 0.8910045948921866 -0.45399428617659565 1.1599865464921666e-7
outer loop
vertex 73.71149444580078 -0.9994086623191833 -1
vertex 73.80778503417969 -0.8104328513145447 -13.22659683227539
vertex 73.81851959228516 -0.7893621921539307 -1
endloop
endfacet
facet normal 0.8124924677724967 -0.5829716886890464 0
outer loop
vertex 59.862586975097656 -12.951837539672852 -1
vertex 61.01059341430664 -11.351851463317871 -14.60874080657959
vertex 61.01059341430664 -11.351851463317871 -1
endloop
endfacet
facet normal 0 0 1
outer loop
vertex 58.993656158447266 -23.912452697753906 0
vertex 58.8626594543457 -12.963712692260742 0
vertex 56.81937026977539 -25.517738342285156 0
endloop
endfacet
facet normal 0 0 1
outer loop
vertex -11.212166786193848 53.23922348022461 0
vertex -11.715606689453125 52.588985443115234 0
vertex -7.516406059265137 53.1133918762207 0
endloop
endfacet
facet normal 0 0 1
outer loop
vertex 59.012386322021484 -24.098453521728516 0
vertex 56.81937026977539 -25.517738342285156 0
vertex 59.125709533691406 -24.650508880615234 0
endloop
endfacet
facet normal -0.004519786299485261 -0.9999897857133074 9.276701098939656e-7
outer loop
vertex -54.654083251953125 -59.864192962646484 -1
vertex -53.154083251953125 -59.870975494384766 -4
vertex -47.05900955200195 -59.898521423339844 -1
endloop
endfacet
facet normal 0 0 1
outer loop
vertex 56.81937026977539 -25.517738342285156 0
vertex 59.012386322021484 -24.098453521728516 0
vertex 58.993656158447266 -23.912452697753906 0
endloop
endfacet
facet normal 0 0 1
outer loop
vertex 56.81937026977539 -25.517738342285156 0
vertex 59.177886962890625 -24.82994270324707 0
vertex 59.125709533691406 -24.650508880615234 0
endloop
endfacet
facet normal 0 0 1
outer loop
vertex 59.177886962890625 -24.82994270324707 0
vertex 57.01728439331055 -25.99554443359375 0
vertex 57.81937026977539 -26.797630310058594 0
endloop
endfacet
facet normal 0 0 1
outer loop
vertex 56.81937026977539 -25.517738342285156 0
vertex 57.01728439331055 -25.99554443359375 0
vertex 59.177886962890625 -24.82994270324707 0
endloop
endfacet
facet normal 4.451398599933349e-16 -9.819815894553499e-15 1
outer loop
vertex -53.46274185180664 -58.60579299926758 0
vertex -58.75408172607422 -58.84565353393555 0
vertex -47.05449295043945 -58.89891815185547 -5.73100205123302e-15
endloop
endfacet
facet normal 0.8526401558919223 -0.522498578524955 0
outer loop
vertex 72.15350341796875 -3.541818857192993 -1
vertex 73.71149444580078 -0.9994086623191833 -13.234243392944336
vertex 73.71149444580078 -0.9994086623191833 -1
endloop
endfacet
facet normal 0 0 1
outer loop
vertex 43.929195404052734 -5.37637996673584 0
vertex 42.2808952331543 -7.012580394744873 0
vertex 46.26593017578125 -7.012580394744873 0
endloop
endfacet
facet normal 0 0 1
outer loop
vertex 49.24105453491211 -61.587581634521484 0
vertex 44.141056060791016 -61.587581634521484 0
vertex 49.24105453491211 -61.78757858276367 0
endloop
endfacet
facet normal 8.370164113444758e-16 -1.2526818308380369e-15 1
outer loop
vertex -53.30052947998047 -58.497406005859375 0
vertex -53.46274185180664 -58.60579299926758 0
vertex -47.05449295043945 -58.89891815185547 -5.73100205123302e-15
endloop
endfacet
facet normal 8.797537740911186e-16 -5.878473256961326e-16 1
outer loop
vertex -53.192142486572266 -58.33519744873047 0
vertex -53.30052947998047 -58.497406005859375 0
vertex -47.05449295043945 -58.89891815185547 -5.73100205123302e-15
endloop
endfacet
facet normal 9.16992929516714e-16 -1.823967474987192e-16 1
outer loop
vertex -53.154083251953125 -58.143856048583984 0
vertex -53.192142486572266 -58.33519744873047 0
vertex -47.05449295043945 -58.89891815185547 -5.73100205123302e-15
endloop
endfacet
facet normal 9.395716380837607e-16 0 1
outer loop
vertex -53.154083251953125 -57.143856048583984 0
vertex -53.154083251953125 -58.143856048583984 0
vertex -47.05449295043945 -58.89891815185547 -5.73100205123302e-15
endloop
endfacet
facet normal 1.1848238534163636e-15 7.917312623851226e-16 1
outer loop
vertex -53.21882629394531 -56.91257858276367 0
vertex -53.192142486572266 -56.952510833740234 0
vertex -47.05449295043945 -58.89891815185547 -5.73100205123302e-15
endloop
endfacet
facet normal 9.966089501681227e-16 1.9822901706194896e-16 1
outer loop
vertex -53.192142486572266 -56.952510833740234 0
vertex -53.154083251953125 -57.143856048583984 0
vertex -47.05449295043945 -58.89891815185547 -5.73100205123302e-15
endloop
endfacet
facet normal 0 0 1
outer loop
vertex 43.929195404052734 -5.37637996673584 0
vertex 41.7105712890625 -3.15775728225708 0
vertex 41.519371032714844 -6.2510576248168945 0
endloop
endfacet
facet normal 0 0 1
outer loop
vertex 41.519371032714844 -2.884695291519165 0
vertex 41.519371032714844 -6.2510576248168945 0
vertex 41.7105712890625 -3.15775728225708 0
endloop
endfacet
facet normal 0 -1 0
outer loop
vertex 50.041053771972656 -62.78757858276367 -4
vertex 50.78718185424805 -62.78757858276367 -1.6591570377349854
vertex 50.041053771972656 -62.78757858276367 -1.6661099195480347
endloop
endfacet
facet normal 0 0 1
outer loop
vertex 41.519371032714844 -6.2510576248168945 0
vertex 42.2808952331543 -7.012580394744873 0
vertex 43.929195404052734 -5.37637996673584 0
endloop
endfacet
facet normal 0 0 1
outer loop
vertex 50.721309661865234 27.242271423339844 0
vertex 55.49937057495117 26.41242027282715 0
vertex 58.625038146972656 26.138959884643555 0
endloop
endfacet
facet normal -0.13153614426251245 0.9913113752764827 0
outer loop
vertex -7.072361469268799 56.2034797668457 -1
vertex -8.199357032775879 56.05393981933594 -6.21101713180542
vertex -8.199357032775879 56.05393981933594 -1
endloop
endfacet
facet normal 0 0 1
outer loop
vertex -11.715606689453125 52.588985443115234 0
vertex -10.047913551330566 51.46598815917969 0
vertex -9.88247299194336 51.68971633911133 0
endloop
endfacet
facet normal 0 0 1
outer loop
vertex -11.715606689453125 52.588985443115234 0
vertex -13.917200088500977 44.08427810668945 0
vertex -10.047913551330566 51.46598815917969 0
endloop
endfacet
facet normal 0 -1 0
outer loop
vertex 50.78718185424805 -62.78757858276367 -1.6591570377349854
vertex 50.041053771972656 -62.78757858276367 -4
vertex 52.00686264038086 -62.78757858276367 -1.6254053115844727
endloop
endfacet
facet normal 0 -1 0
outer loop
vertex 52.00686264038086 -62.78757858276367 -1.6254053115844727
vertex 50.041053771972656 -62.78757858276367 -4
vertex 52.681968688964844 -62.78757858276367 -1.5949000120162964
endloop
endfacet
facet normal 0 -2.8852076152585403e-15 1
outer loop
vertex -43.9421501159668 -56.91257858276367 0
vertex -53.21882629394531 -56.91257858276367 0
vertex -47.05449295043945 -58.89891815185547 -5.73100205123302e-15
endloop
endfacet
facet normal 0 0 1
outer loop
vertex -13.917200088500977 44.08427810668945 0
vertex -12.856968879699707 40.19930648803711 0
vertex -10.047913551330566 51.46598815917969 0
endloop
endfacet
facet normal -0.13153822304413765 0.9913110994426428 4.574972192053522e-7
outer loop
vertex -7.088996410369873 56.20127487182617 -6.2321343421936035
vertex -8.199357032775879 56.05393981933594 -6.21101713180542
vertex -7.072361469268799 56.2034797668457 -1
endloop
endfacet
facet normal -0.4850643083433202 0.8744784827378066 0
outer loop
vertex -8.199357032775879 56.05393981933594 -1
vertex -11.87701416015625 54.013980865478516 -6.391138553619385
vertex -11.87701416015625 54.013980865478516 -1
endloop
endfacet
facet normal -0.7907085742667933 0.6121927397321997 3.976078749035229e-7
outer loop
vertex -11.87701416015625 54.013980865478516 -1
vertex -12.632173538208008 53.03861999511719 -6.411636829376221
vertex -12.195693016052246 53.60237503051758 -1
endloop
endfacet
facet normal -2.588176666857095e-12 5.158537852755368e-13 1
outer loop
vertex -44.9914436340332 -60.0930061340332 -3.4389058441164355e-12
vertex -43.18062973022461 -57.674102783203125 0
vertex -46.50123596191406 -59.07295227050781 -7.872713765622041e-12
endloop
endfacet
facet normal 9.524058058923342e-12 -1.492587940056925e-11 1
outer loop
vertex -43.9421501159668 -56.91257858276367 0
vertex -47.05449295043945 -58.89891815185547 -5.73100205123302e-15
vertex -46.88536071777344 -58.91371536254883 -1.8374175878715926e-12
endloop
endfacet
facet normal 9.52421390865724e-12 -1.492610861957803e-11 1
outer loop
vertex -43.9421501159668 -56.91257858276367 0
vertex -46.88536071777344 -58.91371536254883 -1.8374175878715926e-12
vertex -46.71699142456055 -58.958831787109375 -4.114415405598315e-12
endloop
endfacet
facet normal 9.524205604348738e-12 -1.492609735844074e-11 1
outer loop
vertex -43.9421501159668 -56.91257858276367 0
vertex -46.71699142456055 -58.958831787109375 -4.114415405598315e-12
vertex -46.55900955200195 -59.03249740600586 -6.7186074412250996e-12
endloop
endfacet
facet normal 9.52444260483142e-12 -1.4926389915373886e-11 1
outer loop
vertex -46.55900955200195 -59.03249740600586 -6.7186074412250996e-12
vertex -46.50123596191406 -59.07295227050781 -7.872713765622041e-12
vertex -43.9421501159668 -56.91257858276367 0
endloop
endfacet
facet normal -0.7907067267107244 0.6121951260296113 0
outer loop
vertex -12.632173538208008 53.03861999511719 -6.411636829376221
vertex -12.632173538208008 53.03861999511719 -1
vertex -12.195693016052246 53.60237503051758 -1
endloop
endfacet
facet normal -0.48506430834332026 0.8744784827378067 0
outer loop
vertex -8.199357032775879 56.05393981933594 -6.21101713180542
vertex -11.87701416015625 54.013980865478516 -6.391138553619385
vertex -8.199357032775879 56.05393981933594 -1
endloop
endfacet
facet normal -0.7907075063859573 0.6121941190054845 0
outer loop
vertex -11.87701416015625 54.013980865478516 -6.391138553619385
vertex -12.632173538208008 53.03861999511719 -6.411636829376221
vertex -11.87701416015625 54.013980865478516 -1
endloop
endfacet
facet normal -0.9680889273238434 0.2506069208799887 1.4622770629694934e-7
outer loop
vertex -12.632173538208008 53.03861999511719 -1
vertex -14.655192375183105 45.22374725341797 -7.435011386871338
vertex -14.885289192199707 44.33488464355469 -1
endloop
endfacet
facet normal -0.9680888981115724 0.2506070337263535 0
outer loop
vertex -12.632173538208008 53.03861999511719 -6.411636829376221
vertex -14.655192375183105 45.22374725341797 -7.435011386871338
vertex -12.632173538208008 53.03861999511719 -1
endloop
endfacet
facet normal -0.9680890243962896 0.250606545891028 9.095978122524708e-8
outer loop
vertex -14.655192375183105 45.22374725341797 -7.435011386871338
vertex -14.7279691696167 44.94261169433594 -7.484848976135254
vertex -14.885289192199707 44.33488464355469 -1
endloop
endfacet
facet normal -0.9680888863081056 0.2506070793228132 1.4430026194730824e-7
outer loop
vertex -14.7279691696167 44.94261169433594 -7.484848976135254
vertex -14.832310676574707 44.53954315185547 -7.644715309143066
vertex -14.885289192199707 44.33488464355469 -1
endloop
endfacet
facet normal 0 0 1
outer loop
vertex -44.3925666809082 -61.1070671081543 0
vertex -43.38040542602539 -61.78757858276367 0
vertex -43.18062973022461 -59.37752914428711 0
endloop
endfacet
facet normal 0 0 1
outer loop
vertex -43.38040542602539 -61.78757858276367 0
vertex -41.8806266784668 -60.087581634521484 0
vertex -42.77057647705078 -59.78757858276367 0
endloop
endfacet
facet normal 0 -1 0
outer loop
vertex 52.681968688964844 -62.78757858276367 -1.5949000120162964
vertex 50.041053771972656 -62.78757858276367 -4
vertex 53.39383316040039 -62.78757858276367 -1.5589157342910767
endloop
endfacet
facet normal 0 -1 0
outer loop
vertex 53.39383316040039 -62.78757858276367 -1.5589157342910767
vertex 50.041053771972656 -62.78757858276367 -4
vertex 54.141056060791016 -62.78757858276367 -1.5076520442962646
endloop
endfacet
facet normal 0 0 1
outer loop
vertex 50.721309661865234 27.242271423339844 0
vertex 50.58584213256836 27.216552734375 0
vertex 55.49937057495117 26.41242027282715 0
endloop
endfacet
facet normal 0 0 1
outer loop
vertex 55.49937057495117 26.41242027282715 0
vertex 49.254539489746094 27.228168487548828 0
vertex 52.37370300292969 26.138959884643555 0
endloop
endfacet
facet normal -4.835855460879932e-12 7.432722736470048e-12 1
outer loop
vertex -44.90643310546875 -60.152530670166016 -2.58536421438027e-12
vertex -44.78317642211914 -60.275787353515625 -1.0731799563595823e-12
vertex -43.18062973022461 -59.37752914428711 0
endloop
endfacet
facet normal 0 0 1
outer loop
vertex -44.68319320678711 -60.418575286865234 0
vertex -44.62555694580078 -60.542179107666016 0
vertex -43.18062973022461 -59.37752914428711 0
endloop
endfacet
facet normal -3.5062990372423623e-12 5.0607140796079195e-12 1
outer loop
vertex -43.18062973022461 -59.37752914428711 0
vertex -44.78317642211914 -60.275787353515625 -1.0731799563595823e-12
vertex -44.68319320678711 -60.418575286865234 0
endloop
endfacet
facet normal -4.835918099801314e-12 7.432862223243082e-12 1
outer loop
vertex -44.9914436340332 -60.0930061340332 -3.4389058441164355e-12
vertex -44.90643310546875 -60.152530670166016 -2.58536421438027e-12
vertex -43.18062973022461 -59.37752914428711 0
endloop
endfacet
facet normal 0 0 1
outer loop
vertex -44.62555694580078 -60.542179107666016 0
vertex -44.3925666809082 -61.1070671081543 0
vertex -43.18062973022461 -59.37752914428711 0
endloop
endfacet
facet normal -1.8990940134066554e-12 0 1
outer loop
vertex -43.18062973022461 -57.674102783203125 0
vertex -44.9914436340332 -60.0930061340332 -3.4389058441164355e-12
vertex -43.18062973022461 -59.37752914428711 0
endloop
endfacet
facet normal 0 0 1
outer loop
vertex -43.18062973022461 -59.37752914428711 0
vertex -43.38040542602539 -61.78757858276367 0
vertex -42.77057647705078 -59.78757858276367 0
endloop
endfacet
facet normal -1.6681426680248188e-12 -1.6681343118107014e-12 1
outer loop
vertex -43.9421501159668 -56.91257858276367 0
vertex -46.50123596191406 -59.07295227050781 -7.872713765622041e-12
vertex -43.18062973022461 -57.674102783203125 0
endloop
endfacet
facet normal 0 0 1
outer loop
vertex -41.8806266784668 -59.78757858276367 0
vertex -42.77057647705078 -59.78757858276367 0
vertex -41.8806266784668 -60.087581634521484 0
endloop
endfacet
facet normal 0 0 1
outer loop
vertex 50.58584213256836 27.216552734375 0
vertex 49.254539489746094 27.228168487548828 0
vertex 55.49937057495117 26.41242027282715 0
endloop
endfacet
facet normal 0 0 1
outer loop
vertex 49.254539489746094 27.228168487548828 0
vertex 49.01958465576172 27.27703857421875 0
vertex 52.37370300292969 26.138959884643555 0
endloop
endfacet
facet normal 0 0 1
outer loop
vertex 49.01958465576172 27.27703857421875 0
vertex 48.51956558227539 27.18549346923828 0
vertex 52.37370300292969 26.138959884643555 0
endloop
endfacet
facet normal 0 0 1
outer loop
vertex -13.945596694946289 43.99286651611328 0
vertex -12.856968879699707 40.19930648803711 0
vertex -13.917200088500977 44.08427810668945 0
endloop
endfacet
facet normal 0 0 1
outer loop
vertex -14.019264221191406 43.83488464355469 0
vertex -12.856968879699707 40.19930648803711 0
vertex -13.945596694946289 43.99286651611328 0
endloop
endfacet
facet normal 0 0 1
outer loop
vertex -14.119244575500488 43.69209671020508 0
vertex -12.856968879699707 40.19930648803711 0
vertex -14.019264221191406 43.83488464355469 0
endloop
endfacet
facet normal 0 0 1
outer loop
vertex -14.26181697845459 43.55531692504883 0
vertex -12.856968879699707 40.19930648803711 0
vertex -14.119244575500488 43.69209671020508 0
endloop
endfacet
facet normal -0.9999994163936191 0.0010803760555249263 0
outer loop
vertex -72.58124542236328 -55.16135025024414 -20.30626678466797
vertex -72.58124542236328 -55.16135025024414 -1
vertex -72.47338104248047 44.678253173828125 -1
endloop
endfacet
facet normal 0 0 1
outer loop
vertex -71.58103942871094 -54.97238540649414 0
vertex -71.30294036865234 -55.679866790771484 0
vertex -69.58062744140625 43.7943000793457 0
endloop
endfacet
facet normal 0 0 1
outer loop
vertex -69.58062744140625 43.7943000793457 0
vertex -71.30294036865234 -55.679866790771484 0
vertex -69.58062744140625 -54.594459533691406 0
endloop
endfacet
facet normal 0 0 1
outer loop
vertex -15.821032524108887 42.3060302734375 0
vertex -12.856968879699707 40.19930648803711 0
vertex -14.26181697845459 43.55531692504883 0
endloop
endfacet
facet normal 0 -1 0
outer loop
vertex -43.68532180786133 -62.78757858276367 -1
vertex 20.045347213745117 -62.78757858276367 -11.335819244384766
vertex 19.558712005615234 -62.78757858276367 -11.010660171508789
endloop
endfacet
facet normal 0 -1 0
outer loop
vertex -43.68532180786133 -62.78757858276367 -1
vertex 19.558712005615234 -62.78757858276367 -11.010660171508789
vertex 19.233552932739258 -62.78757858276367 -10.524024963378906
endloop
endfacet
facet normal 0 -1 0
outer loop
vertex -43.68532180786133 -62.78757858276367 -1
vertex 19.233552932739258 -62.78757858276367 -10.524024963378906
vertex 19.11937141418457 -62.78757858276367 -9.949999809265137
endloop
endfacet
facet normal 0 0 1
outer loop
vertex 48.51956558227539 27.18549346923828 0
vertex 47.73284149169922 26.684297561645508 0
vertex 52.37370300292969 26.138959884643555 0
endloop
endfacet
facet normal 0 -1 0
outer loop
vertex -43.68532180786133 -62.78757858276367 -1
vertex 19.11937141418457 -62.78757858276367 -9.949999809265137
vertex 19.11937141418457 -62.78757858276367 -4.949999809265137
endloop
endfacet
facet normal 0 -1 0
outer loop
vertex -43.68532180786133 -62.78757858276367 -1
vertex 19.11937141418457 -62.78757858276367 -4.949999809265137
vertex 19.233552932739258 -62.78757858276367 -4.375974655151367
endloop
endfacet
facet normal 0 -1 0
outer loop
vertex -43.68532180786133 -62.78757858276367 -1
vertex 19.233552932739258 -62.78757858276367 -4.375974655151367
vertex 19.558712005615234 -62.78757858276367 -3.8893399238586426
endloop
endfacet
facet normal 0 -1 0
outer loop
vertex -43.68532180786133 -62.78757858276367 -1
vertex 19.558712005615234 -62.78757858276367 -3.8893399238586426
vertex 20.045347213745117 -62.78757858276367 -3.564180612564087
endloop
endfacet
facet normal 0.9999294855824865 0.011875346847306588 0
outer loop
vertex 59.92978286743164 -18.609874725341797 -1
vertex 59.862586975097656 -12.951837539672852 -14.958555221557617
vertex 59.862586975097656 -12.951837539672852 -1
endloop
endfacet
facet normal 0 0 1
outer loop
vertex -41.8806266784668 -60.087581634521484 0
vertex -43.38040542602539 -61.78757858276367 0
vertex 44.141056060791016 -61.587581634521484 0
endloop
endfacet
facet normal 0.8526401558919222 -0.522498578524955 0
outer loop
vertex 72.15350341796875 -3.541818857192993 -13.548221588134766
vertex 73.71149444580078 -0.9994086623191833 -13.234243392944336
vertex 72.15350341796875 -3.541818857192993 -1
endloop
endfacet
facet normal 0 -1 0
outer loop
vertex -43.68532180786133 -62.78757858276367 -1
vertex 20.045347213745117 -62.78757858276367 -3.564180612564087
vertex 20.61937141418457 -62.78757858276367 -3.450000047683716
endloop
endfacet
facet normal 0 0 1
outer loop
vertex 52.37370300292969 26.138959884643555 0
vertex 47.604331970214844 26.634323120117188 0
vertex 49.34300994873047 25.326887130737305 0
endloop
endfacet
facet normal 0 0 1
outer loop
vertex 47.73284149169922 26.684297561645508 0
vertex 47.604331970214844 26.634323120117188 0
vertex 52.37370300292969 26.138959884643555 0
endloop
endfacet
facet normal 0 0 1
outer loop
vertex -15.821032524108887 42.3060302734375 0
vertex -15.945616722106934 42.22096252441406 0
vertex -12.856968879699707 40.19930648803711 0
endloop
endfacet
facet normal 0.8089884207912795 -0.5878245784456625 -9.003939970310274e-7
outer loop
vertex 72.01493835449219 -3.732537031173706 -1
vertex 72.12545013427734 -3.5804269313812256 -13.555704116821289
vertex 72.15350341796875 -3.541818857192993 -13.548221588134766
endloop
endfacet
facet normal 0 0 1
outer loop
vertex -15.945616722106934 42.22096252441406 0
vertex -16.103595733642578 42.14729690551758 0
vertex -12.856968879699707 40.19930648803711 0
endloop
endfacet
facet normal 0 0 1
outer loop
vertex -16.103595733642578 42.14729690551758 0
vertex -16.271968841552734 42.10218048095703 0
vertex -12.856968879699707 40.19930648803711 0
endloop
endfacet
facet normal 0 0 1
outer loop
vertex -16.413986206054688 42.08975601196289 0
vertex -12.856968879699707 40.19930648803711 0
vertex -16.271968841552734 42.10218048095703 0
endloop
endfacet
facet normal 0 0 1
outer loop
vertex -23.41427230834961 41.8659553527832 0
vertex -14.214947700500488 39.73741912841797 0
vertex -12.856968879699707 40.19930648803711 0
endloop
endfacet
facet normal 0 0 1
outer loop
vertex -12.856968879699707 40.19930648803711 0
vertex -14.214947700500488 39.73741912841797 0
vertex -13.735807418823242 39.642112731933594 0
endloop
endfacet
facet normal -0.999999416393619 0.0010803760555249263 0
outer loop
vertex -72.47338104248047 44.678253173828125 -7.430268287658691
vertex -72.58124542236328 -55.16135025024414 -20.30626678466797
vertex -72.47338104248047 44.678253173828125 -1
endloop
endfacet
facet normal -0.6245827956746678 0.7809585977162642 -5.12372437373792e-7
outer loop
vertex -14.885289192199707 44.33488464355469 -1
vertex -16.445615768432617 43.08698654174805 -8.058402061462402
vertex -15.603841781616211 43.76021194458008 -1
endloop
endfacet
facet normal 0.8090237640562502 -0.5877759345126821 0
outer loop
vertex 72.01493835449219 -3.732537031173706 -13.560688972473145
vertex 72.12545013427734 -3.5804269313812256 -13.555704116821289
vertex 72.01493835449219 -3.732537031173706 -1
endloop
endfacet
facet normal 0 0 1
outer loop
vertex -71.4736099243164 44.4693603515625 0
vertex -71.58103942871094 -54.97238540649414 0
vertex -69.58062744140625 43.7943000793457 0
endloop
endfacet
facet normal -0.6245854159741924 0.7809565020872449 0
outer loop
vertex -16.445615768432617 43.08698654174805 -8.058402061462402
vertex -16.445615768432617 43.08698654174805 -1
vertex -15.603841781616211 43.76021194458008 -1
endloop
endfacet
facet normal 0.760405788703753 -0.6494482554490393 -1.5040194292428725e-7
outer loop
vertex 70.07840728759766 -5.999922275543213 -13.839173316955566
vertex 72.01493835449219 -3.732537031173706 -13.560688972473145
vertex 70.64850616455078 -5.332425594329834 -1
endloop
endfacet
facet normal 0.7070910070300864 -0.707122554991036 -3.570721646884358e-7
outer loop
vertex 70.07840728759766 -5.999922275543213 -13.839173316955566
vertex 69.91171264648438 -6.166615962982178 -1
vertex 70.02509307861328 -6.053234100341797 -13.850255012512207
endloop
endfacet
facet normal 0.7071112418980371 -0.7071023204469179 0
outer loop
vertex 69.91171264648438 -6.166615962982178 -13.852532386779785
vertex 70.02509307861328 -6.053234100341797 -13.850255012512207
vertex 69.91171264648438 -6.166615962982178 -1
endloop
endfacet
facet normal -0.9680900229377332 0.25060268850995787 0
outer loop
vertex -14.832310676574707 44.53954315185547 -7.644715309143066
vertex -14.885289192199707 44.33488464355469 -7.770689010620117
vertex -14.885289192199707 44.33488464355469 -1
endloop
endfacet
facet normal -0.9167759029323168 0.39940198017833045 0.000045080635791972234
outer loop
vertex -71.97537994384766 45.821346282958984 -7.391325950622559
vertex -72.3645248413086 44.92812728881836 -7.5073347091674805
vertex -72.47338104248047 44.678253173828125 -7.430268287658691
endloop
endfacet
facet normal -0.6817368524972616 0.7315974731620452 -0.00003478559679652062
outer loop
vertex -71.80018615722656 45.984596252441406 -7.471689701080322
vertex -71.97537994384766 45.821346282958984 -7.391325950622559
vertex -68.88959503173828 48.69683837890625 -7.119431018829346
endloop
endfacet
facet normal -0.6245813106381951 0.7809597853932522 0
outer loop
vertex -14.885289192199707 44.33488464355469 -7.770689010620117
vertex -15.073762893676758 44.18415069580078 -7.735842227935791
vertex -14.885289192199707 44.33488464355469 -1
endloop
endfacet
facet normal 0.6494478182848096 -0.7604061620772815 0
outer loop
vertex 69.91171264648438 -6.166615962982178 -13.852532386779785
vertex 67.64432525634766 -8.10314655303955 -1
vertex 67.64432525634766 -8.10314655303955 -14.088233947753906
endloop
endfacet
facet normal 0.5877928688552007 -0.8090114605634268 -6.218448542776128e-8
outer loop
vertex 67.64432525634766 -8.10314655303955 -14.088233947753906
vertex 67.45361328125 -8.241710662841797 -1
vertex 67.5591812133789 -8.165008544921875 -14.102328300476074
endloop
endfacet
facet normal 0.5877979201754135 -0.8090077904677174 0
outer loop
vertex 67.45361328125 -8.241710662841797 -14.102936744689941
vertex 67.5591812133789 -8.165008544921875 -14.102328300476074
vertex 67.45361328125 -8.241710662841797 -1
endloop
endfacet
facet normal -0.3649987073562055 0.9310080252745518 -0.00002242049122109133
outer loop
vertex -68.7393569946289 48.7557373046875 -7.178161144256592
vertex -68.88959503173828 48.69683837890625 -7.119431018829346
vertex -67.82540130615234 49.114051818847656 -7.131624221801758
endloop
endfacet
facet normal 0.5224976639666566 -0.8526407163332951 -1.7991968144748424e-7
outer loop
vertex 64.91120147705078 -9.799701690673828 -1
vertex 64.99358367919922 -9.749215126037598 -14.29738712310791
vertex 67.45361328125 -8.241710662841797 -14.102936744689941
endloop
endfacet
facet normal 0.5225187761835965 -0.8526277784212737 0
outer loop
vertex 64.99358367919922 -9.749215126037598 -14.29738712310791
vertex 64.91120147705078 -9.799701690673828 -1
vertex 64.91120147705078 -9.799701690673828 -14.289034843444824
endloop
endfacet
facet normal 0.003066425549660677 0.9999952203378921 0.000395393119450828
outer loop
vertex -67.76880645751953 49.113887786865234 -7.1556830406188965
vertex -67.82540130615234 49.114051818847656 -7.131624221801758
vertex -60.154083251953125 49.08909225463867 -3.5
endloop
endfacet
facet normal -0.6245796923520274 0.7809610796329363 -7.424316426829768e-8
outer loop
vertex -15.073762893676758 44.18415069580078 -7.735842227935791
vertex -15.259599685668945 44.035526275634766 -7.752847194671631
vertex -14.885289192199707 44.33488464355469 -1
endloop
endfacet
facet normal -0.6245872006539308 0.780955074750729 6.081427679011271e-7
outer loop
vertex -15.259599685668945 44.035526275634766 -7.752847194671631
vertex -15.781593322753906 43.61804962158203 -7.807067394256592
vertex -14.885289192199707 44.33488464355469 -1
endloop
endfacet
facet normal -0.6245760773108276 0.7809639707744547 -0.000001793314245084909
outer loop
vertex -15.781593322753906 43.61804962158203 -7.807067394256592
vertex -15.937477111816406 43.49338150024414 -7.82133150100708
vertex -14.885289192199707 44.33488464355469 -1
endloop
endfacet
facet normal 0.4539938360101808 -0.8910048242657057 0
outer loop
vertex 64.70115661621094 -9.906725883483887 -14.283191680908203
vertex 64.91120147705078 -9.799701690673828 -14.289034843444824
vertex 64.70115661621094 -9.906725883483887 -1
endloop
endfacet
facet normal 0 0 1
outer loop
vertex 47.604331970214844 26.634323120117188 0
vertex 42.12765884399414 25.66864776611328 0
vertex 49.34300994873047 25.326887130737305 0
endloop
endfacet
facet normal 0.3826827520053568 -0.9238798143252219 0
outer loop
vertex 61.946319580078125 -11.04781436920166 -14.39360237121582
vertex 64.70115661621094 -9.906725883483887 -14.283191680908203
vertex 61.946319580078125 -11.04781436920166 -1
endloop
endfacet
facet normal 0.30902097129288475 -0.9510552241069673 2.1965183565617734e-7
outer loop
vertex 61.01059341430664 -11.351851463317871 -1
vertex 61.631187438964844 -11.150208473205566 -14.426373481750488
vertex 61.946319580078125 -11.04781436920166 -14.39360237121582
endloop
endfacet
facet normal 0 0 1
outer loop
vertex 25.809757232666016 49.82238006591797 0
vertex 41.49129867553711 50.364898681640625 0
vertex 40.88076400756836 52.30364227294922 0
endloop
endfacet
facet normal 0.30901674536344903 -0.9510565972038579 3.6991122249989635e-9
outer loop
vertex 61.01059341430664 -11.351851463317871 -1
vertex 61.29867172241211 -11.258249282836914 -14.495530128479004
vertex 61.631187438964844 -11.150208473205566 -14.426373481750488
endloop
endfacet
facet normal 0 0 1
outer loop
vertex 25.809757232666016 49.82238006591797 0
vertex 25.596996307373047 47.75946044921875 0
vertex 41.49129867553711 50.364898681640625 0
endloop
endfacet
facet normal 0 -1 0
outer loop
vertex 54.141056060791016 -62.78757858276367 -1.5076520442962646
vertex 50.041053771972656 -62.78757858276367 -4
vertex 58.641056060791016 -62.78757858276367 -1
endloop
endfacet
facet normal 0 0 1
outer loop
vertex 46.49937057495117 24.000877380371094 0
vertex 49.34300994873047 25.326887130737305 0
vertex 42.12765884399414 25.66864776611328 0
endloop
endfacet
facet normal 0.3090165886199063 -0.9510566481328626 0
outer loop
vertex 61.29867172241211 -11.258249282836914 -14.495530128479004
vertex 61.01059341430664 -11.351851463317871 -1
vertex 61.01059341430664 -11.351851463317871 -14.60874080657959
endloop
endfacet
facet normal 0.8124858681579754 -0.5829808865142128 -0.0000016381230624158708
outer loop
vertex 59.862586975097656 -12.951837539672852 -1
vertex 60.967315673828125 -11.412166595458984 -14.598569869995117
vertex 61.01059341430664 -11.351851463317871 -14.60874080657959
endloop
endfacet
facet normal 0 0 1
outer loop
vertex 46.49937057495117 24.000877380371094 0
vertex 41.519371032714844 24.943721771240234 0
vertex 43.929195404052734 22.20121955871582 0
endloop
endfacet
facet normal 0 0 1
outer loop
vertex -29.060985565185547 47.67271041870117 0
vertex -25.9311466217041 43.54542541503906 0
vertex -26.458698272705078 44.8801155090332 0
endloop
endfacet
facet normal 0 0 1
outer loop
vertex -29.060985565185547 47.67271041870117 0
vertex -28.180627822875977 43.7943000793457 0
vertex -25.9311466217041 43.54542541503906 0
endloop
endfacet
facet normal 0.0032562445280981656 0.9999946984217333 0
outer loop
vertex -67.76880645751953 49.113887786865234 -7.1556830406188965
vertex -60.154083251953125 49.08909225463867 -3.5
vertex -60.154083251953125 49.08909225463867 -7.162268161773682
endloop
endfacet
facet normal 0 0 1
outer loop
vertex -29.821029663085938 48.0046501159668 0
vertex -28.28719711303711 44.051578521728516 0
vertex -29.060985565185547 47.67271041870117 0
endloop
endfacet
facet normal 0 0 1
outer loop
vertex -29.821029663085938 48.0046501159668 0
vertex -30.498748779296875 46.11241912841797 0
vertex -30.241470336914062 46.00585174560547 0
endloop
endfacet
facet normal 0.8124928790201869 -0.5829711155293088 3.772979995540711e-8
outer loop
vertex 59.862586975097656 -12.951837539672852 -1
vertex 60.78448486328125 -11.666979789733887 -14.611376762390137
vertex 60.967315673828125 -11.412166595458984 -14.598569869995117
endloop
endfacet
facet normal 0.8124925705832344 -0.582971545400843 -2.3738717293906315e-8
outer loop
vertex 59.862586975097656 -12.951837539672852 -1
vertex 60.35464096069336 -12.266057014465332 -14.689183235168457
vertex 60.78448486328125 -11.666979789733887 -14.611376762390137
endloop
endfacet
facet normal 0.8124942305812263 -0.5829692318400673 1.5183081892603752e-7
outer loop
vertex 59.862586975097656 -12.951837539672852 -1
vertex 60.109920501708984 -12.607128143310547 -14.774513244628906
vertex 60.35464096069336 -12.266057014465332 -14.689183235168457
endloop
endfacet
facet normal 0.812491760424383 -0.582972674524704 2.1323242042325776e-8
outer loop
vertex 59.862586975097656 -12.951837539672852 -1
vertex 59.88344192504883 -12.922772407531738 -14.9368896484375
vertex 60.109920501708984 -12.607128143310547 -14.774513244628906
endloop
endfacet
facet normal 0.8124869174308871 -0.5829794241683447 0
outer loop
vertex 59.862586975097656 -12.951837539672852 -14.958555221557617
vertex 59.88344192504883 -12.922772407531738 -14.9368896484375
vertex 59.862586975097656 -12.951837539672852 -1
endloop
endfacet
facet normal 0.9999294202559134 0.01188084600113666 0.0000022293715963945726
outer loop
vertex 59.92978286743164 -18.609874725341797 -1
vertex 59.867210388183594 -13.340956687927246 -14.968463897705078
vertex 59.862586975097656 -12.951837539672852 -14.958555221557617
endloop
endfacet
facet normal 0 0 1
outer loop
vertex 41.519371032714844 24.943721771240234 0
vertex 46.49937057495117 24.000877380371094 0
vertex 42.12765884399414 25.66864776611328 0
endloop
endfacet
facet normal 0 0 1
outer loop
vertex -30.241470336914062 46.00585174560547 0
vertex -28.28719711303711 44.051578521728516 0
vertex -29.821029663085938 48.0046501159668 0
endloop
endfacet
facet normal 0 0 1
outer loop
vertex -28.28719711303711 44.051578521728516 0
vertex -28.180627822875977 43.7943000793457 0
vertex -29.060985565185547 47.67271041870117 0
endloop
endfacet
facet normal 0 0 1
outer loop
vertex 41.519371032714844 24.943721771240234 0
vertex 41.7105712890625 19.98259735107422 0
vertex 43.929195404052734 22.20121955871582 0
endloop
endfacet
facet normal 0.9304824756245934 0.36633640626550856 0
outer loop
vertex -25.00246238708496 43.91105651855469 -1
vertex -25.597732543945312 45.42302322387695 -7.433494567871094
vertex -25.597732543945312 45.42302322387695 -1
endloop
endfacet
facet normal 0.7316014373008133 0.6817325992934355 0
outer loop
vertex -25.597732543945312 45.42302322387695 -7.433494567871094
vertex -25.76494789123535 45.60247039794922 -7.505395889282227
vertex -25.597732543945312 45.42302322387695 -1
endloop
endfacet
facet normal 0.9304827961068827 0.3663355922498778 -2.2095892969898675e-7
outer loop
vertex -25.00246238708496 43.91105651855469 -1
vertex -25.325138092041016 44.73064041137695 -7.523419380187988
vertex -25.597732543945312 45.42302322387695 -7.433494567871094
endloop
endfacet
facet normal 0.40022960920071393 0.9164148950770299 0
outer loop
vertex -29.610809326171875 49.00404739379883 -7.140899658203125
vertex -29.610809326171875 49.00404739379883 -1
vertex -28.47074317932129 48.506141662597656 -1
endloop
endfacet
facet normal 0.7315955548625169 0.6817389119783366 0
outer loop
vertex -28.47074317932129 48.506141662597656 -7.128274440765381
vertex -28.47074317932129 48.506141662597656 -1
vertex -25.597732543945312 45.42302322387695 -1
endloop
endfacet
facet normal 0.4002279219022393 0.9164156319759146 0
outer loop
vertex -28.47074317932129 48.506141662597656 -7.128274440765381
vertex -28.631216049194336 48.57622528076172 -7.1964640617370605
vertex -28.47074317932129 48.506141662597656 -1
endloop
endfacet
facet normal 0.40022988272613963 0.9164147756191063 -6.046603650457635e-8
outer loop
vertex -28.631216049194336 48.57622528076172 -7.1964640617370605
vertex -29.610809326171875 49.00404739379883 -7.140899658203125
vertex -28.47074317932129 48.506141662597656 -1
endloop
endfacet
facet normal 0 0 1
outer loop
vertex 25.690080642700195 49.811912536621094 0
vertex 25.596996307373047 47.75946044921875 0
vertex 25.809757232666016 49.82238006591797 0
endloop
endfacet
facet normal 0 0 1
outer loop
vertex 25.32884407043457 49.79361343383789 0
vertex 25.596996307373047 47.75946044921875 0
vertex 25.690080642700195 49.811912536621094 0
endloop
endfacet
facet normal 0 0 1
outer loop
vertex 25.20880889892578 49.79945373535156 0
vertex 25.44013023376465 47.752891540527344 0
vertex 25.32884407043457 49.79361343383789 0
endloop
endfacet
facet normal 0.0028785416046597906 0.9999958569905328 0
outer loop
vertex -58.15436553955078 49.086212158203125 -7.15927791595459
vertex -58.15436553955078 49.086212158203125 -3.5
vertex -29.67420768737793 49.00423049926758 -7.169925212860107
endloop
endfacet
facet normal 0.0028881614852516715 0.9999958292529199 0
outer loop
vertex -29.610809326171875 49.00404739379883 -7.140899658203125
vertex -29.67420768737793 49.00423049926758 -7.169925212860107
vertex -29.610809326171875 49.00404739379883 -1
endloop
endfacet
facet normal 0.7315952136252907 0.681739278170509 3.442065200743598e-7
outer loop
vertex -25.76494789123535 45.60247039794922 -7.505395889282227
vertex -28.47074317932129 48.506141662597656 -7.128274440765381
vertex -25.597732543945312 45.42302322387695 -1
endloop
endfacet
facet normal 0 0 1
outer loop
vertex -16.413986206054688 42.08975601196289 0
vertex -23.41427230834961 41.8659553527832 0
vertex -12.856968879699707 40.19930648803711 0
endloop
endfacet
facet normal 0 0 1
outer loop
vertex 25.44013023376465 47.752891540527344 0
vertex 25.596996307373047 47.75946044921875 0
vertex 25.32884407043457 49.79361343383789 0
endloop
endfacet
facet normal 0 0 1
outer loop
vertex 41.519371032714844 24.943721771240234 0
vertex 41.519371032714844 19.709535598754883 0
vertex 41.7105712890625 19.98259735107422 0
endloop
endfacet
facet normal 0.5224978638921313 0.8526405938190839 0
outer loop
vertex 67.45361328125 25.066551208496094 -10.207736015319824
vertex 66.1258544921875 25.88020133972168 -10.119650840759277
vertex 67.45361328125 25.066551208496094 -1
endloop
endfacet
facet normal 0.6494476091790549 0.760406340670298 1.2831945012957573e-7
outer loop
vertex 69.91171264648438 22.991455078125 -1
vertex 69.7563247680664 23.124170303344727 -10.450060844421387
vertex 67.64432525634766 24.92798614501953 -10.21578598022461
endloop
endfacet
facet normal 0 0 1
outer loop
vertex -71.4736099243164 44.4693603515625 0
vertex -69.58062744140625 43.7943000793457 0
vertex -69.47406005859375 44.051578521728516 0
endloop
endfacet
facet normal -0.916775341517019 0.3994032713766291 0
outer loop
vertex -71.97537994384766 45.821346282958984 -7.391325950622559
vertex -72.47338104248047 44.678253173828125 -7.430268287658691
vertex -71.97537994384766 45.821346282958984 -1
endloop
endfacet
facet normal -0.6817384934162156 0.7315959449003177 0
outer loop
vertex -68.88959503173828 48.69683837890625 -7.119431018829346
vertex -71.97537994384766 45.821346282958984 -7.391325950622559
vertex -68.88959503173828 48.69683837890625 -1
endloop
endfacet
facet normal -0.36499848478438657 0.9310081128030528 0
outer loop
vertex -67.82540130615234 49.114051818847656 -7.131624221801758
vertex -68.88959503173828 48.69683837890625 -7.119431018829346
vertex -67.82540130615234 49.114051818847656 -1
endloop
endfacet
facet normal -0.9167753415170191 0.3994032713766291 0
outer loop
vertex -71.97537994384766 45.821346282958984 -1
vertex -72.47338104248047 44.678253173828125 -7.430268287658691
vertex -72.47338104248047 44.678253173828125 -1
endloop
endfacet
facet normal -0.6817384934162156 0.7315959449003177 0
outer loop
vertex -68.88959503173828 48.69683837890625 -1
vertex -71.97537994384766 45.821346282958984 -7.391325950622559
vertex -71.97537994384766 45.821346282958984 -1
endloop
endfacet
facet normal 0.7604063808879944 0.6494475620900785 -2.761716172990994e-7
outer loop
vertex 72.01493835449219 20.557376861572266 -1
vertex 71.8661117553711 20.731626510620117 -10.725287437438965
vertex 70.07840728759766 22.82476234436035 -10.435941696166992
endloop
endfacet
facet normal 0.002878629199209321 0.9999958567383834 0
outer loop
vertex -60.35407638549805 49.09254455566406 -1.100000023841858
vertex -67.82540130615234 49.114051818847656 -7.131624221801758
vertex -67.82540130615234 49.114051818847656 -1
endloop
endfacet
facet normal 0.9999294892157845 0.011875040911880267 3.937742767662988e-8
outer loop
vertex 59.99261474609375 -23.900588989257812 -1
vertex 59.867210388183594 -13.340956687927246 -14.968463897705078
vertex 59.92978286743164 -18.609874725341797 -1
endloop
endfacet
facet normal 0.707102735733384 0.7071108266165665 0
outer loop
vertex 69.91171264648438 22.991455078125 -10.433243751525879
vertex 70.07840728759766 22.82476234436035 -1
vertex 70.07840728759766 22.82476234436035 -10.435941696166992
endloop
endfacet
facet normal 0.6494521214806094 0.7604024867820567 0
outer loop
vertex 69.7563247680664 23.124170303344727 -10.450060844421387
vertex 69.91171264648438 22.991455078125 -1
vertex 69.91171264648438 22.991455078125 -10.433243751525879
endloop
endfacet
facet normal 0.5877801862938059 0.809020675014192 0
outer loop
vertex 67.64432525634766 24.92798614501953 -10.21578598022461
vertex 67.50509643554688 25.02914047241211 -10.217823028564453
vertex 67.64432525634766 24.92798614501953 -1
endloop
endfacet
facet normal -0.162506768571935 0.9867074288604032 0
outer loop
vertex 40.707115173339844 53.2884521484375 -6.639016151428223
vertex 25.935956954956055 50.8557014465332 -6.931928634643555
vertex 40.707115173339844 53.2884521484375 -1
endloop
endfacet
facet normal -0.16250674431821296 0.986707432854892 -6.203263453451186e-8
outer loop
vertex 25.647401809692383 50.80817794799805 -1
vertex 40.707115173339844 53.2884521484375 -1
vertex 25.935956954956055 50.8557014465332 -6.931928634643555
endloop
endfacet
facet normal -0.042799189614573914 0.9990836948766284 0
outer loop
vertex 25.647401809692383 50.80817794799805 -1
vertex 25.286043167114258 50.79269790649414 -6.986241817474365
vertex 25.286043167114258 50.79269790649414 -1
endloop
endfacet
facet normal 0.004465138543160718 0.999986756279789 -0.0025592582551228413
outer loop
vertex -60.154083251953125 49.08909225463867 -3.5
vertex -67.82540130615234 49.114051818847656 -7.131624221801758
vertex -60.35407638549805 49.09254455566406 -2.5
endloop
endfacet
facet normal -0.16250550276809553 0.9867076373324007 0
outer loop
vertex 25.935956954956055 50.8557014465332 -6.931928634643555
vertex 25.647401809692383 50.80817794799805 -6.960703372955322
vertex 25.647401809692383 50.80817794799805 -1
endloop
endfacet
facet normal -0.042789971756534095 0.99908408971257 -5.294473242013819e-7
outer loop
vertex 25.5559139251709 50.804256439208984 -6.955349922180176
vertex 25.37982749938965 50.796714782714844 -6.985244274139404
vertex 25.647401809692383 50.80817794799805 -1
endloop
endfacet
facet normal -0.04282437263888245 0.9990826157571187 0
outer loop
vertex 25.647401809692383 50.80817794799805 -6.960703372955322
vertex 25.5559139251709 50.804256439208984 -6.955349922180176
vertex 25.647401809692383 50.80817794799805 -1
endloop
endfacet
facet normal -0.04279175710423105 0.9990840132459985 -4.494857210169038e-7
outer loop
vertex 25.37982749938965 50.796714782714844 -6.985244274139404
vertex 25.286043167114258 50.79269790649414 -6.986241817474365
vertex 25.647401809692383 50.80817794799805 -1
endloop
endfacet
facet normal 0.002878629199209321 0.9999958567383833 0
outer loop
vertex -67.82540130615234 49.114051818847656 -7.131624221801758
vertex -60.35407638549805 49.09254455566406 -1.100000023841858
vertex -60.35407638549805 49.09254455566406 -2.5
endloop
endfacet
facet normal 0.5878471196313647 0.8089720415062082 -0.0000015446748549298044
outer loop
vertex 67.45361328125 25.066551208496094 -10.207736015319824
vertex 67.64432525634766 24.92798614501953 -1
vertex 67.50509643554688 25.02914047241211 -10.217823028564453
endloop
endfacet
facet normal 0.7603987689007573 0.6494564744878695 0
outer loop
vertex 72.01493835449219 20.557376861572266 -10.710451126098633
vertex 71.8661117553711 20.731626510620117 -10.725287437438965
vertex 72.01493835449219 20.557376861572266 -1
endloop
endfacet
facet normal 0.9802278311271945 0.19787217864990087 1.3409739411718543e-7
outer loop
vertex 60.1041259765625 -24.4530086517334 -1
vertex 59.99261474609375 -23.900588989257812 -16.440675735473633
vertex 60.06929016113281 -24.280437469482422 -1
endloop
endfacet
facet normal 0 0 1
outer loop
vertex 10.030153274536133 50.979740142822266 0
vertex 25.44013023376465 47.752891540527344 0
vertex 25.20880889892578 49.79945373535156 0
endloop
endfacet
facet normal 0.8090158936878067 0.5877867672553708 0
outer loop
vertex 72.01493835449219 20.557376861572266 -10.710451126098633
vertex 72.15350341796875 20.36665916442871 -1
vertex 72.15350341796875 20.36665916442871 -10.71662712097168
endloop
endfacet
facet normal 0.8526401850402245 0.5224985309592427 6.941974909993742e-8
outer loop
vertex 73.71149444580078 17.824247360229492 -1
vertex 73.58210754394531 18.035388946533203 -11.036456108093262
vertex 72.15350341796875 20.36665916442871 -10.71662712097168
endloop
endfacet
facet normal 0.8910031878304312 0.4539970476512037 0
outer loop
vertex 73.71149444580078 17.824247360229492 -11.024201393127441
vertex 73.81851959228516 17.61420249938965 -1
vertex 73.81851959228516 17.61420249938965 -11.033260345458984
endloop
endfacet
facet normal 0 0 1
outer loop
vertex -23.587921142578125 41.88114547729492 0
vertex -27.419105529785156 39.73741912841797 0
vertex -23.41427230834961 41.8659553527832 0
endloop
endfacet
facet normal 0 0 1
outer loop
vertex -23.75629234313965 41.92626190185547 0
vertex -27.419105529785156 39.73741912841797 0
vertex -23.587921142578125 41.88114547729492 0
endloop
endfacet
facet normal 0 0 1
outer loop
vertex -25.552165985107422 43.0756950378418 0
vertex -27.419105529785156 39.73741912841797 0
vertex -23.962112426757812 42.03342819213867 0
endloop
endfacet
facet normal 0 0 1
outer loop
vertex -27.419105529785156 39.73741912841797 0
vertex -23.91427230834961 41.99992752075195 0
vertex -23.962112426757812 42.03342819213867 0
endloop
endfacet
facet normal 0 0 1
outer loop
vertex -27.419105529785156 39.73741912841797 0
vertex -23.75629234313965 41.92626190185547 0
vertex -23.91427230834961 41.99992752075195 0
endloop
endfacet
facet normal 0.8526416551178666 0.5224961320027787 0
outer loop
vertex 73.71149444580078 17.824247360229492 -11.024201393127441
vertex 73.58210754394531 18.035388946533203 -11.036456108093262
vertex 73.71149444580078 17.824247360229492 -1
endloop
endfacet
facet normal 0.9238795532949597 0.3826833821888424 -1.1841317588793814e-7
outer loop
vertex 74.95960998535156 14.859369277954102 -1
vertex 74.8604736328125 15.098702430725098 -11.376605033874512
vertex 73.81851959228516 17.61420249938965 -11.033260345458984
endloop
endfacet
facet normal 0.0014402427963543126 0.999993956619973 -0.0031642414919151613
outer loop
vertex -60.154083251953125 49.08909225463867 -3.5
vertex -60.35407638549805 49.09254455566406 -2.5
vertex -58.15436553955078 49.086212158203125 -3.5
endloop
endfacet
facet normal 0.002878506948643316 0.9999958570901722 -4.882713205542848e-7
outer loop
vertex -58.15436553955078 49.086212158203125 -3.5
vertex -60.35407638549805 49.09254455566406 -2.5
vertex -57.95408630371094 49.085636138916016 -2.5
endloop
endfacet
facet normal 0 0 1
outer loop
vertex -27.419105529785156 39.73741912841797 0
vertex -14.214947700500488 39.73741912841797 0
vertex -23.41427230834961 41.8659553527832 0
endloop
endfacet
facet normal 0 0 1
outer loop
vertex -28.180627822875977 43.7943000793457 0
vertex -28.180627822875977 40.49894332885742 0
vertex -25.9311466217041 43.54542541503906 0
endloop
endfacet
facet normal 0.980228888389471 0.19786694106581337 0
outer loop
vertex 59.99261474609375 -23.900588989257812 -16.440675735473633
vertex 59.99261474609375 -23.900588989257812 -1
vertex 60.06929016113281 -24.280437469482422 -1
endloop
endfacet
facet normal 0 0 1
outer loop
vertex -25.76850700378418 43.26826858520508 0
vertex -28.180627822875977 40.49894332885742 0
vertex -25.64525032043457 43.14501190185547 0
endloop
endfacet
facet normal 0.9262396725137328 0.37693509926993635 1.2668669505364443e-7
outer loop
vertex 60.82667541503906 -26.22852897644043 -1
vertex 60.1041259765625 -24.4530086517334 -16.586322784423828
vertex 60.248233795166016 -24.80712890625 -1
endloop
endfacet
facet normal 0.9262416192719745 0.3769303154807674 0
outer loop
vertex 60.1041259765625 -24.4530086517334 -16.586322784423828
vertex 60.1041259765625 -24.4530086517334 -1
vertex 60.248233795166016 -24.80712890625 -1
endloop
endfacet
facet normal 0.9999294861622162 0.011875298030426796 2.3377677322093953e-7
outer loop
vertex 59.99261474609375 -23.900588989257812 -1
vertex 59.98563003540039 -23.312158584594727 -16.26349639892578
vertex 59.867210388183594 -13.340956687927246 -14.968463897705078
endloop
endfacet
facet normal 0 -1 0
outer loop
vertex 34.1193733215332 -62.78757858276367 -4.949999809265137
vertex 34.1193733215332 -62.78757858276367 -9.949999809265137
vertex 43.641056060791016 -62.78757858276367 -5
endloop
endfacet
facet normal 0 0 1
outer loop
vertex -71.1416015625 45.231422424316406 0
vertex -71.4736099243164 44.4693603515625 0
vertex -67.51979064941406 46.00585174560547 0
endloop
endfacet
facet normal 0 0 1
outer loop
vertex -67.51979064941406 46.00585174560547 0
vertex -71.4736099243164 44.4693603515625 0
vertex -69.47406005859375 44.051578521728516 0
endloop
endfacet
facet normal 0 0 1
outer loop
vertex -71.1416015625 45.231422424316406 0
vertex -67.51979064941406 46.00585174560547 0
vertex -67.26250457763672 46.11241912841797 0
endloop
endfacet
facet normal 0 0 1
outer loop
vertex -71.1416015625 45.231422424316406 0
vertex -67.26250457763672 46.11241912841797 0
vertex -68.34723663330078 47.835365295410156 0
endloop
endfacet
facet normal 0.5877930310770788 0.8090113426999602 1.6704965571919233e-7
outer loop
vertex 67.64432525634766 24.92798614501953 -1
vertex 67.45361328125 25.066551208496094 -10.207736015319824
vertex 67.56532287597656 24.98538589477539 -1
endloop
endfacet
facet normal 0.587802042884815 0.8090047950293238 0
outer loop
vertex 67.56532287597656 24.98538589477539 -1
vertex 67.45361328125 25.066551208496094 -10.207736015319824
vertex 67.45361328125 25.066551208496094 -1
endloop
endfacet
facet normal 0 0 1
outer loop
vertex 59.177886962890625 -24.82994270324707 0
vertex 57.81937026977539 -59.37752914428711 0
vertex 59.824241638183594 -26.418230056762695 0
endloop
endfacet
facet normal 0 0 1
outer loop
vertex 57.81937026977539 -26.797630310058594 0
vertex 57.81937026977539 -59.37752914428711 0
vertex 59.177886962890625 -24.82994270324707 0
endloop
endfacet
facet normal 0 0 1
outer loop
vertex -28.180627822875977 40.49894332885742 0
vertex -25.868488311767578 43.41105651855469 0
vertex -25.9311466217041 43.54542541503906 0
endloop
endfacet
facet normal 0 0 1
outer loop
vertex -28.180627822875977 40.49894332885742 0
vertex -25.76850700378418 43.26826858520508 0
vertex -25.868488311767578 43.41105651855469 0
endloop
endfacet
facet normal 0 0 1
outer loop
vertex -28.180627822875977 40.49894332885742 0
vertex -25.552165985107422 43.0756950378418 0
vertex -25.64525032043457 43.14501190185547 0
endloop
endfacet
facet normal 0 0 1
outer loop
vertex -28.180627822875977 40.49894332885742 0
vertex -27.419105529785156 39.73741912841797 0
vertex -25.552165985107422 43.0756950378418 0
endloop
endfacet
facet normal 0 0 1
outer loop
vertex 57.81937026977539 -59.37752914428711 0
vertex 59.39896011352539 -60.63352966308594 0
vertex 59.824241638183594 -26.418230056762695 0
endloop
endfacet
facet normal 0 0 1
outer loop
vertex 57.81937026977539 -59.37752914428711 0
vertex 57.40932083129883 -59.78757858276367 0
vertex 59.39896011352539 -60.63352966308594 0
endloop
endfacet
facet normal 0 0 1
outer loop
vertex 57.40932083129883 -59.78757858276367 0
vertex 57.1193733215332 -60.087581634521484 0
vertex 59.39896011352539 -60.63352966308594 0
endloop
endfacet
facet normal 0 0 1
outer loop
vertex 10.030153274536133 50.979740142822266 0
vertex 9.503636360168457 49.0108757019043 0
vertex 25.44013023376465 47.752891540527344 0
endloop
endfacet
facet normal -0.03170229042789463 0.9994973560652219 5.062280230476825e-7
outer loop
vertex -16.445615768432617 43.08698654174805 -1
vertex -22.84027099609375 42.88416290283203 -7.965970516204834
vertex -21.63194465637207 42.9224853515625 -1
endloop
endfacet
facet normal -0.031701009941409224 0.9994973966792522 -3.0409758257977123e-7
outer loop
vertex -21.63194465637207 42.9224853515625 -1
vertex -23.30259132385254 42.8694953918457 -8.037782669067383
vertex -23.41427230834961 42.8659553527832 -1
endloop
endfacet
facet normal 0 0 1
outer loop
vertex 59.39896011352539 -60.63352966308594 0
vertex 55.641056060791016 -61.087581634521484 0
vertex 58.23047637939453 -61.78757858276367 0
endloop
endfacet
facet normal 0.2402265062608647 0.9707161504074118 -0.0011751714401913582
outer loop
vertex 9.862921714782715 52.01245880126953 -1
vertex -7.088996410369873 56.20127487182617 -6.2321343421936035
vertex 5.556507110595703 53.078182220458984 -1
endloop
endfacet
facet normal 0.5497037129334114 0.8353596997624566 0
outer loop
vertex -24.18442726135254 43.37275314331055 -1
vertex -25.00246238708496 43.91105651855469 -7.830583572387695
vertex -25.00246238708496 43.91105651855469 -1
endloop
endfacet
facet normal 0.0028785418503164428 0.9999958569685303 -0.00000652616754388306
outer loop
vertex -67.82540130615234 49.114051818847656 -1
vertex -59.22609329223633 49.089298248291016 -1
vertex -60.35407638549805 49.09254455566406 -1.100000023841858
endloop
endfacet
facet normal 0.002878506948589533 0.9999958570714879 -0.000006132478716628592
outer loop
vertex -60.35407638549805 49.09254455566406 -1.100000023841858
vertex -59.22609329223633 49.089298248291016 -1
vertex -57.95408630371094 49.085636138916016 -1.100000023841858
endloop
endfacet
facet normal 0.6494479107506197 0.7604060831040576 0
outer loop
vertex 69.91171264648438 22.991455078125 -1
vertex 67.64432525634766 24.92798614501953 -10.21578598022461
vertex 67.64432525634766 24.92798614501953 -1
endloop
endfacet
facet normal 0.5497049931710198 0.8353588573079241 -2.1971408964004632e-7
outer loop
vertex -23.41427230834961 42.8659553527832 -1
vertex -25.00246238708496 43.91105651855469 -7.830583572387695
vertex -24.18442726135254 43.37275314331055 -1
endloop
endfacet
facet normal 0 0 1
outer loop
vertex -68.34723663330078 47.835365295410156 0
vertex -67.26250457763672 46.11241912841797 0
vertex -30.498748779296875 46.11241912841797 0
endloop
endfacet
facet normal 0 0 1
outer loop
vertex -67.63777160644531 48.11351013183594 0
vertex -68.34723663330078 47.835365295410156 0
vertex -30.498748779296875 46.11241912841797 0
endloop
endfacet
facet normal 0.549705370468464 0.8353586090284876 -3.454276801683666e-7
outer loop
vertex -24.609907150268555 43.65273666381836 -7.8093156814575195
vertex -25.00246238708496 43.91105651855469 -7.830583572387695
vertex -23.41427230834961 42.8659553527832 -1
endloop
endfacet
facet normal 0.0028785543252714467 0.999995856953911 9.871809621356423e-8
outer loop
vertex -29.67420768737793 49.00423049926758 -7.169925212860107
vertex -58.15436553955078 49.086212158203125 -3.5
vertex -29.610809326171875 49.00404739379883 -1
endloop
endfacet
facet normal 0.002878607500406171 0.999995856800717 -5.08409917513017e-7
outer loop
vertex -29.610809326171875 49.00404739379883 -1
vertex -58.15436553955078 49.086212158203125 -3.5
vertex -57.95408630371094 49.085636138916016 -2.5
endloop
endfacet
facet normal 0.0028785805942531852 0.9999958568782986 0
outer loop
vertex -29.610809326171875 49.00404739379883 -1
vertex -57.95408630371094 49.085636138916016 -2.5
vertex -57.95408630371094 49.085636138916016 -1.100000023841858
endloop
endfacet
facet normal 0.0028785981380374305 0.9999958568154337 -0.000004972533466143173
outer loop
vertex -57.95408630371094 49.085636138916016 -1.100000023841858
vertex -59.22609329223633 49.089298248291016 -1
vertex -29.610809326171875 49.00404739379883 -1
endloop
endfacet
facet normal 0.9304828340673678 0.36633549583121755 -2.3495038140460377e-7
outer loop
vertex -25.00246238708496 43.91105651855469 -1
vertex -25.15907096862793 44.308834075927734 -7.6315388679504395
vertex -25.325138092041016 44.73064041137695 -7.523419380187988
endloop
endfacet
facet normal 0 0 1
outer loop
vertex -29.821029663085938 48.0046501159668 0
vertex -67.63777160644531 48.11351013183594 0
vertex -30.498748779296875 46.11241912841797 0
endloop
endfacet
facet normal 0 0 1
outer loop
vertex 57.1193733215332 -59.78757858276367 0
vertex 57.1193733215332 -60.087581634521484 0
vertex 57.40932083129883 -59.78757858276367 0
endloop
endfacet
facet normal 0.9304814988900597 0.3663388871295374 0
outer loop
vertex -25.00246238708496 43.91105651855469 -1
vertex -25.00246238708496 43.91105651855469 -7.830583572387695
vertex -25.15907096862793 44.308834075927734 -7.6315388679504395
endloop
endfacet
facet normal -0.13153789453985543 0.9913111428682796 0.00001803350896096536
outer loop
vertex -8.104060173034668 56.066585540771484 -6.249627590179443
vertex -8.199357032775879 56.05393981933594 -6.21101713180542
vertex -7.088996410369873 56.20127487182617 -6.2321343421936035
endloop
endfacet
facet normal 0.9238777381594842 0.3826877642848222 0
outer loop
vertex 74.95960998535156 14.859369277954102 -11.367037773132324
vertex 74.8604736328125 15.098702430725098 -11.376605033874512
vertex 74.95960998535156 14.859369277954102 -1
endloop
endfacet
facet normal 0 0 1
outer loop
vertex 9.94815444946289 50.986915588378906 0
vertex 9.503636360168457 49.0108757019043 0
vertex 10.030153274536133 50.979740142822266 0
endloop
endfacet
facet normal 0 0 1
outer loop
vertex 9.70368766784668 51.026390075683594 0
vertex 9.503636360168457 49.0108757019043 0
vertex 9.94815444946289 50.986915588378906 0
endloop
endfacet
facet normal 0 0 1
outer loop
vertex 9.623565673828125 51.045257568359375 0
vertex 9.398140907287598 49.02799987792969 0
vertex 9.70368766784668 51.026390075683594 0
endloop
endfacet
facet normal 0.707102735733384 0.7071108266165664 0
outer loop
vertex 70.07840728759766 22.82476234436035 -1
vertex 69.91171264648438 22.991455078125 -10.433243751525879
vertex 69.91171264648438 22.991455078125 -1
endloop
endfacet
facet normal 0 0 1
outer loop
vertex 9.503636360168457 49.0108757019043 0
vertex 9.70368766784668 51.026390075683594 0
vertex 9.398140907287598 49.02799987792969 0
endloop
endfacet
facet normal -0.4850633873145238 0.8744789932768099 -0.000024587340494282218
outer loop
vertex -11.70583724975586 54.10892868041992 -6.463629722595215
vertex -11.87701416015625 54.013980865478516 -6.391138553619385
vertex -8.199357032775879 56.05393981933594 -6.21101713180542
endloop
endfacet
facet normal 0 0 1
outer loop
vertex 9.623565673828125 51.045257568359375 0
vertex -7.8799872398376465 55.08755111694336 0
vertex 9.398140907287598 49.02799987792969 0
endloop
endfacet
facet normal 0.9510593056623052 0.3090084094537461 0
outer loop
vertex 75.03245544433594 14.635167121887207 -11.378310203552246
vertex 74.95960998535156 14.859369277954102 -11.367037773132324
vertex 75.03245544433594 14.635167121887207 -1
endloop
endfacet
facet normal 0.9943859766232422 -0.10581365450565774 0.000003898463272212997
outer loop
vertex 65.19588470458984 26.45008659362793 -1
vertex 65.55372619628906 29.812599182128906 -9.417647361755371
vertex 65.59707641601562 30.219980239868164 -9.513091087341309
endloop
endfacet
facet normal 0.07752558610599751 0.9969903627913396 -3.3884361814444514e-7
outer loop
vertex 25.286043167114258 50.79269790649414 -1
vertex 10.2526216506958 51.96168899536133 -6.797510147094727
vertex 10.10738754272461 51.972984313964844 -1
endloop
endfacet
facet normal 0.07752545621923092 0.9969903728913334 0
outer loop
vertex 25.286043167114258 50.79269790649414 -6.986241817474365
vertex 10.2526216506958 51.96168899536133 -6.797510147094727
vertex 25.286043167114258 50.79269790649414 -1
endloop
endfacet
facet normal 0.23988484745981503 0.9708013493805935 0
outer loop
vertex 9.862921714782715 52.01245880126953 -6.7924485206604
vertex -7.088996410369873 56.20127487182617 -6.2321343421936035
vertex 9.862921714782715 52.01245880126953 -1
endloop
endfacet
facet normal 0.1594076411307016 0.9872128463250189 0
outer loop
vertex 10.10738754272461 51.972984313964844 -1
vertex 9.862921714782715 52.01245880126953 -6.7924485206604
vertex 9.862921714782715 52.01245880126953 -1
endloop
endfacet
facet normal 0.0775390308780636 0.9969893172399044 0
outer loop
vertex 10.2526216506958 51.96168899536133 -6.797510147094727
vertex 10.10738754272461 51.972984313964844 -6.799422740936279
vertex 10.10738754272461 51.972984313964844 -1
endloop
endfacet
facet normal 0.1593987641683012 0.987214279668613 0
outer loop
vertex 10.10738754272461 51.972984313964844 -6.799422740936279
vertex 9.97640609741211 51.99413299560547 -6.78690767288208
vertex 10.10738754272461 51.972984313964844 -1
endloop
endfacet
facet normal 0.15941790785392762 0.9872111884775613 -4.4459707547361194e-7
outer loop
vertex 9.97640609741211 51.99413299560547 -6.78690767288208
vertex 9.862921714782715 52.01245880126953 -6.7924485206604
vertex 10.10738754272461 51.972984313964844 -1
endloop
endfacet
facet normal 0.9943855664964996 -0.10581750865501101 0.0000023414503064211222
outer loop
vertex 65.19588470458984 26.45008659362793 -1
vertex 65.51043701171875 29.405803680419922 -9.394670486450195
vertex 65.55372619628906 29.812599182128906 -9.417647361755371
endloop
endfacet
facet normal -0.7907074469802687 0.6121941957057925 -0.000005838112598406934
outer loop
vertex -12.474135398864746 53.242740631103516 -6.491304874420166
vertex -12.632173538208008 53.03861999511719 -6.411636829376221
vertex -11.87701416015625 54.013980865478516 -6.391138553619385
endloop
endfacet
facet normal 0.9943812538490797 -0.1058580268446922 -0.000012086377320381488
outer loop
vertex 65.19588470458984 26.45008659362793 -1
vertex 65.49150848388672 29.22800064086914 -9.419020652770996
vertex 65.51043701171875 29.405803680419922 -9.394670486450195
endloop
endfacet
facet normal 0.9943854999019802 -0.10581813447224918 0.0000012254816968415963
outer loop
vertex 65.19588470458984 26.45008659362793 -1
vertex 65.35383605957031 27.934274673461914 -9.58704662322998
vertex 65.49150848388672 29.22800064086914 -9.419020652770996
endloop
endfacet
facet normal 0.5497046280534713 0.8353590975721576 -1.5861973627989134e-7
outer loop
vertex -23.41427230834961 42.8659553527832 -1
vertex -24.08067512512207 43.30447769165039 -7.854546546936035
vertex -24.609907150268555 43.65273666381836 -7.8093156814575195
endloop
endfacet
facet normal -0.0316818659136364 0.9994980036859655 0
outer loop
vertex -23.30259132385254 42.8694953918457 -8.037782669067383
vertex -23.41427230834961 42.8659553527832 -8.07973861694336
vertex -23.41427230834961 42.8659553527832 -1
endloop
endfacet
facet normal 0.5497036817653257 0.8353597202724378 0
outer loop
vertex -23.41427230834961 42.8659553527832 -8.07973861694336
vertex -23.71703338623047 43.065185546875 -7.933020114898682
vertex -23.41427230834961 42.8659553527832 -1
endloop
endfacet
facet normal 0.5497033327477314 0.8353599499413631 2.184126472073635e-8
outer loop
vertex -23.71703338623047 43.065185546875 -7.933020114898682
vertex -24.08067512512207 43.30447769165039 -7.854546546936035
vertex -23.41427230834961 42.8659553527832 -1
endloop
endfacet
facet normal -0.03171019931697685 0.9994971051762706 0.0000018794944835789267
outer loop
vertex -22.84027099609375 42.88416290283203 -7.965970516204834
vertex -23.30259132385254 42.8694953918457 -8.037782669067383
vertex -21.63194465637207 42.9224853515625 -1
endloop
endfacet
facet normal -0.03168511250915226 0.9994979006540454 -0.000015278697152466447
outer loop
vertex -22.76674461364746 42.88649368286133 -7.971334457397461
vertex -22.84027099609375 42.88416290283203 -7.965970516204834
vertex -16.445615768432617 43.08698654174805 -1
endloop
endfacet
facet normal -0.03170205414845877 0.9994973635596838 9.826821116460822e-8
outer loop
vertex -17.105915069580078 43.066043853759766 -7.948015213012695
vertex -22.76674461364746 42.88649368286133 -7.971334457397461
vertex -16.445615768432617 43.08698654174805 -1
endloop
endfacet
facet normal 0.9943848231243366 -0.10582449404541852 1.1384214771172395e-7
outer loop
vertex 65.19588470458984 26.45008659362793 -1
vertex 65.29059600830078 27.340036392211914 -9.747441291809082
vertex 65.35383605957031 27.934274673461914 -9.58704662322998
endloop
endfacet
facet normal 0.9943850021154652 -0.10582281213303647 2.8689504607311364e-7
outer loop
vertex 65.19588470458984 26.45008659362793 -1
vertex 65.24500274658203 26.911609649658203 -9.98111343383789
vertex 65.29059600830078 27.340036392211914 -9.747441291809082
endloop
endfacet
facet normal 0 0 1
outer loop
vertex 50.041053771972656 -61.587581634521484 0
vertex 50.041053771972656 -61.78757858276367 0
vertex 55.3323974609375 -61.54951858520508 0
endloop
endfacet
facet normal 0.5225005143346485 0.8526389696229854 -5.307961675768594e-7
outer loop
vertex 66.07064819335938 25.914031982421875 -10.110605239868164
vertex 67.45361328125 25.066551208496094 -1
vertex 66.1258544921875 25.88020133972168 -10.119650840759277
endloop
endfacet
facet normal 0.5224989196245556 0.8526399468656938 -1.9781908090481902e-7
outer loop
vertex 66.07064819335938 25.914031982421875 -10.110605239868164
vertex 65.6829605102539 26.151607513427734 -10.14822006225586
vertex 67.45361328125 25.066551208496094 -1
endloop
endfacet
facet normal -0.6245851270659617 0.7809567331470745 4.954660635197292e-7
outer loop
vertex -15.937477111816406 43.49338150024414 -7.82133150100708
vertex -16.2874813079834 43.21345901489258 -7.953816890716553
vertex -14.885289192199707 44.33488464355469 -1
endloop
endfacet
facet normal -0.6245902413294301 0.7809526428864071 0.000002186350830638521
outer loop
vertex -16.2874813079834 43.21345901489258 -7.953816890716553
vertex -16.445615768432617 43.08698654174805 -8.058402061462402
vertex -14.885289192199707 44.33488464355469 -1
endloop
endfacet
facet normal -0.03169571443027151 0.9994975646227232 0
outer loop
vertex -16.723854064941406 43.078163146972656 -7.975888729095459
vertex -16.445615768432617 43.08698654174805 -1
vertex -16.445615768432617 43.08698654174805 -8.058402061462402
endloop
endfacet
facet normal -0.03170485920347356 0.9994972745849559 3.6511265221216783e-7
outer loop
vertex -16.723854064941406 43.078163146972656 -7.975888729095459
vertex -17.105915069580078 43.066043853759766 -7.948015213012695
vertex -16.445615768432617 43.08698654174805 -1
endloop
endfacet
facet normal 0.5224937958137266 0.8526430867219902 0.000001166316305935075
outer loop
vertex 65.6829605102539 26.151607513427734 -10.14822006225586
vertex 65.24309539794922 26.421154022216797 -10.298346519470215
vertex 67.45361328125 25.066551208496094 -1
endloop
endfacet
facet normal 0.9943844146197093 -0.10582833250797308 0
outer loop
vertex 65.19588470458984 26.45008659362793 -1
vertex 65.19588470458984 26.45008659362793 -10.32469654083252
vertex 65.24500274658203 26.911609649658203 -9.98111343383789
endloop
endfacet
facet normal 0 -1 0
outer loop
vertex 54.141056060791016 -62.78757858276367 -1
vertex 54.141056060791016 -62.78757858276367 -1.5076520442962646
vertex 58.641056060791016 -62.78757858276367 -1
endloop
endfacet
facet normal 0.5225224774979188 0.8526255101212001 0
outer loop
vertex 65.24309539794922 26.421154022216797 -10.298346519470215
vertex 65.19588470458984 26.45008659362793 -10.32469654083252
vertex 65.19588470458984 26.45008659362793 -1
endloop
endfacet
facet normal 0 0 1
outer loop
vertex 55.3323974609375 -61.54951858520508 0
vertex 50.041053771972656 -61.78757858276367 0
vertex 58.23047637939453 -61.78757858276367 0
endloop
endfacet
facet normal 0 0 1
outer loop
vertex 57.1193733215332 -60.087581634521484 0
vertex 55.641056060791016 -61.087581634521484 0
vertex 59.39896011352539 -60.63352966308594 0
endloop
endfacet
facet normal 0 0 1
outer loop
vertex 55.641056060791016 -61.087581634521484 0
vertex 55.60299301147461 -61.27892303466797 0
vertex 58.23047637939453 -61.78757858276367 0
endloop
endfacet
facet normal 0 0 1
outer loop
vertex 55.60299301147461 -61.27892303466797 0
vertex 55.49460983276367 -61.44113540649414 0
vertex 58.23047637939453 -61.78757858276367 0
endloop
endfacet
facet normal 0 0 1
outer loop
vertex 55.49460983276367 -61.44113540649414 0
vertex 55.3323974609375 -61.54951858520508 0
vertex 58.23047637939453 -61.78757858276367 0
endloop
endfacet
facet normal -2.9728287168522457e-7 0.1287949032596309 -0.9916712524290769
outer loop
vertex 74.76329040527344 5.627579689025879 -13.484986305236816
vertex 60.095638275146484 11.269145011901855 -12.752274513244629
vertex 59.35609817504883 12.008686065673828 -12.656225204467773
endloop
endfacet
facet normal -5.294292771886144e-7 0.12879546632141095 -0.9916711793002609
outer loop
vertex 70.04193878173828 33.525543212890625 -9.861673355102539
vertex 69.43537139892578 32.97621154785156 -9.933018684387207
vertex 64.0084228515625 57.188262939453125 -6.788422584533691
endloop
endfacet
facet normal -2.6775095017404436e-8 0.12879558701581387 -0.9916711636249445
outer loop
vertex 71.2247543334961 -2.778517723083496 -14.57674789428711
vertex 60.69552230834961 4.41241979598999 -13.642807960510254
vertex 72.84115600585938 -0.17451705038547516 -14.238547325134277
endloop
endfacet
facet normal 2.5766556364626868e-8 0.12879571141589724 -0.9916711474681879
outer loop
vertex 71.2247543334961 -2.778517723083496 -14.57674789428711
vertex 69.22126007080078 -5.097170829772949 -14.877888679504395
vertex 60.095638275146484 3.555694103240967 -13.754076957702637
endloop
endfacet
facet normal -8.415757465763811e-7 0.12879439544613033 -0.9916713183817295
outer loop
vertex 61.19321823120117 -9.858099937438965 -15.496225357055664
vertex -16.04095458984375 42.70621871948242 -8.6693115234375
vertex -15.526613235473633 42.978851318359375 -8.633903503417969
endloop
endfacet
facet normal 4.6212134171503626e-7 0.12879627922770795 -0.9916710737219699
outer loop
vertex 61.19321823120117 -9.858099937438965 -15.496225357055664
vertex -16.59904670715332 42.538333892822266 -8.691116333007812
vertex -16.04095458984375 42.70621871948242 -8.6693115234375
endloop
endfacet
facet normal -3.478567655106235e-8 0.12879555371477389 -0.9916711679499932
outer loop
vertex 61.19321823120117 -9.858099937438965 -15.496225357055664
vertex -17.08458709716797 42.49091339111328 -8.697275161743164
vertex -16.59904670715332 42.538333892822266 -8.691116333007812
endloop
endfacet
facet normal 3.4356415092278803e-8 0.12879565538833176 -0.9916711547449027
outer loop
vertex 61.19321823120117 -9.858099937438965 -15.496225357055664
vertex -22.74541473388672 42.31135940551758 -8.720595359802246
vertex -17.08458709716797 42.49091339111328 -8.697275161743164
endloop
endfacet
facet normal -0.000007652054286967124 0.12878349338865766 -0.9916727342082465
outer loop
vertex 61.19321823120117 -9.858099937438965 -15.496225357055664
vertex -22.84027099609375 42.302093505859375 -8.721797943115234
vertex -22.74541473388672 42.31135940551758 -8.720595359802246
endloop
endfacet
facet normal 8.293240363777323e-7 0.12879693079447094 -0.9916709890973097
outer loop
vertex 61.19321823120117 -9.858099937438965 -15.496225357055664
vertex -23.42066764831543 42.35878372192383 -8.714435577392578
vertex -22.84027099609375 42.302093505859375 -8.721797943115234
endloop
endfacet
facet normal 6.354437128712168e-7 0.12879855516030003 -0.9916707781255912
outer loop
vertex -15.526613235473633 42.978851318359375 -8.633903503417969
vertex -15.320751190185547 43.14638900756836 -8.612143516540527
vertex 64.84234619140625 26.217689514160156 -10.810797691345215
endloop
endfacet
facet normal -2.1855291446081852e-7 0.12879457828146038 -0.9916712946361073
outer loop
vertex 64.84234619140625 26.217689514160156 -10.810797691345215
vertex -15.320751190185547 43.14638900756836 -8.612143516540527
vertex -14.798757553100586 43.563865661621094 -8.557923316955566
endloop
endfacet
facet normal -5.583852563345555e-8 0.12879531295582533 -0.9916711992190798
outer loop
vertex 64.84234619140625 26.217689514160156 -10.810797691345215
vertex -14.798757553100586 43.563865661621094 -8.557923316955566
vertex -14.55379581451416 43.76322555541992 -8.532031059265137
endloop
endfacet
facet normal 2.393223929335306e-7 0.12879662644639792 -0.9916710286259097
outer loop
vertex 64.84234619140625 26.217689514160156 -10.810797691345215
vertex -14.55379581451416 43.76322555541992 -8.532031059265137
vertex -14.183815002441406 44.21029281616211 -8.473966598510742
endloop
endfacet
facet normal -0.0000026198589264304642 0.12880472690465153 -0.9916699765144422
outer loop
vertex -13.908894538879395 44.7203483581543 -8.407722473144531
vertex 9.711543083190918 51.468692779541016 -7.531264781951904
vertex 9.845601081848145 51.428367614746094 -7.536502838134766
endloop
endfacet
facet normal 8.503651994686824e-7 0.12879264197251905 -0.9916715461144459
outer loop
vertex -13.908894538879395 44.7203483581543 -8.407722473144531
vertex 9.845601081848145 51.428367614746094 -7.536502838134766
vertex 10.20279312133789 51.39347839355469 -7.541033744812012
endloop
endfacet
facet normal -9.605850750936182e-10 0.12879566699956593 -0.9916711532368666
outer loop
vertex 25.33271026611328 50.2594108581543 -7.688323497772217
vertex -13.908894538879395 44.7203483581543 -8.407722473144531
vertex 10.20279312133789 51.39347839355469 -7.541033744812012
endloop
endfacet
facet normal -2.0651774623900606e-9 0.12879558382382586 -0.9916711640395115
outer loop
vertex 64.84234619140625 26.217689514160156 -10.810797691345215
vertex -14.183815002441406 44.21029281616211 -8.473966598510742
vertex 25.33271026611328 50.2594108581543 -7.688323497772217
endloop
endfacet
facet normal 1.8506891696648872e-7 0.12879643145836414 -0.9916710539506317
outer loop
vertex -15.526613235473633 42.978851318359375 -8.633903503417969
vertex 64.84234619140625 26.217689514160156 -10.810797691345215
vertex 65.21232604980469 25.770620346069336 -10.86886215209961
endloop
endfacet
facet normal 2.492448209503587e-7 0.12879580326801726 -0.9916711355386342
outer loop
vertex -26.43893051147461 45.284889221191406 -8.33440113067627
vertex -29.817354202270508 48.42155838012695 -7.927019119262695
vertex -29.049243927001953 48.086097717285156 -7.970587730407715
endloop
endfacet
facet normal 3.2621929558187977e-7 0.1287958847999009 -0.9916711249494483
outer loop
vertex -26.14078712463379 44.527618408203125 -8.432753562927246
vertex -29.817354202270508 48.42155838012695 -7.927019119262695
vertex -26.43893051147461 45.284889221191406 -8.33440113067627
endloop
endfacet
facet normal -0.0000013910015147820281 0.12878927647801205 -0.9916719831992509
outer loop
vertex 65.73966217041016 25.3631649017334 -10.921781539916992
vertex -15.526613235473633 42.978851318359375 -8.633903503417969
vertex 65.66315460205078 25.40372085571289 -10.91651439666748
endloop
endfacet
facet normal -4.966743397856679e-7 0.12879648268736502 -0.9916710472969938
outer loop
vertex -11.22588062286377 53.65109634399414 -7.2478203773498535
vertex -7.885704040527344 55.50386047363281 -7.007188320159912
vertex -11.7373685836792 52.99046325683594 -7.333621978759766
endloop
endfacet
facet normal -4.798885717093955e-7 0.12879645739066697 -0.9916710505824923
outer loop
vertex -7.885704040527344 55.50386047363281 -7.007188320159912
vertex -7.127111911773682 55.60451889038086 -6.994115352630615
vertex -11.7373685836792 52.99046325683594 -7.333621978759766
endloop
endfacet
facet normal 2.5587396080677706e-7 0.1287967581562462 -0.991671011519635
outer loop
vertex 65.66315460205078 25.40372085571289 -10.91651439666748
vertex -15.526613235473633 42.978851318359375 -8.633903503417969
vertex 65.21232604980469 25.770620346069336 -10.86886215209961
endloop
endfacet
facet normal -2.073575178822383e-8 0.1287955746479362 -0.9916711652312511
outer loop
vertex 25.33271026611328 50.2594108581543 -7.688323497772217
vertex 25.5559139251709 50.23760986328125 -7.691154956817627
vertex 64.56742858886719 26.727745056152344 -10.744553565979004
endloop
endfacet
facet normal 2.1701188060491927e-7 0.12879596261444448 -0.9916711148431074
outer loop
vertex 64.56742858886719 26.727745056152344 -10.744553565979004
vertex 25.5559139251709 50.23760986328125 -7.691154956817627
vertex 26.04712677001953 50.285587310791016 -7.6849236488342285
endloop
endfacet
facet normal 4.727820220744818e-7 0.12879687215959595 -0.9916709967129629
outer loop
vertex 74.76329040527344 5.627579689025879 -13.484986305236816
vertex 60.69552230834961 10.412420272827148 -12.863544464111328
vertex 60.095638275146484 11.269145011901855 -12.752274513244629
endloop
endfacet
facet normal -1.435427154865792e-7 0.12879541887661017 -0.991671185462388
outer loop
vertex 71.2247543334961 -2.778517723083496 -14.57674789428711
vertex 60.095638275146484 3.555694103240967 -13.754076957702637
vertex 60.69552230834961 4.41241979598999 -13.642807960510254
endloop
endfacet
facet normal -3.870858678072824e-8 0.12879539328710435 -0.9916711887858891
outer loop
vertex 74.76329040527344 5.627579689025879 -13.484986305236816
vertex 61.13752746582031 9.464540481567383 -12.986652374267578
vertex 60.69552230834961 10.412420272827148 -12.863544464111328
endloop
endfacet
facet normal 2.903316743873938e-8 0.12879564614679118 -0.99167115594517
outer loop
vertex 74.76329040527344 5.627579689025879 -13.484986305236816
vertex 58.49937057495117 12.608572006225586 -12.578313827514648
vertex 75.02117919921875 8.679854393005371 -13.0885648727417
endloop
endfacet
facet normal -1.4644408566293862e-7 0.12879538271800176 -0.9916711901585635
outer loop
vertex 66.87802124023438 -7.07529878616333 -15.134801864624023
vertex 56.541259765625 1.5035732984542847 -14.020601272583008
vertex 69.22126007080078 -5.097170829772949 -14.877888679504395
endloop
endfacet
facet normal -1.7804100300447674e-7 0.12879490669950663 -0.991671251982346
outer loop
vertex 61.13752746582031 9.464540481567383 -12.986652374267578
vertex 74.76329040527344 5.627579689025879 -13.484986305236816
vertex 61.40821838378906 8.45430850982666 -13.117857933044434
endloop
endfacet
facet normal 3.598483259014647e-8 0.1287956789212845 -0.9916711516885041
outer loop
vertex 74.03048706054688 2.6507270336151123 -13.871611595153809
vertex 61.49937057495117 7.41241979598999 -13.253175735473633
vertex 61.40821838378906 8.45430850982666 -13.117857933044434
endloop
endfacet
facet normal -4.050538450182795e-7 0.12879710328456148 -0.9916709666947713
outer loop
vertex -13.78706169128418 45.118629455566406 -8.35599422454834
vertex 9.711543083190918 51.468692779541016 -7.531264781951904
vertex -13.908894538879395 44.7203483581543 -8.407722473144531
endloop
endfacet
facet normal 2.6537197489475916e-8 0.12879553266223806 -0.9916711706842394
outer loop
vertex 9.711543083190918 51.468692779541016 -7.531264781951904
vertex -13.78706169128418 45.118629455566406 -8.35599422454834
vertex -11.7373685836792 52.99046325683594 -7.333621978759766
endloop
endfacet
facet normal 1.6536067651645368e-7 0.12879450823912805 -0.9916713037329526
outer loop
vertex -13.908894538879395 44.7203483581543 -8.407722473144531
vertex 25.33271026611328 50.2594108581543 -7.688323497772217
vertex -14.183815002441406 44.21029281616211 -8.473966598510742
endloop
endfacet
facet normal 2.9511875376142304e-8 0.12879557389395754 -0.9916711653291758
outer loop
vertex 9.711543083190918 51.468692779541016 -7.531264781951904
vertex -11.7373685836792 52.99046325683594 -7.333621978759766
vertex -7.127111911773682 55.60451889038086 -6.994115352630615
endloop
endfacet
facet normal 3.8034836794942784e-7 0.12879607916729424 -0.9916710997054353
outer loop
vertex 69.22126007080078 -5.097170829772949 -14.877888679504395
vertex 59.35609817504883 2.816153049468994 -13.850127220153809
vertex 60.095638275146484 3.555694103240967 -13.754076957702637
endloop
endfacet
facet normal -5.2627807485841874e-8 0.12879548939372104 -0.9916711763038337
outer loop
vertex 74.03048706054688 2.6507270336151123 -13.871611595153809
vertex 61.40821838378906 8.45430850982666 -13.117857933044434
vertex 74.76329040527344 5.627579689025879 -13.484986305236816
endloop
endfacet
facet normal -1.1285069294457104e-7 0.1287954745189501 -0.9916711782357223
outer loop
vertex 69.22126007080078 -5.097170829772949 -14.877888679504395
vertex 58.49937057495117 2.2162673473358154 -13.928038597106934
vertex 59.35609817504883 2.816153049468994 -13.850127220153809
endloop
endfacet
facet normal 1.2916038149886043e-7 0.12879582343450818 -0.9916711329194828
outer loop
vertex 69.22126007080078 -5.097170829772949 -14.877888679504395
vertex 57.551490783691406 1.7742640972137451 -13.985445022583008
vertex 58.49937057495117 2.2162673473358154 -13.928038597106934
endloop
endfacet
facet normal -2.3584462444896075e-7 0.12879521382879747 -0.9916712120933726
outer loop
vertex 69.22126007080078 -5.097170829772949 -14.877888679504395
vertex 56.541259765625 1.5035732984542847 -14.020601272583008
vertex 57.551490783691406 1.7742640972137451 -13.985445022583008
endloop
endfacet
facet normal 1.1904264047486515e-8 0.12879562819426113 -0.9916711582767976
outer loop
vertex -67.64102935791016 48.53043746948242 -7.912878036499023
vertex -23.42066764831543 42.35878372192383 -8.714435577392578
vertex 61.19321823120117 -9.858099937438965 -15.496225357055664
endloop
endfacet
facet normal 1.2380506588977226e-7 0.12879570294210343 -0.991671148568735
outer loop
vertex 56.541259765625 1.5035732984542847 -14.020601272583008
vertex 66.87802124023438 -7.07529878616333 -15.134801864624023
vertex 55.49937057495117 1.4124197959899902 -14.032440185546875
endloop
endfacet
facet normal -1.567054403773272e-7 0.12879533312729163 -0.9916711965992586
outer loop
vertex 66.87802124023438 -7.07529878616333 -15.134801864624023
vertex 54.457481384277344 1.5035732984542847 -14.020601272583008
vertex 55.49937057495117 1.4124197959899902 -14.032440185546875
endloop
endfacet
facet normal -9.352705872079231e-7 0.1287941234004949 -0.9916713537138315
outer loop
vertex 53.44725036621094 1.7742640972137451 -13.985445022583008
vertex 66.87802124023438 -7.07529878616333 -15.134801864624023
vertex 52.49937057495117 2.2162673473358154 -13.928038597106934
endloop
endfacet
facet normal 5.377595776332482e-7 0.12879632189893883 -0.9916710681798757
outer loop
vertex 53.44725036621094 1.7742640972137451 -13.985445022583008
vertex 54.457481384277344 1.5035732984542847 -14.020601272583008
vertex 66.87802124023438 -7.07529878616333 -15.134801864624023
endloop
endfacet
facet normal 6.103784244178278e-8 0.12879576777721605 -0.9916711401481209
outer loop
vertex 74.76262664794922 11.96630573272705 -12.66172981262207
vertex -15.526613235473633 42.978851318359375 -8.633903503417969
vertex 74.03048706054688 14.940449714660645 -12.275455474853516
endloop
endfacet
facet normal -4.6062554162037804e-8 0.1287954611398839 -0.9916711799733633
outer loop
vertex 75.02117919921875 8.679854393005371 -13.0885648727417
vertex -15.526613235473633 42.978851318359375 -8.633903503417969
vertex 74.76262664794922 11.96630573272705 -12.66172981262207
endloop
endfacet
facet normal -2.2241764038422607e-9 0.12879557495142296 -0.9916711651918354
outer loop
vertex 57.551490783691406 13.050575256347656 -12.520907402038574
vertex -15.526613235473633 42.978851318359375 -8.633903503417969
vertex 75.02117919921875 8.679854393005371 -13.0885648727417
endloop
endfacet
facet normal -7.618623971534432e-8 0.12879540998513286 -0.991671186617195
outer loop
vertex 55.49937057495117 13.412420272827148 -12.473912239074707
vertex -15.526613235473633 42.978851318359375 -8.633903503417969
vertex 56.541259765625 13.321266174316406 -12.485751152038574
endloop
endfacet
facet normal 0.000001014939430666745 0.1287980174351144 -0.9916708479650664
outer loop
vertex 56.541259765625 13.321266174316406 -12.485751152038574
vertex -15.526613235473633 42.978851318359375 -8.633903503417969
vertex 57.551490783691406 13.050575256347656 -12.520907402038574
endloop
endfacet
facet normal 4.972362177901732e-8 0.12879570743478913 -0.991671147985243
outer loop
vertex 54.457481384277344 13.321266174316406 -12.485751152038574
vertex -15.526613235473633 42.978851318359375 -8.633903503417969
vertex 55.49937057495117 13.412420272827148 -12.473912239074707
endloop
endfacet
facet normal 5.584696286024617e-7 0.12879560057006678 -0.9916711618643974
outer loop
vertex -71.32271575927734 -55.31829833984375 -21.400474548339844
vertex -71.60603332519531 -54.5975341796875 -21.30686378479004
vertex -71.49858856201172 44.86163330078125 -8.389372825622559
endloop
endfacet
facet normal -2.069613014907715e-8 0.12879559957018769 -0.9916711619944161
outer loop
vertex -68.71260070800781 -58.119285583496094 -21.764259338378906
vertex -71.32271575927734 -55.31829833984375 -21.400474548339844
vertex -71.49858856201172 44.86163330078125 -8.389372825622559
endloop
endfacet
facet normal -2.1693165584656572e-7 0.12879508863646583 -0.9916712283529647
outer loop
vertex 53.44725036621094 13.050575256347656 -12.520907402038574
vertex -15.526613235473633 42.978851318359375 -8.633903503417969
vertex 54.457481384277344 13.321266174316406 -12.485751152038574
endloop
endfacet
facet normal 0.0000010204647837061028 0.1287956272698598 -0.9916711583963315
outer loop
vertex -67.94635009765625 -58.45468521118164 -21.807819366455078
vertex -68.71260070800781 -58.119285583496094 -21.764259338378906
vertex -71.49858856201172 44.86163330078125 -8.389372825622559
endloop
endfacet
facet normal -3.6554209896939757e-9 0.12879559264255805 -0.9916711628941582
outer loop
vertex -47.66613006591797 -58.547645568847656 -21.81989288330078
vertex -67.94635009765625 -58.45468521118164 -21.807819366455078
vertex -71.49858856201172 44.86163330078125 -8.389372825622559
endloop
endfacet
facet normal -6.175165983327623e-7 0.12879545351442634 -0.9916711809635449
outer loop
vertex -47.09928894042969 -58.60300827026367 -21.827083587646484
vertex -47.66613006591797 -58.547645568847656 -21.81989288330078
vertex -71.49858856201172 44.86163330078125 -8.389372825622559
endloop
endfacet
facet normal 1.1991270818017516e-8 0.12879561682601945 -0.9916711597532748
outer loop
vertex 61.49937057495117 7.41241979598999 -13.253175735473633
vertex 74.03048706054688 2.6507270336151123 -13.871611595153809
vertex 61.40821838378906 6.370530605316162 -13.388493537902832
endloop
endfacet
facet normal 1.3164924377182963e-7 0.12879589933165425 -0.9916711230621434
outer loop
vertex 72.84115600585938 -0.17451705038547516 -14.238547325134277
vertex 61.13752746582031 5.360299110412598 -13.519700050354004
vertex 61.40821838378906 6.370530605316162 -13.388493537902832
endloop
endfacet
facet normal -5.9422322339605404e-8 0.12879550200403764 -0.9916711746660404
outer loop
vertex 72.84115600585938 -0.17451705038547516 -14.238547325134277
vertex 60.69552230834961 4.41241979598999 -13.642807960510254
vertex 61.13752746582031 5.360299110412598 -13.519700050354004
endloop
endfacet
facet normal -0.000002034431380667579 0.1287950963560977 -0.9916712273483005
outer loop
vertex -45.072715759277344 -59.7504768371582 -21.97611427307129
vertex -45.502723693847656 -59.40052032470703 -21.930662155151367
vertex -71.49858856201172 44.86163330078125 -8.389372825622559
endloop
endfacet
facet normal 0.0000013932253411273848 0.12879593680312723 -0.9916711181944665
outer loop
vertex -45.502723693847656 -59.40052032470703 -21.930662155151367
vertex -46.006038665771484 -59.06046676635742 -21.886497497558594
vertex -71.49858856201172 44.86163330078125 -8.389372825622559
endloop
endfacet
facet normal -7.221251050708868e-7 0.12879542925458567 -0.9916711841142736
outer loop
vertex -46.54119873046875 -58.77089309692383 -21.848888397216797
vertex -47.09928894042969 -58.60300827026367 -21.827083587646484
vertex -71.49858856201172 44.86163330078125 -8.389372825622559
endloop
endfacet
facet normal -9.809391240603155e-8 0.1287955770445166 -0.9916711649199852
outer loop
vertex -46.006038665771484 -59.06046676635742 -21.886497497558594
vertex -46.54119873046875 -58.77089309692383 -21.848888397216797
vertex -71.49858856201172 44.86163330078125 -8.389372825622559
endloop
endfacet
facet normal 7.430053378502431e-7 0.1287963870077927 -0.9916710597235289
outer loop
vertex 64.98002624511719 30.789541244506836 -10.217018127441406
vertex 41.043724060058594 52.77555847167969 -7.361533164978027
vertex 41.49095153808594 52.910091400146484 -7.344059944152832
endloop
endfacet
facet normal -1.7966802492959263e-8 0.12879559236112187 -0.9916711629307102
outer loop
vertex 64.98002624511719 30.789541244506836 -10.217018127441406
vertex 41.49095153808594 52.910091400146484 -7.344059944152832
vertex 49.10652542114258 55.68990707397461 -6.983025074005127
endloop
endfacet
facet normal 9.436091559894689e-7 0.12879619517868565 -0.9916710846377461
outer loop
vertex 64.98002624511719 30.789541244506836 -10.217018127441406
vertex 49.10652542114258 55.68990707397461 -6.983025074005127
vertex 49.25837326049805 55.608741760253906 -6.993566513061523
endloop
endfacet
facet normal -0.0000029904026188945724 0.1287937445271107 -0.9916714029161791
outer loop
vertex 64.98002624511719 30.789541244506836 -10.217018127441406
vertex 49.25837326049805 55.608741760253906 -6.993566513061523
vertex 49.44596481323242 55.55183792114258 -7.000957489013672
endloop
endfacet
facet normal 0.0000013855972968803746 0.12879644417342936 -0.9916710522982712
outer loop
vertex 64.98002624511719 30.789541244506836 -10.217018127441406
vertex 49.44596481323242 55.55183792114258 -7.000957489013672
vertex 49.641056060791016 55.532623291015625 -7.003452777862549
endloop
endfacet
facet normal -0.0000012261553270276154 0.1287948519287521 -0.9916712590950427
outer loop
vertex 64.98002624511719 30.789541244506836 -10.217018127441406
vertex 49.641056060791016 55.532623291015625 -7.003452777862549
vertex 49.836143493652344 55.55183792114258 -7.000957489013672
endloop
endfacet
facet normal 0.00000204241350542717 0.12879681772847018 -0.991671003780411
outer loop
vertex 64.98002624511719 30.789541244506836 -10.217018127441406
vertex 49.836143493652344 55.55183792114258 -7.000957489013672
vertex 50.023738861083984 55.608741760253906 -6.993566513061523
endloop
endfacet
facet normal -4.706042693188982e-7 0.1287953284811041 -0.9916711972025924
outer loop
vertex 64.98002624511719 30.789541244506836 -10.217018127441406
vertex 50.023738861083984 55.608741760253906 -6.993566513061523
vertex 50.196624755859375 55.70115280151367 -6.981564521789551
endloop
endfacet
facet normal -9.819656178791154e-8 0.12879554581457375 -0.9916711689760453
outer loop
vertex 64.98002624511719 30.789541244506836 -10.217018127441406
vertex 50.196624755859375 55.70115280151367 -6.981564521789551
vertex 50.34815979003906 55.82551574707031 -6.965412616729736
endloop
endfacet
facet normal 5.2615934628570774e-8 0.12879563249238332 -0.9916711577185675
outer loop
vertex 64.98002624511719 30.789541244506836 -10.217018127441406
vertex 50.34815979003906 55.82551574707031 -6.965412616729736
vertex 50.4725227355957 55.97705078125 -6.9457316398620605
endloop
endfacet
facet normal -9.920646593416842e-7 0.1287950407585344 -0.9916712345707238
outer loop
vertex 64.98002624511719 30.789541244506836 -10.217018127441406
vertex 50.4725227355957 55.97705078125 -6.9457316398620605
vertex 50.56493377685547 56.149940490722656 -6.923277378082275
endloop
endfacet
facet normal 0.000004568930941679595 0.12879814924535624 -0.9916708308355631
outer loop
vertex 64.98002624511719 30.789541244506836 -10.217018127441406
vertex 50.56493377685547 56.149940490722656 -6.923277378082275
vertex 50.590240478515625 56.23336410522461 -6.912442207336426
endloop
endfacet
facet normal -0.00008046490892462188 0.12877529713832517 -0.991673795344182
outer loop
vertex -44.4107666015625 -60.7491455078125 -22.105817794799805
vertex -44.42781448364258 -60.707603454589844 -22.100421905517578
vertex -71.49858856201172 44.86163330078125 -8.389372825622559
endloop
endfacet
facet normal 8.982952010106316e-7 0.12879582003439471 -0.9916711333606827
outer loop
vertex -43.38595962524414 -61.43816375732422 -22.19530487060547
vertex -44.4107666015625 -60.7491455078125 -22.105817794799805
vertex -71.49858856201172 44.86163330078125 -8.389372825622559
endloop
endfacet
facet normal 0.0000015224792928020065 0.12879597995621656 -0.9916711125896528
outer loop
vertex -44.702735900878906 -60.19754409790039 -22.034177780151367
vertex -45.072715759277344 -59.7504768371582 -21.97611427307129
vertex -71.49858856201172 44.86163330078125 -8.389372825622559
endloop
endfacet
facet normal -3.540838754959761e-7 0.12879476838851647 -0.9916712699456524
outer loop
vertex 58.49937057495117 12.608572006225586 -12.578313827514648
vertex 74.76329040527344 5.627579689025879 -13.484986305236816
vertex 59.35609817504883 12.008686065673828 -12.656225204467773
endloop
endfacet
facet normal 0.000006981452738227252 0.12879734919416225 -0.991670934731787
outer loop
vertex -71.49858856201172 44.86163330078125 -8.389372825622559
vertex -44.42781448364258 -60.707603454589844 -22.100421905517578
vertex -44.702735900878906 -60.19754409790039 -22.034177780151367
endloop
endfacet
facet normal -1.4201662719885391e-8 0.12879558271366592 -0.991671164183696
outer loop
vertex -43.38595962524414 -61.43816375732422 -22.19530487060547
vertex -71.49858856201172 44.86163330078125 -8.389372825622559
vertex 26.61937141418457 -41.087581634521484 -19.552227020263672
endloop
endfacet
facet normal 1.4970321754156818e-8 0.12879561756546373 -0.9916711596572378
outer loop
vertex -67.64102935791016 48.53043746948242 -7.912878036499023
vertex 26.61937141418457 -27.08757972717285 -17.733943939208984
vertex 26.61937141418457 -41.087581634521484 -19.552227020263672
endloop
endfacet
facet normal -3.0340043209931076e-7 0.12880059321089843 -0.9916705134208783
outer loop
vertex 59.84959030151367 -26.00559425354004 -17.59341812133789
vertex 46.5813102722168 -26.896238327026367 -17.70909309387207
vertex 46.472923278808594 -26.734025955200195 -17.688024520874023
endloop
endfacet
facet normal -5.410892243458464e-7 0.12880748531551736 -0.991669618233008
outer loop
vertex 59.84959030151367 -26.00559425354004 -17.59341812133789
vertex 46.31071472167969 -26.625640869140625 -17.673948287963867
vertex 46.1193733215332 -26.58757972717285 -17.669004440307617
endloop
endfacet
facet normal 2.2038527692476666e-7 0.12879113414820642 -0.9916717419412384
outer loop
vertex 46.31071472167969 -26.625640869140625 -17.673948287963867
vertex 59.84959030151367 -26.00559425354004 -17.59341812133789
vertex 46.472923278808594 -26.734025955200195 -17.688024520874023
endloop
endfacet
facet normal 5.900912755361229e-8 0.12879528381274072 -0.9916712030040966
outer loop
vertex 59.84959030151367 -26.00559425354004 -17.59341812133789
vertex 46.6193733215332 -27.08757972717285 -17.733943939208984
vertex 46.5813102722168 -26.896238327026367 -17.70909309387207
endloop
endfacet
facet normal 0 0.12879493168832282 -0.9916712487368988
outer loop
vertex 27.11937141418457 -26.58757972717285 -17.669004440307617
vertex 59.84959030151367 -26.00559425354004 -17.59341812133789
vertex 46.1193733215332 -26.58757972717285 -17.669004440307617
endloop
endfacet
facet normal 1.1782687895751983e-7 0.12879584733612487 -0.9916711298152003
outer loop
vertex 52.49937057495117 12.608572006225586 -12.578313827514648
vertex -15.526613235473633 42.978851318359375 -8.633903503417969
vertex 53.44725036621094 13.050575256347656 -12.520907402038574
endloop
endfacet
facet normal 2.811216180170838e-7 0.1287966886923925 -0.9916710205414878
outer loop
vertex 57.551490783691406 13.050575256347656 -12.520907402038574
vertex 75.02117919921875 8.679854393005371 -13.0885648727417
vertex 58.49937057495117 12.608572006225586 -12.578313827514648
endloop
endfacet
facet normal -1.2384844072680064e-7 0.12879531740460712 -0.9916711986412791
outer loop
vertex 50.903106689453125 11.269145011901855 -12.752274513244629
vertex -15.526613235473633 42.978851318359375 -8.633903503417969
vertex 51.64264678955078 12.008686065673828 -12.656225204467773
endloop
endfacet
facet normal 3.5435805709623035e-7 0.12879630259695346 -0.9916710706868627
outer loop
vertex 50.303218841552734 10.412420272827148 -12.863544464111328
vertex -15.526613235473633 42.978851318359375 -8.633903503417969
vertex 50.903106689453125 11.269145011901855 -12.752274513244629
endloop
endfacet
facet normal -7.6495413446958e-8 0.12879544611636465 -0.9916711819245737
outer loop
vertex 49.8612174987793 9.464540481567383 -12.986652374267578
vertex -15.526613235473633 42.978851318359375 -8.633903503417969
vertex 50.303218841552734 10.412420272827148 -12.863544464111328
endloop
endfacet
facet normal -2.92950929043028e-7 0.12879503080799112 -0.9916712358635208
outer loop
vertex 49.59052658081055 8.45430850982666 -13.117857933044434
vertex -15.526613235473633 42.978851318359375 -8.633903503417969
vertex 49.8612174987793 9.464540481567383 -12.986652374267578
endloop
endfacet
facet normal -1.6251366370376512e-7 0.12879433616943192 -0.9916713260806974
outer loop
vertex -26.118057250976562 44.47158432006836 -8.440031051635742
vertex -58.44697570800781 48.38198471069336 -7.932158470153809
vertex -26.14078712463379 44.527618408203125 -8.432753562927246
endloop
endfacet
facet normal -1.2826627854487682e-8 0.12879556999091452 -0.9916711658360927
outer loop
vertex -26.14078712463379 44.527618408203125 -8.432753562927246
vertex -58.44697570800781 48.38198471069336 -7.932158470153809
vertex -29.817354202270508 48.42155838012695 -7.927019119262695
endloop
endfacet
facet normal -1.3843573380739574e-8 0.12879546468770356 -0.9916711795125833
outer loop
vertex -25.843135833740234 43.961524963378906 -8.50627613067627
vertex -67.64102935791016 48.53043746948242 -7.912878036499023
vertex -26.118057250976562 44.47158432006836 -8.440031051635742
endloop
endfacet
facet normal -8.522975247641778e-9 0.12879250815107257 -0.9916715634947671
outer loop
vertex -58.44697570800781 48.38198471069336 -7.932158470153809
vertex -58.34709930419922 48.503684997558594 -7.91635274887085
vertex -29.817354202270508 48.42155838012695 -7.927019119262695
endloop
endfacet
facet normal -2.4580734944802607e-8 0.12879545760237923 -0.9916711804328051
outer loop
vertex -26.118057250976562 44.47158432006836 -8.440031051635742
vertex -58.5985107421875 48.25762176513672 -7.948310375213623
vertex -58.44697570800781 48.38198471069336 -7.932158470153809
endloop
endfacet
facet normal -1.1699658593679664e-7 0.1287946779176266 -0.9916712816957447
outer loop
vertex -26.118057250976562 44.47158432006836 -8.440031051635742
vertex -58.771400451660156 48.16521072387695 -7.960312366485596
vertex -58.5985107421875 48.25762176513672 -7.948310375213623
endloop
endfacet
facet normal 6.488239510599962e-7 0.12880133581228628 -0.9916704169695442
outer loop
vertex -26.118057250976562 44.47158432006836 -8.440031051635742
vertex -58.95899200439453 48.108306884765625 -7.967703342437744
vertex -58.771400451660156 48.16521072387695 -7.960312366485596
endloop
endfacet
facet normal -6.872205493034266e-7 0.12878947097891935 -0.9916719579399722
outer loop
vertex -26.118057250976562 44.47158432006836 -8.440031051635742
vertex -59.154083251953125 48.08909225463867 -7.970198631286621
vertex -58.95899200439453 48.108306884765625 -7.967703342437744
endloop
endfacet
facet normal 0.000012980540732631037 0.12891221712827905 -0.991656008960051
outer loop
vertex -26.118057250976562 44.47158432006836 -8.440031051635742
vertex -59.34917449951172 48.108306884765625 -7.967703342437744
vertex -59.154083251953125 48.08909225463867 -7.970198631286621
endloop
endfacet
facet normal -2.79880075243425e-8 0.12879532238732658 -0.9916711979941454
outer loop
vertex -67.64102935791016 48.53043746948242 -7.912878036499023
vertex -59.34917449951172 48.108306884765625 -7.967703342437744
vertex -26.118057250976562 44.47158432006836 -8.440031051635742
endloop
endfacet
facet normal 3.176192781885762e-7 0.1287979079901967 -0.9916708621802135
outer loop
vertex -23.978759765625 42.526668548583984 -8.692631721496582
vertex -67.64102935791016 48.53043746948242 -7.912878036499023
vertex -24.48468780517578 42.79484176635742 -8.657801628112793
endloop
endfacet
facet normal 1.1464532264881334e-7 0.128796461423442 -0.991671050058832
outer loop
vertex -25.013919830322266 43.14310073852539 -8.612570762634277
vertex -67.64102935791016 48.53043746948242 -7.912878036499023
vertex -25.473155975341797 43.51445770263672 -8.564339637756348
endloop
endfacet
facet normal 5.2370904396518756e-8 0.1287956713193054 -0.9916711526758286
outer loop
vertex 49.49937057495117 7.41241979598999 -13.253175735473633
vertex -15.526613235473633 42.978851318359375 -8.633903503417969
vertex 49.59052658081055 8.45430850982666 -13.117857933044434
endloop
endfacet
facet normal 2.3774134412212503e-8 0.12879561990322266 -0.9916711593536157
outer loop
vertex 49.59052658081055 6.370530605316162 -13.388493537902832
vertex -15.526613235473633 42.978851318359375 -8.633903503417969
vertex 49.49937057495117 7.41241979598999 -13.253175735473633
endloop
endfacet
facet normal 2.3941274244071505e-7 0.12879599710817147 -0.9916711103631358
outer loop
vertex 49.8612174987793 5.360299110412598 -13.519700050354004
vertex -15.526613235473633 42.978851318359375 -8.633903503417969
vertex 49.59052658081055 6.370530605316162 -13.388493537902832
endloop
endfacet
facet normal -9.043521291731933e-8 0.12879543328358695 -0.9916711835912573
outer loop
vertex 50.303218841552734 4.41241979598999 -13.642807960510254
vertex -15.526613235473633 42.978851318359375 -8.633903503417969
vertex 49.8612174987793 5.360299110412598 -13.519700050354004
endloop
endfacet
facet normal -3.031634488778427e-8 0.128795333446318 -0.9916711965578362
outer loop
vertex -67.64102935791016 48.53043746948242 -7.912878036499023
vertex -25.013919830322266 43.14310073852539 -8.612570762634277
vertex -24.48468780517578 42.79484176635742 -8.657801628112793
endloop
endfacet
facet normal -1.0367389689305407e-7 0.12879465652292837 -0.991671284474412
outer loop
vertex -67.64102935791016 48.53043746948242 -7.912878036499023
vertex -25.843135833740234 43.961524963378906 -8.50627613067627
vertex -25.473155975341797 43.51445770263672 -8.564339637756348
endloop
endfacet
facet normal -8.721310927732065e-7 0.1287893990853657 -0.9916719672767148
outer loop
vertex -67.64102935791016 48.53043746948242 -7.912878036499023
vertex -23.978759765625 42.526668548583984 -8.692631721496582
vertex -23.42066764831543 42.35878372192383 -8.714435577392578
endloop
endfacet
facet normal 7.954404796361895e-7 0.12879563348122877 -0.9916711575898214
outer loop
vertex 65.35000610351562 31.236610412597656 -10.158953666687012
vertex 64.98002624511719 30.789541244506836 -10.217018127441406
vertex 64.0084228515625 57.188262939453125 -6.788422584533691
endloop
endfacet
facet normal -0.000001333359366218047 0.1287955252573473 -0.99167117164507
outer loop
vertex 65.80082702636719 31.6035099029541 -10.111302375793457
vertex 65.35000610351562 31.236610412597656 -10.158953666687012
vertex 64.0084228515625 57.188262939453125 -6.788422584533691
endloop
endfacet
facet normal 0.0000012971680644795335 0.1287977288538773 -0.9916708854455699
outer loop
vertex 51.64264678955078 2.816153049468994 -13.850127220153809
vertex -15.526613235473633 42.978851318359375 -8.633903503417969
vertex 50.903106689453125 3.555694103240967 -13.754076957702637
endloop
endfacet
facet normal 7.870495061803562e-7 0.12879567134379186 -0.9916711526723375
outer loop
vertex 66.31517028808594 31.876140594482422 -10.07589340209961
vertex 65.80082702636719 31.6035099029541 -10.111302375793457
vertex 64.0084228515625 57.188262939453125 -6.788422584533691
endloop
endfacet
facet normal -0.000003034520682083391 0.1287953288526045 -0.9916711971498119
outer loop
vertex 66.46052551269531 31.931472778320312 -10.068707466125488
vertex 66.31517028808594 31.876140594482422 -10.07589340209961
vertex 64.0084228515625 57.188262939453125 -6.788422584533691
endloop
endfacet
facet normal 2.8457997357327474e-7 0.12879564574885058 -0.991671155996813
outer loop
vertex 66.46052551269531 31.931472778320312 -10.068707466125488
vertex 64.0084228515625 57.188262939453125 -6.788422584533691
vertex 69.43537139892578 32.97621154785156 -9.933018684387207
endloop
endfacet
facet normal -2.6772851509215236e-7 0.12879513567804599 -0.991671222243341
outer loop
vertex -15.526613235473633 42.978851318359375 -8.633903503417969
vertex 50.303218841552734 4.41241979598999 -13.642807960510254
vertex 50.903106689453125 3.555694103240967 -13.754076957702637
endloop
endfacet
facet normal -0.000001163024577701639 0.12879368260905505 -0.9916714109616376
outer loop
vertex 52.49937057495117 2.2162673473358154 -13.928038597106934
vertex -15.526613235473633 42.978851318359375 -8.633903503417969
vertex 51.64264678955078 2.816153049468994 -13.850127220153809
endloop
endfacet
facet normal -3.736787803608107e-7 0.12879497804484927 -0.9916712427161973
outer loop
vertex 66.87802124023438 -7.07529878616333 -15.134801864624023
vertex -15.526613235473633 42.978851318359375 -8.633903503417969
vertex 52.49937057495117 2.2162673473358154 -13.928038597106934
endloop
endfacet
facet normal -8.634354360862026e-9 0.1287955690518989 -0.9916711659580496
outer loop
vertex 66.87802124023438 -7.07529878616333 -15.134801864624023
vertex 64.47013092041016 -8.550859451293945 -15.326443672180176
vertex -15.526613235473633 42.978851318359375 -8.633903503417969
endloop
endfacet
facet normal 2.449714941366614e-8 0.12879545750295954 -0.9916711804457174
outer loop
vertex -59.709651947021484 48.25762176513672 -7.948310375213623
vertex -67.64102935791016 48.53043746948242 -7.912878036499023
vertex -59.86119079589844 48.38198471069336 -7.932158470153809
endloop
endfacet
facet normal -5.145032800756535e-9 0.128793929838467 -0.9916713788532793
outer loop
vertex -67.64102935791016 48.53043746948242 -7.912878036499023
vertex -59.96488571166992 48.50834274291992 -7.91574764251709
vertex -59.86119079589844 48.38198471069336 -7.932158470153809
endloop
endfacet
facet normal 4.713035520484948e-7 0.1288049672087419 -0.9916699453054595
outer loop
vertex -67.64102935791016 48.53043746948242 -7.912878036499023
vertex -59.536766052246094 48.16521072387695 -7.960312366485596
vertex -59.34917449951172 48.108306884765625 -7.967703342437744
endloop
endfacet
facet normal -1.100798990644598e-8 0.12879444240974727 -0.9916713122826344
outer loop
vertex -67.64102935791016 48.53043746948242 -7.912878036499023
vertex -59.709651947021484 48.25762176513672 -7.948310375213623
vertex -59.536766052246094 48.16521072387695 -7.960312366485596
endloop
endfacet
facet normal -3.545662716381841e-8 0.12879545201654738 -0.9916711811582769
outer loop
vertex -15.526613235473633 42.978851318359375 -8.633903503417969
vertex 69.21942901611328 22.690473556518555 -11.268903732299805
vertex 71.2247543334961 20.369693756103516 -11.570320129394531
endloop
endfacet
facet normal 4.151662572758695e-9 0.12879560147256738 -0.9916711617473403
outer loop
vertex -15.526613235473633 42.978851318359375 -8.633903503417969
vertex 71.2247543334961 20.369693756103516 -11.570320129394531
vertex 72.84115600585938 17.76569366455078 -11.908520698547363
endloop
endfacet
facet normal -3.636294992715678e-8 0.12879546183132154 -0.9916711798835616
outer loop
vertex 74.03048706054688 14.940449714660645 -12.275455474853516
vertex -15.526613235473633 42.978851318359375 -8.633903503417969
vertex 72.84115600585938 17.76569366455078 -11.908520698547363
endloop
endfacet
facet normal 7.001005801750686e-8 0.12879588525077726 -0.9916711248909408
outer loop
vertex 69.21942901611328 22.690473556518555 -11.268903732299805
vertex -15.526613235473633 42.978851318359375 -8.633903503417969
vertex 67.06394958496094 24.53142738342285 -11.029805183410645
endloop
endfacet
facet normal -7.552040832857106e-8 0.12879524450760096 -0.9916712081089284
outer loop
vertex 67.06394958496094 24.53142738342285 -11.029805183410645
vertex -15.526613235473633 42.978851318359375 -8.633903503417969
vertex 65.73966217041016 25.3631649017334 -10.921781539916992
endloop
endfacet
facet normal 1.5106038980135824e-7 0.1287958128557667 -0.9916711342934207
outer loop
vertex 64.47013092041016 -8.550859451293945 -15.326443672180176
vertex 61.19321823120117 -9.858099937438965 -15.496225357055664
vertex -15.526613235473633 42.978851318359375 -8.633903503417969
endloop
endfacet
facet normal -0.000012228081081826565 0.12876906863243878 -0.991674607325411
outer loop
vertex 61.161495208740234 -9.867643356323242 -15.497464179992676
vertex -67.64102935791016 48.53043746948242 -7.912878036499023
vertex 61.19321823120117 -9.858099937438965 -15.496225357055664
endloop
endfacet
facet normal -1.535361270673787e-8 0.12879558896773613 -0.9916711633714341
outer loop
vertex 64.56742858886719 26.727745056152344 -10.744553565979004
vertex 26.04712677001953 50.285587310791016 -7.6849236488342285
vertex 40.95454025268555 52.766845703125 -7.362664699554443
endloop
endfacet
facet normal 3.316256311267211e-8 0.12879559461467716 -0.9916711626380241
outer loop
vertex 59.42374801635742 -60.26741027832031 -22.043251037597656
vertex 46.6193733215332 -27.08757972717285 -17.733943939208984
vertex 59.84959030151367 -26.00559425354004 -17.59341812133789
endloop
endfacet
facet normal 3.8269095589029364e-7 0.12879642155450532 -0.9916710552368702
outer loop
vertex 61.161495208740234 -9.867643356323242 -15.497464179992676
vertex 60.64715576171875 -10.140274047851562 -15.532873153686523
vertex -67.64102935791016 48.53043746948242 -7.912878036499023
endloop
endfacet
facet normal -5.015567794103952e-7 0.1287945201494713 -0.9916713021859692
outer loop
vertex 60.64715576171875 -10.140274047851562 -15.532873153686523
vertex 60.19633483886719 -10.507173538208008 -15.580524444580078
vertex -67.64102935791016 48.53043746948242 -7.912878036499023
endloop
endfacet
facet normal 0.0000023562629720369397 0.12879851145178844 -0.9916707837998716
outer loop
vertex 26.928030014038086 -26.625640869140625 -17.673948287963867
vertex -67.64102935791016 48.53043746948242 -7.912878036499023
vertex 27.11937141418457 -26.58757972717285 -17.669004440307617
endloop
endfacet
facet normal 9.363785782242966e-8 0.12879561756546315 -0.9916711596572334
outer loop
vertex 59.42374801635742 -60.26741027832031 -22.043251037597656
vertex 46.6193733215332 -41.087581634521484 -19.552227020263672
vertex 46.6193733215332 -27.08757972717285 -17.733943939208984
endloop
endfacet
facet normal -3.330652258181604e-7 0.128795337425659 -0.9916711960409558
outer loop
vertex 59.42374801635742 -60.26741027832031 -22.043251037597656
vertex 46.5813102722168 -41.27892303466797 -19.577077865600586
vertex 46.6193733215332 -41.087581634521484 -19.552227020263672
endloop
endfacet
facet normal -0.0000017665333119229762 0.1287934097840636 -0.9916714463939523
outer loop
vertex 26.765817642211914 -26.734025955200195 -17.688024520874023
vertex -67.64102935791016 48.53043746948242 -7.912878036499023
vertex 26.928030014038086 -26.625640869140625 -17.673948287963867
endloop
endfacet
facet normal -0.000004714367990712672 0.12879242338204172 -0.9916715744928638
outer loop
vertex 59.42374801635742 -60.26741027832031 -22.043251037597656
vertex 46.472923278808594 -41.44113540649414 -19.59814453125
vertex 46.5813102722168 -41.27892303466797 -19.577077865600586
endloop
endfacet
facet normal 0.0000067905685337032135 0.12880020648003676 -0.9916705636271494
outer loop
vertex 59.42374801635742 -60.26741027832031 -22.043251037597656
vertex 46.31071472167969 -41.54951858520508 -19.61222267150879
vertex 46.472923278808594 -41.44113540649414 -19.59814453125
endloop
endfacet
facet normal -0.000007205317607100073 0.12879056414903553 -0.9916718159422787
outer loop
vertex 59.42374801635742 -60.26741027832031 -22.043251037597656
vertex 46.1193733215332 -41.587581634521484 -19.617164611816406
vertex 46.31071472167969 -41.54951858520508 -19.61222267150879
endloop
endfacet
facet normal 2.872142703092386e-7 0.1287961997862661 -0.9916710840397304
outer loop
vertex 60.19633483886719 -10.507173538208008 -15.580524444580078
vertex 59.88191604614258 -10.887099266052246 -15.629868507385254
vertex -67.64102935791016 48.53043746948242 -7.912878036499023
endloop
endfacet
facet normal 0.0000027524025351514415 0.12879898401569997 -0.9916707224219882
outer loop
vertex 26.657432556152344 -26.896238327026367 -17.70909309387207
vertex -67.64102935791016 48.53043746948242 -7.912878036499023
vertex 26.765817642211914 -26.734025955200195 -17.688024520874023
endloop
endfacet
facet normal -2.3000434099396255e-7 0.12879531726185886 -0.9916711986597998
outer loop
vertex 26.61937141418457 -27.08757972717285 -17.733943939208984
vertex -67.64102935791016 48.53043746948242 -7.912878036499023
vertex 26.657432556152344 -26.896238327026367 -17.70909309387207
endloop
endfacet
facet normal -7.084568702227073e-8 0.12879552880130835 -0.9916711711856839
outer loop
vertex 26.61937141418457 -41.087581634521484 -19.552227020263672
vertex -68.35777282714844 48.24944305419922 -7.9493727684021
vertex -67.64102935791016 48.53043746948242 -7.912878036499023
endloop
endfacet
facet normal -6.124484192532744e-8 0.1287955388389679 -0.991671169882021
outer loop
vertex 26.61937141418457 -41.087581634521484 -19.552227020263672
vertex -71.16046142578125 45.63774871826172 -8.288572311401367
vertex -68.35777282714844 48.24944305419922 -7.9493727684021
endloop
endfacet
facet normal 5.826672924329978e-7 0.12879625278481982 -0.991671077156256
outer loop
vertex 26.61937141418457 -41.087581634521484 -19.552227020263672
vertex -71.49858856201172 44.86163330078125 -8.389372825622559
vertex -71.16046142578125 45.63774871826172 -8.288572311401367
endloop
endfacet
facet normal -4.16373699658383e-8 0.1287955057070259 -0.9916711741851074
outer loop
vertex 59.88191604614258 -10.887099266052246 -15.629868507385254
vertex 59.45207214355469 -11.486176490783691 -15.707674980163574
vertex -67.64102935791016 48.53043746948242 -7.912878036499023
endloop
endfacet
facet normal -6.062209745955327e-8 0.12879546617125306 -0.9916711793199023
outer loop
vertex 59.45207214355469 -11.486176490783691 -15.707674980163574
vertex 59.396507263183594 -11.553319931030273 -15.716395378112793
vertex -67.64102935791016 48.53043746948242 -7.912878036499023
endloop
endfacet
facet normal 2.2621292080511722e-7 0.12879606257794515 -0.9916711018600707
outer loop
vertex 59.396507263183594 -11.553319931030273 -15.716395378112793
vertex 59.121585845947266 -12.063376426696777 -15.78264045715332
vertex -67.64102935791016 48.53043746948242 -7.912878036499023
endloop
endfacet
facet normal -3.191741752687938e-7 0.12879494055139135 -0.9916712475857418
outer loop
vertex 59.121585845947266 -12.063376426696777 -15.78264045715332
vertex 58.952293395996094 -12.616820335388184 -15.854519844055176
vertex -67.64102935791016 48.53043746948242 -7.912878036499023
endloop
endfacet
facet normal 3.343118009448418e-7 0.12879627102251684 -0.9916710747876953
outer loop
vertex 58.952293395996094 -12.616820335388184 -15.854519844055176
vertex 58.8951301574707 -13.192381858825684 -15.929272651672363
vertex -67.64102935791016 48.53043746948242 -7.912878036499023
endloop
endfacet
facet normal -0.00000746779213835164 0.12878054146514173 -0.9916731175564745
outer loop
vertex 58.8951301574707 -13.192381858825684 -15.929272651672363
vertex 58.89533615112305 -13.22712516784668 -15.933784484863281
vertex -67.64102935791016 48.53043746948242 -7.912878036499023
endloop
endfacet
facet normal 6.590377149264459e-8 0.1287957213749487 -0.9916711461747296
outer loop
vertex 58.89533615112305 -13.22712516784668 -15.933784484863281
vertex 59.01375198364258 -23.198328018188477 -17.228818893432617
vertex -67.64102935791016 48.53043746948242 -7.912878036499023
endloop
endfacet
facet normal -1.4484207398029902e-7 0.12879535542421058 -0.9916711937034022
outer loop
vertex 59.01375198364258 -23.198328018188477 -17.228818893432617
vertex 59.07071304321289 -23.739147186279297 -17.29905891418457
vertex -67.64102935791016 48.53043746948242 -7.912878036499023
endloop
endfacet
facet normal -1.5689032548180506e-7 0.12879533465018242 -0.9916711964014701
outer loop
vertex 59.07071304321289 -23.739147186279297 -17.29905891418457
vertex 59.19566345214844 -24.147632598876953 -17.35211181640625
vertex -67.64102935791016 48.53043746948242 -7.912878036499023
endloop
endfacet
facet normal -3.050667370529935e-7 0.12879508034454126 -0.9916712294298701
outer loop
vertex 59.19566345214844 -24.147632598876953 -17.35211181640625
vertex 59.84959030151367 -26.00559425354004 -17.59341812133789
vertex -67.64102935791016 48.53043746948242 -7.912878036499023
endloop
endfacet
facet normal -1.161302092444052e-8 0.12879557395797142 -0.9916711653208621
outer loop
vertex 27.11937141418457 -26.58757972717285 -17.669004440307617
vertex -67.64102935791016 48.53043746948242 -7.912878036499023
vertex 59.84959030151367 -26.00559425354004 -17.59341812133789
endloop
endfacet
facet normal -9.12719986980038e-7 0.12879411209877725 -0.9916713551816724
outer loop
vertex 64.84234619140625 26.217689514160156 -10.810797691345215
vertex 25.33271026611328 50.2594108581543 -7.688323497772217
vertex 64.56742858886719 26.727745056152344 -10.744553565979004
endloop
endfacet
facet normal 0.000001560756275022283 0.1287969945132288 -0.9916709808207171
outer loop
vertex 64.39813232421875 27.28118896484375 -10.672673225402832
vertex 64.56742858886719 26.727745056152344 -10.744553565979004
vertex 40.95454025268555 52.766845703125 -7.362664699554443
endloop
endfacet
facet normal -0.0000016290880729776765 0.1287941089327448 -0.9916713555919453
outer loop
vertex 64.3409652709961 27.856752395629883 -10.597921371459961
vertex 64.39813232421875 27.28118896484375 -10.672673225402832
vertex 40.95454025268555 52.766845703125 -7.362664699554443
endloop
endfacet
facet normal 0.0000014290554133393588 0.1287969323932692 -0.9916709888889769
outer loop
vertex 64.3573989868164 28.166383743286133 -10.557706832885742
vertex 64.3409652709961 27.856752395629883 -10.597921371459961
vertex 40.95454025268555 52.766845703125 -7.362664699554443
endloop
endfacet
facet normal 2.2151517042822695e-7 0.12879580269480864 -0.9916711356130876
outer loop
vertex 64.3573989868164 28.166383743286133 -10.557706832885742
vertex 40.95454025268555 52.766845703125 -7.362664699554443
vertex 64.49507904052734 29.46010971069336 -10.389680862426758
endloop
endfacet
facet normal -8.556545316726992e-8 0.12879549767874074 -0.991671175227796
outer loop
vertex 64.49507904052734 29.46010971069336 -10.389680862426758
vertex 40.95454025268555 52.766845703125 -7.362664699554443
vertex 64.53581237792969 29.72603988647461 -10.355142593383789
endloop
endfacet
facet normal -5.654712550277513e-7 0.12879501464505544 -0.9916712379625924
outer loop
vertex 41.043724060058594 52.77555847167969 -7.361533164978027
vertex 64.70510864257812 30.279483795166016 -10.283263206481934
vertex 64.53581237792969 29.72603988647461 -10.355142593383789
endloop
endfacet
facet normal 2.2124830433645066e-7 0.12879582839082662 -0.991671132275752
outer loop
vertex 64.70510864257812 30.279483795166016 -10.283263206481934
vertex 41.043724060058594 52.77555847167969 -7.361533164978027
vertex 64.98002624511719 30.789541244506836 -10.217018127441406
endloop
endfacet
facet normal -5.698411474631864e-7 0.1287950102651378 -0.9916712385314392
outer loop
vertex 64.53581237792969 29.72603988647461 -10.355142593383789
vertex 40.95454025268555 52.766845703125 -7.362664699554443
vertex 41.043724060058594 52.77555847167969 -7.361533164978027
endloop
endfacet
facet normal 7.636288611427052e-8 0.12879554802088716 -0.9916711686894973
outer loop
vertex 64.0084228515625 57.188262939453125 -6.788422584533691
vertex 60.10712432861328 59.379188537597656 -6.503871440887451
vertex 63.489036560058594 57.74603271484375 -6.7159810066223145
endloop
endfacet
facet normal 1.1101957930725684e-7 0.12879560870905862 -0.991671160807478
outer loop
vertex 64.0084228515625 57.188262939453125 -6.788422584533691
vertex 64.98002624511719 30.789541244506836 -10.217018127441406
vertex 60.10712432861328 59.379188537597656 -6.503871440887451
endloop
endfacet
facet normal -4.906063489296665e-9 0.12879560744781032 -0.9916711609712917
outer loop
vertex 59.42374801635742 -60.26741027832031 -22.043251037597656
vertex -43.38595962524414 -61.43816375732422 -22.19530487060547
vertex 46.1193733215332 -41.587581634521484 -19.617164611816406
endloop
endfacet
facet normal 0 0.12879518376852134 -0.9916712159975366
outer loop
vertex 58.23834991455078 -61.43816375732422 -22.19530487060547
vertex -43.38595962524414 -61.43816375732422 -22.19530487060547
vertex 59.42374801635742 -60.26741027832031 -22.043251037597656
endloop
endfacet
facet normal 5.9518571184173885e-8 0.12879577542336812 -0.9916711391550577
outer loop
vertex 61.40821838378906 6.370530605316162 -13.388493537902832
vertex 74.03048706054688 2.6507270336151123 -13.871611595153809
vertex 72.84115600585938 -0.17451705038547516 -14.238547325134277
endloop
endfacet
facet normal 0 0.12879558569355612 -0.991671163796676
outer loop
vertex -43.38595962524414 -61.43816375732422 -22.19530487060547
vertex 27.11937141418457 -41.587581634521484 -19.617164611816406
vertex 46.1193733215332 -41.587581634521484 -19.617164611816406
endloop
endfacet
facet normal 7.332689399001513e-8 0.12879528661297146 -0.99167120264041
outer loop
vertex 26.657432556152344 -41.27892303466797 -19.577077865600586
vertex -43.38595962524414 -61.43816375732422 -22.19530487060547
vertex 26.61937141418457 -41.087581634521484 -19.552227020263672
endloop
endfacet
facet normal 0.000001524703130946565 0.12879032744804741 -0.9916718467081235
outer loop
vertex 26.765817642211914 -41.44113540649414 -19.59814453125
vertex -43.38595962524414 -61.43816375732422 -22.19530487060547
vertex 26.657432556152344 -41.27892303466797 -19.577077865600586
endloop
endfacet
facet normal 0.000004817379313738505 0.1287787591296545 -0.9916733490287107
outer loop
vertex -43.38595962524414 -61.43816375732422 -22.19530487060547
vertex 26.928030014038086 -41.54951858520508 -19.61222267150879
vertex 27.11937141418457 -41.587581634521484 -19.617164611816406
endloop
endfacet
facet normal -0.0000029691187993952355 0.1288058307530512 -0.9916698331376228
outer loop
vertex -43.38595962524414 -61.43816375732422 -22.19530487060547
vertex 26.765817642211914 -41.44113540649414 -19.59814453125
vertex 26.928030014038086 -41.54951858520508 -19.61222267150879
endloop
endfacet
facet normal -2.579965125688578e-7 0.12879554685622907 -0.9916711688407294
outer loop
vertex 64.98002624511719 30.789541244506836 -10.217018127441406
vertex 59.289146423339844 59.419620513916016 -6.49862003326416
vertex 60.10712432861328 59.379188537597656 -6.503871440887451
endloop
endfacet
facet normal -3.0102812562758884e-8 0.12879559140385813 -0.991671163055037
outer loop
vertex 64.98002624511719 30.789541244506836 -10.217018127441406
vertex 50.590240478515625 56.23336410522461 -6.912442207336426
vertex 59.289146423339844 59.419620513916016 -6.49862003326416
endloop
endfacet
facet normal 2.771948563943501e-7 0.1287957101908116 -0.9916711476272605
outer loop
vertex 71.6722640991211 37.01856231689453 -9.40800952911377
vertex 64.0084228515625 57.188262939453125 -6.788422584533691
vertex 71.6967544555664 37.86304473876953 -9.298330307006836
endloop
endfacet
facet normal -6.131813981661726e-8 0.12879558370035987 -0.9916711640555451
outer loop
vertex 71.6722640991211 37.01856231689453 -9.40800952911377
vertex 70.04193878173828 33.525543212890625 -9.861673355102539
vertex 64.0084228515625 57.188262939453125 -6.788422584533691
endloop
endfacet
facet normal -8.929676505128294e-8 0.12879539109850727 -0.9916711890701346
outer loop
vertex 51.64264678955078 12.008686065673828 -12.656225204467773
vertex -15.526613235473633 42.978851318359375 -8.633903503417969
vertex 52.49937057495117 12.608572006225586 -12.578313827514648
endloop
endfacet
facet normal 0 0 1
outer loop
vertex 24.61937141418457 -27.08757972717285 -4.099999904632568
vertex 37.772830963134766 11.538086891174316 -4.099999904632568
vertex 38.584903717041016 14.568782806396484 -4.099999904632568
endloop
endfacet
facet normal 0 0 1
outer loop
vertex -14.214947700500488 39.73741912841797 -4.099999904632568
vertex -69.58062744140625 -54.594459533691406 -4.099999904632568
vertex -13.735807418823242 39.642112731933594 -4.099999904632568
endloop
endfacet
facet normal 0 0 1
outer loop
vertex -7.24124813079834 53.15477752685547 -4.099999904632568
vertex -10.047913551330566 51.46598815917969 -4.099999904632568
vertex 9.398140907287598 49.02799987792969 -4.099999904632568
endloop
endfacet
facet normal 0 0 1
outer loop
vertex 46.49937057495117 -7.176037311553955 -4.099999904632568
vertex 24.61937141418457 -27.08757972717285 -4.099999904632568
vertex 49.34300994873047 -8.502047538757324 -4.099999904632568
endloop
endfacet
facet normal 0 0 1
outer loop
vertex 52.37370300292969 -9.314119338989258 -4.099999904632568
vertex 49.34300994873047 -8.502047538757324 -4.099999904632568
vertex 24.61937141418457 -27.08757972717285 -4.099999904632568
endloop
endfacet
facet normal 0.9702966139664428 -0.24191833523992348 0
outer loop
vertex -10.047913551330566 51.46598815917969 0
vertex -12.856968879699707 40.19930648803711 -4.099999904632568
vertex -10.047913551330566 51.46598815917969 -4.099999904632568
endloop
endfacet
facet normal 0.8040451322315111 -0.5945682680187465 0
outer loop
vertex -10.047913551330566 51.46598815917969 -4.099999904632568
vertex -9.88247299194336 51.68971633911133 -4.099999904632568
vertex -9.88247299194336 51.68971633911133 0
endloop
endfacet
facet normal 0 0 1
outer loop
vertex 55.49937057495117 -9.587579727172852 -4.099999904632568
vertex 52.37370300292969 -9.314119338989258 -4.099999904632568
vertex 24.61937141418457 -27.08757972717285 -4.099999904632568
endloop
endfacet
facet normal 0 1 0
outer loop
vertex -43.9421501159668 -56.91257858276367 -4.099999904632568
vertex -53.21882629394531 -56.91257858276367 0
vertex -43.9421501159668 -56.91257858276367 0
endloop
endfacet
facet normal 0 0 1
outer loop
vertex 56.81937026977539 -9.472095489501953 -4.099999904632568
vertex 55.49937057495117 -9.587579727172852 -4.099999904632568
vertex 24.61937141418457 -27.08757972717285 -4.099999904632568
endloop
endfacet
facet normal 0.8040451322315111 -0.5945682680187465 0
outer loop
vertex -10.047913551330566 51.46598815917969 0
vertex -10.047913551330566 51.46598815917969 -4.099999904632568
vertex -9.88247299194336 51.68971633911133 0
endloop
endfacet
facet normal -1 0 0
outer loop
vertex 56.81937026977539 -9.472095489501953 -4.099999904632568
vertex 56.81937026977539 -25.517738342285156 -4.099999904632568
vertex 56.81937026977539 -25.517738342285156 0
endloop
endfacet
facet normal 0 0 1
outer loop
vertex 46.49937057495117 -7.176037311553955 -4.099999904632568
vertex 46.26593017578125 -7.012580394744873 -4.099999904632568
vertex 42.2808952331543 -7.012580394744873 -4.099999904632568
endloop
endfacet
facet normal -0.7071061170410162 -0.7071074453314551 0
outer loop
vertex 41.519371032714844 -6.2510576248168945 -4.099999904632568
vertex 42.2808952331543 -7.012580394744873 -4.099999904632568
vertex 42.2808952331543 -7.012580394744873 0
endloop
endfacet
facet normal 0.5155698894822817 -0.8568475296452852 0
outer loop
vertex -7.516406059265137 53.1133918762207 0
vertex -9.88247299194336 51.68971633911133 -4.099999904632568
vertex -7.516406059265137 53.1133918762207 -4.099999904632568
endloop
endfacet
facet normal -1 0 0
outer loop
vertex 41.519371032714844 -2.884695291519165 -4.099999904632568
vertex 41.519371032714844 -6.2510576248168945 -4.099999904632568
vertex 41.519371032714844 -6.2510576248168945 0
endloop
endfacet
facet normal 0 -1 0
outer loop
vertex 42.2808952331543 -7.012580394744873 -4.099999904632568
vertex 46.26593017578125 -7.012580394744873 -4.099999904632568
vertex 46.26593017578125 -7.012580394744873 0
endloop
endfacet
facet normal -0.7071061170410162 -0.7071074453314551 0
outer loop
vertex 41.519371032714844 -6.2510576248168945 0
vertex 41.519371032714844 -6.2510576248168945 -4.099999904632568
vertex 42.2808952331543 -7.012580394744873 0
endloop
endfacet
facet normal -1 0 0
outer loop
vertex 41.519371032714844 -2.884695291519165 -4.099999904632568
vertex 41.519371032714844 -6.2510576248168945 0
vertex 41.519371032714844 -2.884695291519165 0
endloop
endfacet
facet normal 0 -1 0
outer loop
vertex 42.2808952331543 -7.012580394744873 0
vertex 42.2808952331543 -7.012580394744873 -4.099999904632568
vertex 46.26593017578125 -7.012580394744873 0
endloop
endfacet
facet normal -1 0 0
outer loop
vertex 56.81937026977539 -9.472095489501953 -4.099999904632568
vertex 56.81937026977539 -25.517738342285156 0
vertex 56.81937026977539 -9.472095489501953 0
endloop
endfacet
facet normal -0.7071067811865475 -0.7071067811865475 0
outer loop
vertex 57.81937026977539 -26.797630310058594 0
vertex 57.01728439331055 -25.99554443359375 -4.099999904632568
vertex 57.81937026977539 -26.797630310058594 -4.099999904632568
endloop
endfacet
facet normal 0 1 0
outer loop
vertex -53.21882629394531 -56.91257858276367 -4.099999904632568
vertex -53.21882629394531 -56.91257858276367 0
vertex -43.9421501159668 -56.91257858276367 -4.099999904632568
endloop
endfacet
facet normal 0 0 1
outer loop
vertex -41.8806266784668 -27.08757972717285 -4.099999904632568
vertex -42.77057647705078 -59.78757858276367 -4.099999904632568
vertex -41.8806266784668 -59.78757858276367 -4.099999904632568
endloop
endfacet
facet normal 0 0 1
outer loop
vertex -42.77057647705078 -59.78757858276367 -4.099999904632568
vertex -41.8806266784668 -27.08757972717285 -4.099999904632568
vertex -43.18062973022461 -59.37752914428711 -4.099999904632568
endloop
endfacet
facet normal 0.5155698894822817 -0.8568475296452852 0
outer loop
vertex -9.88247299194336 51.68971633911133 0
vertex -9.88247299194336 51.68971633911133 -4.099999904632568
vertex -7.516406059265137 53.1133918762207 0
endloop
endfacet
facet normal -0.9238792861796977 -0.3826840270616114 0
outer loop
vertex 56.81937026977539 -25.517738342285156 -4.099999904632568
vertex 57.01728439331055 -25.99554443359375 0
vertex 56.81937026977539 -25.517738342285156 0
endloop
endfacet
facet normal 0 0 1
outer loop
vertex -7.516406059265137 53.1133918762207 -4.099999904632568
vertex -10.047913551330566 51.46598815917969 -4.099999904632568
vertex -7.24124813079834 53.15477752685547 -4.099999904632568
endloop
endfacet
facet normal -0.7071067811865475 -0.7071067811865475 0
outer loop
vertex 57.01728439331055 -25.99554443359375 0
vertex 57.01728439331055 -25.99554443359375 -4.099999904632568
vertex 57.81937026977539 -26.797630310058594 0
endloop
endfacet
facet normal 0 0 1
outer loop
vertex -41.8806266784668 -27.08757972717285 -4.099999904632568
vertex -64.84542083740234 -56.681915283203125 -4.099999904632568
vertex -64.65408325195312 -56.643856048583984 -4.099999904632568
endloop
endfacet
facet normal -0.24071968186459355 -0.970594680988418 0
outer loop
vertex -7.24124813079834 53.15477752685547 -4.099999904632568
vertex 9.398140907287598 49.02799987792969 0
vertex -7.24124813079834 53.15477752685547 0
endloop
endfacet
facet normal 0.1487339597457583 -0.9888772467896849 0
outer loop
vertex -7.516406059265137 53.1133918762207 -4.099999904632568
vertex -7.24124813079834 53.15477752685547 -4.099999904632568
vertex -7.24124813079834 53.15477752685547 0
endloop
endfacet
facet normal 0 0 1
outer loop
vertex -41.8806266784668 -27.08757972717285 -4.099999904632568
vertex -65.00763702392578 -56.79030227661133 -4.099999904632568
vertex -64.84542083740234 -56.681915283203125 -4.099999904632568
endloop
endfacet
facet normal 0 0 1
outer loop
vertex -41.8806266784668 -27.08757972717285 -4.099999904632568
vertex -67.26250457763672 -56.91257858276367 -4.099999904632568
vertex -65.00763702392578 -56.79030227661133 -4.099999904632568
endloop
endfacet
facet normal 0.1487339597457583 -0.9888772467896849 0
outer loop
vertex -7.516406059265137 53.1133918762207 0
vertex -7.516406059265137 53.1133918762207 -4.099999904632568
vertex -7.24124813079834 53.15477752685547 0
endloop
endfacet
facet normal 0 0 1
outer loop
vertex -69.47406005859375 -54.85173797607422 -4.099999904632568
vertex -67.51979064941406 -56.80601119995117 -4.099999904632568
vertex -41.8806266784668 -27.08757972717285 -4.099999904632568
endloop
endfacet
facet normal 0 0 1
outer loop
vertex -69.58062744140625 -54.594459533691406 -4.099999904632568
vertex -69.47406005859375 -54.85173797607422 -4.099999904632568
vertex -41.8806266784668 -27.08757972717285 -4.099999904632568
endloop
endfacet
facet normal 0 0 1
outer loop
vertex -67.51979064941406 -56.80601119995117 -4.099999904632568
vertex -67.26250457763672 -56.91257858276367 -4.099999904632568
vertex -41.8806266784668 -27.08757972717285 -4.099999904632568
endloop
endfacet
facet normal 0.7071034920806764 0.7071100702771196 0
outer loop
vertex -42.77057647705078 -59.78757858276367 -4.099999904632568
vertex -43.18062973022461 -59.37752914428711 -4.099999904632568
vertex -43.18062973022461 -59.37752914428711 0
endloop
endfacet
facet normal 0 1 0
outer loop
vertex -41.8806266784668 -59.78757858276367 -4.099999904632568
vertex -42.77057647705078 -59.78757858276367 -4.099999904632568
vertex -42.77057647705078 -59.78757858276367 0
endloop
endfacet
facet normal 0.7071085522410203 0.7071050101276388 0
outer loop
vertex -43.9421501159668 -56.91257858276367 -4.099999904632568
vertex -43.9421501159668 -56.91257858276367 0
vertex -43.18062973022461 -57.674102783203125 -4.099999904632568
endloop
endfacet
facet normal 1 0 0
outer loop
vertex -43.18062973022461 -59.37752914428711 -4.099999904632568
vertex -43.18062973022461 -57.674102783203125 -4.099999904632568
vertex -43.18062973022461 -57.674102783203125 0
endloop
endfacet
facet normal 0 0 1
outer loop
vertex -10.047913551330566 51.46598815917969 -4.099999904632568
vertex -7.516406059265137 53.1133918762207 -4.099999904632568
vertex -9.88247299194336 51.68971633911133 -4.099999904632568
endloop
endfacet
facet normal -0.9238792861796977 -0.3826840270616114 0
outer loop
vertex 56.81937026977539 -25.517738342285156 -4.099999904632568
vertex 57.01728439331055 -25.99554443359375 -4.099999904632568
vertex 57.01728439331055 -25.99554443359375 0
endloop
endfacet
facet normal 0 0 1
outer loop
vertex 56.81937026977539 -25.517738342285156 -4.099999904632568
vertex 57.1193733215332 -27.08757972717285 -4.099999904632568
vertex 57.01728439331055 -25.99554443359375 -4.099999904632568
endloop
endfacet
facet normal 0 0 1
outer loop
vertex 57.1193733215332 -27.08757972717285 -4.099999904632568
vertex 57.81937026977539 -26.797630310058594 -4.099999904632568
vertex 57.01728439331055 -25.99554443359375 -4.099999904632568
endloop
endfacet
facet normal 0 0 1
outer loop
vertex 24.61937141418457 -27.08757972717285 -4.099999904632568
vertex 56.81937026977539 -25.517738342285156 -4.099999904632568
vertex 56.81937026977539 -9.472095489501953 -4.099999904632568
endloop
endfacet
facet normal 0.9702966139664428 -0.24191833523992348 0
outer loop
vertex -12.856968879699707 40.19930648803711 0
vertex -12.856968879699707 40.19930648803711 -4.099999904632568
vertex -10.047913551330566 51.46598815917969 0
endloop
endfacet
facet normal 0 0 1
outer loop
vertex 24.61937141418457 -27.08757972717285 -4.099999904632568
vertex 57.1193733215332 -27.08757972717285 -4.099999904632568
vertex 56.81937026977539 -25.517738342285156 -4.099999904632568
endloop
endfacet
facet normal 0 0 1
outer loop
vertex 25.44013023376465 47.752891540527344 -4.099999904632568
vertex -41.8806266784668 -27.08757972717285 -4.099999904632568
vertex 24.61937141418457 -27.08757972717285 -4.099999904632568
endloop
endfacet
facet normal 0.7071034920806764 0.7071100702771196 0
outer loop
vertex -42.77057647705078 -59.78757858276367 0
vertex -42.77057647705078 -59.78757858276367 -4.099999904632568
vertex -43.18062973022461 -59.37752914428711 0
endloop
endfacet
facet normal 0 0 1
outer loop
vertex 41.49129867553711 50.364898681640625 -4.099999904632568
vertex 42.12765884399414 25.66864776611328 -4.099999904632568
vertex 47.604331970214844 26.634323120117188 -4.099999904632568
endloop
endfacet
facet normal 0 0 1
outer loop
vertex 41.49129867553711 50.364898681640625 -4.099999904632568
vertex 47.604331970214844 26.634323120117188 -4.099999904632568
vertex 47.73284149169922 26.684297561645508 -4.099999904632568
endloop
endfacet
facet normal 0 0 1
outer loop
vertex 41.49129867553711 50.364898681640625 -4.099999904632568
vertex 47.73284149169922 26.684297561645508 -4.099999904632568
vertex 48.51956558227539 27.18549346923828 -4.099999904632568
endloop
endfacet
facet normal 0 0 1
outer loop
vertex 48.51956558227539 27.18549346923828 -4.099999904632568
vertex 49.01958465576172 27.27703857421875 -4.099999904632568
vertex 41.61327362060547 50.39727783203125 -4.099999904632568
endloop
endfacet
facet normal 1 0 0
outer loop
vertex -43.18062973022461 -59.37752914428711 0
vertex -43.18062973022461 -59.37752914428711 -4.099999904632568
vertex -43.18062973022461 -57.674102783203125 0
endloop
endfacet
facet normal 0.7071085522410203 0.7071050101276388 0
outer loop
vertex -43.18062973022461 -57.674102783203125 0
vertex -43.18062973022461 -57.674102783203125 -4.099999904632568
vertex -43.9421501159668 -56.91257858276367 0
endloop
endfacet
facet normal 0 0 1
outer loop
vertex 49.01958465576172 27.27703857421875 -4.099999904632568
vertex 49.254539489746094 27.228168487548828 -4.099999904632568
vertex 41.61327362060547 50.39727783203125 -4.099999904632568
endloop
endfacet
facet normal 0 0 1
outer loop
vertex 41.61327362060547 50.39727783203125 -4.099999904632568
vertex 49.254539489746094 27.228168487548828 -4.099999904632568
vertex 50.58584213256836 27.216552734375 -4.099999904632568
endloop
endfacet
facet normal 0 0 1
outer loop
vertex 57.1193733215332 -59.78757858276367 -4.099999904632568
vertex 57.40932083129883 -59.78757858276367 -4.099999904632568
vertex 57.81937026977539 -59.37752914428711 -4.099999904632568
endloop
endfacet
facet normal 0 1 0
outer loop
vertex -41.8806266784668 -59.78757858276367 0
vertex -41.8806266784668 -59.78757858276367 -4.099999904632568
vertex -42.77057647705078 -59.78757858276367 0
endloop
endfacet
facet normal 0 0 1
outer loop
vertex -41.8806266784668 -27.08757972717285 -4.099999904632568
vertex -64.65408325195312 -56.643856048583984 -4.099999904632568
vertex -53.654083251953125 -56.643856048583984 -4.099999904632568
endloop
endfacet
facet normal 0 0 1
outer loop
vertex -41.8806266784668 -27.08757972717285 -4.099999904632568
vertex -53.654083251953125 -56.643856048583984 -4.099999904632568
vertex -53.46274185180664 -56.681915283203125 -4.099999904632568
endloop
endfacet
facet normal 0 0 1
outer loop
vertex -41.8806266784668 -27.08757972717285 -4.099999904632568
vertex -53.46274185180664 -56.681915283203125 -4.099999904632568
vertex -53.30052947998047 -56.79030227661133 -4.099999904632568
endloop
endfacet
facet normal 0 0 1
outer loop
vertex -41.8806266784668 -27.08757972717285 -4.099999904632568
vertex -53.30052947998047 -56.79030227661133 -4.099999904632568
vertex -53.21882629394531 -56.91257858276367 -4.099999904632568
endloop
endfacet
facet normal 0 0 1
outer loop
vertex -41.8806266784668 -27.08757972717285 -4.099999904632568
vertex -53.21882629394531 -56.91257858276367 -4.099999904632568
vertex -43.9421501159668 -56.91257858276367 -4.099999904632568
endloop
endfacet
facet normal 0 0 1
outer loop
vertex 41.61327362060547 50.39727783203125 -4.099999904632568
vertex 50.58584213256836 27.216552734375 -4.099999904632568
vertex 50.721309661865234 27.242271423339844 -4.099999904632568
endloop
endfacet
facet normal 0 0 1
outer loop
vertex 41.49129867553711 50.364898681640625 -4.099999904632568
vertex 48.51956558227539 27.18549346923828 -4.099999904632568
vertex 41.61327362060547 50.39727783203125 -4.099999904632568
endloop
endfacet
facet normal -0.37460654875289534 0.9271838726118162 0
outer loop
vertex 50.721309661865234 27.242271423339844 0
vertex 68.38187408447266 34.377601623535156 -4.099999904632568
vertex 50.721309661865234 27.242271423339844 -4.099999904632568
endloop
endfacet
facet normal 0 0 1
outer loop
vertex 41.61327362060547 50.39727783203125 -4.099999904632568
vertex 50.721309661865234 27.242271423339844 -4.099999904632568
vertex 59.32514190673828 56.99296951293945 -4.099999904632568
endloop
endfacet
facet normal 0 0 1
outer loop
vertex 59.32514190673828 56.99296951293945 -4.099999904632568
vertex 50.721309661865234 27.242271423339844 -4.099999904632568
vertex 59.59850311279297 56.984947204589844 -4.099999904632568
endloop
endfacet
facet normal 0 0 1
outer loop
vertex 24.61937141418457 -27.08757972717285 -4.099999904632568
vertex 42.2808952331543 -7.012580394744873 -4.099999904632568
vertex 41.519371032714844 -6.2510576248168945 -4.099999904632568
endloop
endfacet
facet normal 0.2565712849154485 -0.9665253104584669 0
outer loop
vertex 41.49129867553711 50.364898681640625 -4.099999904632568
vertex 41.61327362060547 50.39727783203125 -4.099999904632568
vertex 41.61327362060547 50.39727783203125 0
endloop
endfacet
facet normal 0.2565712849154485 -0.9665253104584669 0
outer loop
vertex 41.49129867553711 50.364898681640625 0
vertex 41.49129867553711 50.364898681640625 -4.099999904632568
vertex 41.61327362060547 50.39727783203125 0
endloop
endfacet
facet normal 0.3489767218452512 -0.9371313929274497 0
outer loop
vertex 41.61327362060547 50.39727783203125 0
vertex 41.61327362060547 50.39727783203125 -4.099999904632568
vertex 59.32514190673828 56.99296951293945 0
endloop
endfacet
facet normal 0.3489767218452512 -0.9371313929274497 0
outer loop
vertex 59.32514190673828 56.99296951293945 0
vertex 41.61327362060547 50.39727783203125 -4.099999904632568
vertex 59.32514190673828 56.99296951293945 -4.099999904632568
endloop
endfacet
facet normal 0 0 1
outer loop
vertex 50.721309661865234 27.242271423339844 -4.099999904632568
vertex 68.38187408447266 34.377601623535156 -4.099999904632568
vertex 68.58049774169922 34.57278823852539 -4.099999904632568
endloop
endfacet
facet normal 0 0 1
outer loop
vertex 50.721309661865234 27.242271423339844 -4.099999904632568
vertex 68.58049774169922 34.57278823852539 -4.099999904632568
vertex 69.66038513183594 37.11684036254883 -4.099999904632568
endloop
endfacet
facet normal 0 0 1
outer loop
vertex 24.61937141418457 -27.08757972717285 -4.099999904632568
vertex 41.519371032714844 -6.2510576248168945 -4.099999904632568
vertex 41.519371032714844 -2.884695291519165 -4.099999904632568
endloop
endfacet
facet normal 0 0 1
outer loop
vertex 24.61937141418457 -27.08757972717285 -4.099999904632568
vertex 41.519371032714844 -2.884695291519165 -4.099999904632568
vertex 39.91091537475586 -0.5875802040100098 -4.099999904632568
endloop
endfacet
facet normal 0 0 1
outer loop
vertex 50.721309661865234 27.242271423339844 -4.099999904632568
vertex 69.66038513183594 37.11684036254883 -4.099999904632568
vertex 69.66281127929688 37.39530944824219 -4.099999904632568
endloop
endfacet
facet normal 0 0 1
outer loop
vertex 50.721309661865234 27.242271423339844 -4.099999904632568
vertex 69.66281127929688 37.39530944824219 -4.099999904632568
vertex 62.26914978027344 55.69526672363281 -4.099999904632568
endloop
endfacet
facet normal -0.37460654875289534 0.9271838726118162 0
outer loop
vertex 68.38187408447266 34.377601623535156 -4.099999904632568
vertex 50.721309661865234 27.242271423339844 0
vertex 68.38187408447266 34.377601623535156 0
endloop
endfacet
facet normal 0.7071074713151305 0.7071060910572913 0
outer loop
vertex -67.51979064941406 -56.80601119995117 0
vertex -67.51979064941406 -56.80601119995117 -4.099999904632568
vertex -69.47406005859375 -54.85173797607422 0
endloop
endfacet
facet normal 0.9238805955815449 0.38268086587637207 0
outer loop
vertex -69.47406005859375 -54.85173797607422 0
vertex -69.47406005859375 -54.85173797607422 -4.099999904632568
vertex -69.58062744140625 -54.594459533691406 0
endloop
endfacet
facet normal 0.7071074713151305 0.7071060910572913 0
outer loop
vertex -67.51979064941406 -56.80601119995117 -4.099999904632568
vertex -69.47406005859375 -54.85173797607422 -4.099999904632568
vertex -69.47406005859375 -54.85173797607422 0
endloop
endfacet
facet normal 0.9238805955815449 0.38268086587637207 0
outer loop
vertex -69.47406005859375 -54.85173797607422 -4.099999904632568
vertex -69.58062744140625 -54.594459533691406 -4.099999904632568
vertex -69.58062744140625 -54.594459533691406 0
endloop
endfacet
facet normal 0 0 1
outer loop
vertex -43.18062973022461 -57.674102783203125 -4.099999904632568
vertex -43.18062973022461 -59.37752914428711 -4.099999904632568
vertex -41.8806266784668 -27.08757972717285 -4.099999904632568
endloop
endfacet
facet normal 0 0 1
outer loop
vertex -41.8806266784668 -27.08757972717285 -4.099999904632568
vertex -43.9421501159668 -56.91257858276367 -4.099999904632568
vertex -43.18062973022461 -57.674102783203125 -4.099999904632568
endloop
endfacet
facet normal 1 0 0
outer loop
vertex -69.58062744140625 -54.594459533691406 0
vertex -69.58062744140625 -54.594459533691406 -4.099999904632568
vertex -69.58062744140625 43.7943000793457 0
endloop
endfacet
facet normal 0 0 1
outer loop
vertex 42.2808952331543 -7.012580394744873 -4.099999904632568
vertex 24.61937141418457 -27.08757972717285 -4.099999904632568
vertex 46.49937057495117 -7.176037311553955 -4.099999904632568
endloop
endfacet
facet normal 0 0 1
outer loop
vertex 24.61937141418457 -27.08757972717285 -4.099999904632568
vertex 38.584903717041016 2.2560572624206543 -4.099999904632568
vertex 37.772830963134766 5.286752700805664 -4.099999904632568
endloop
endfacet
facet normal 0 0 1
outer loop
vertex 24.61937141418457 -27.08757972717285 -4.099999904632568
vertex 37.772830963134766 5.286752700805664 -4.099999904632568
vertex 37.49937057495117 8.412420272827148 -4.099999904632568
endloop
endfacet
facet normal 0 1 0
outer loop
vertex -65.08934020996094 -56.91257858276367 -4.099999904632568
vertex -67.26250457763672 -56.91257858276367 0
vertex -65.08934020996094 -56.91257858276367 0
endloop
endfacet
facet normal 0.3826711798629699 0.9238846075686522 0
outer loop
vertex -67.26250457763672 -56.91257858276367 0
vertex -67.26250457763672 -56.91257858276367 -4.099999904632568
vertex -67.51979064941406 -56.80601119995117 0
endloop
endfacet
facet normal 0 0 1
outer loop
vertex 24.61937141418457 -27.08757972717285 -4.099999904632568
vertex 37.49937057495117 8.412420272827148 -4.099999904632568
vertex 37.772830963134766 11.538086891174316 -4.099999904632568
endloop
endfacet
facet normal -0.18651966045679902 0.9824512284399061 0
outer loop
vertex 50.721309661865234 27.242271423339844 -4.099999904632568
vertex 50.58584213256836 27.216552734375 0
vertex 50.721309661865234 27.242271423339844 0
endloop
endfacet
facet normal 0.008724771277953548 0.9999619384587332 0
outer loop
vertex 50.58584213256836 27.216552734375 0
vertex 50.58584213256836 27.216552734375 -4.099999904632568
vertex 49.254539489746094 27.228168487548828 0
endloop
endfacet
facet normal 0.20363939826051183 0.9790459618813085 0
outer loop
vertex 49.254539489746094 27.228168487548828 0
vertex 49.254539489746094 27.228168487548828 -4.099999904632568
vertex 49.01958465576172 27.27703857421875 0
endloop
endfacet
facet normal 0 0 1
outer loop
vertex -69.58062744140625 -54.594459533691406 -4.099999904632568
vertex -41.8806266784668 -27.08757972717285 -4.099999904632568
vertex 25.44013023376465 47.752891540527344 -4.099999904632568
endloop
endfacet
facet normal -0.18008984540015227 0.9836501652435937 0
outer loop
vertex 49.01958465576172 27.27703857421875 0
vertex 49.01958465576172 27.27703857421875 -4.099999904632568
vertex 48.51956558227539 27.18549346923828 0
endloop
endfacet
facet normal -0.5372976150710346 0.8433927156663013 0
outer loop
vertex 48.51956558227539 27.18549346923828 0
vertex 48.51956558227539 27.18549346923828 -4.099999904632568
vertex 47.73284149169922 26.684297561645508 0
endloop
endfacet
facet normal -0.18651966045679902 0.9824512284399061 0
outer loop
vertex 50.58584213256836 27.216552734375 -4.099999904632568
vertex 50.58584213256836 27.216552734375 0
vertex 50.721309661865234 27.242271423339844 -4.099999904632568
endloop
endfacet
facet normal 0.008724771277953548 0.9999619384587332 0
outer loop
vertex 49.254539489746094 27.228168487548828 -4.099999904632568
vertex 49.254539489746094 27.228168487548828 0
vertex 50.58584213256836 27.216552734375 -4.099999904632568
endloop
endfacet
facet normal 0.20363939826051183 0.9790459618813085 0
outer loop
vertex 49.01958465576172 27.27703857421875 -4.099999904632568
vertex 49.01958465576172 27.27703857421875 0
vertex 49.254539489746094 27.228168487548828 -4.099999904632568
endloop
endfacet
facet normal -0.18008984540015227 0.9836501652435937 0
outer loop
vertex 48.51956558227539 27.18549346923828 -4.099999904632568
vertex 48.51956558227539 27.18549346923828 0
vertex 49.01958465576172 27.27703857421875 -4.099999904632568
endloop
endfacet
facet normal 0.5354608137716501 -0.8445600730054684 0
outer loop
vertex -13.735807418823242 39.642112731933594 0
vertex -13.735807418823242 39.642112731933594 -4.099999904632568
vertex -12.856968879699707 40.19930648803711 0
endloop
endfacet
facet normal -0.7009086991615886 0.7132510045135653 0
outer loop
vertex 68.58049774169922 34.57278823852539 -4.099999904632568
vertex 68.38187408447266 34.377601623535156 -4.099999904632568
vertex 68.38187408447266 34.377601623535156 0
endloop
endfacet
facet normal -0.9205046800611506 0.390731536973302 0
outer loop
vertex 69.66038513183594 37.11684036254883 -4.099999904632568
vertex 68.58049774169922 34.57278823852539 -4.099999904632568
vertex 68.58049774169922 34.57278823852539 0
endloop
endfacet
facet normal -0.19508927595025308 -0.98078548847809 0
outer loop
vertex -14.214947700500488 39.73741912841797 0
vertex -14.214947700500488 39.73741912841797 -4.099999904632568
vertex -13.735807418823242 39.642112731933594 0
endloop
endfacet
facet normal 0 0 1
outer loop
vertex -12.856968879699707 40.19930648803711 -4.099999904632568
vertex 9.398140907287598 49.02799987792969 -4.099999904632568
vertex -10.047913551330566 51.46598815917969 -4.099999904632568
endloop
endfacet
facet normal -0.19508927595025308 -0.98078548847809 0
outer loop
vertex -14.214947700500488 39.73741912841797 -4.099999904632568
vertex -13.735807418823242 39.642112731933594 -4.099999904632568
vertex -13.735807418823242 39.642112731933594 0
endloop
endfacet
facet normal 0 0 1
outer loop
vertex -13.735807418823242 39.642112731933594 -4.099999904632568
vertex 9.398140907287598 49.02799987792969 -4.099999904632568
vertex -12.856968879699707 40.19930648803711 -4.099999904632568
endloop
endfacet
facet normal 0 0 1
outer loop
vertex -69.58062744140625 -54.594459533691406 -4.099999904632568
vertex -27.419105529785156 39.73741912841797 -4.099999904632568
vertex -69.58062744140625 43.7943000793457 -4.099999904632568
endloop
endfacet
facet normal 1 0 0
outer loop
vertex -69.58062744140625 43.7943000793457 0
vertex -69.58062744140625 -54.594459533691406 -4.099999904632568
vertex -69.58062744140625 43.7943000793457 -4.099999904632568
endloop
endfacet
facet normal 0 0 1
outer loop
vertex -27.419105529785156 39.73741912841797 -4.099999904632568
vertex -69.58062744140625 -54.594459533691406 -4.099999904632568
vertex -14.214947700500488 39.73741912841797 -4.099999904632568
endloop
endfacet
facet normal 0 1 0
outer loop
vertex -65.08934020996094 -56.91257858276367 -4.099999904632568
vertex -67.26250457763672 -56.91257858276367 -4.099999904632568
vertex -67.26250457763672 -56.91257858276367 0
endloop
endfacet
facet normal 0.3826711798629699 0.9238846075686522 0
outer loop
vertex -67.51979064941406 -56.80601119995117 -4.099999904632568
vertex -67.51979064941406 -56.80601119995117 0
vertex -67.26250457763672 -56.91257858276367 -4.099999904632568
endloop
endfacet
facet normal 0.16176383511952616 -0.9868294997857647 0
outer loop
vertex 25.596996307373047 47.75946044921875 0
vertex 25.596996307373047 47.75946044921875 -4.099999904632568
vertex 41.49129867553711 50.364898681640625 0
endloop
endfacet
facet normal -0.3624369155565516 0.9320083058867303 0
outer loop
vertex 47.73284149169922 26.684297561645508 0
vertex 47.73284149169922 26.684297561645508 -4.099999904632568
vertex 47.604331970214844 26.634323120117188 0
endloop
endfacet
facet normal -0.17364645416394078 0.9848080569107314 0
outer loop
vertex 47.604331970214844 26.634323120117188 0
vertex 47.604331970214844 26.634323120117188 -4.099999904632568
vertex 42.12765884399414 25.66864776611328 0
endloop
endfacet
facet normal 0.16176383511952616 -0.9868294997857647 0
outer loop
vertex 25.596996307373047 47.75946044921875 -4.099999904632568
vertex 41.49129867553711 50.364898681640625 -4.099999904632568
vertex 41.49129867553711 50.364898681640625 0
endloop
endfacet
facet normal -0.7660430505249876 0.6427892693117794 0
outer loop
vertex 42.12765884399414 25.66864776611328 0
vertex 42.12765884399414 25.66864776611328 -4.099999904632568
vertex 41.519371032714844 24.943721771240234 0
endloop
endfacet
facet normal -0.7071067811865476 -0.7071067811865476 0
outer loop
vertex -30.241470336914062 46.00585174560547 0
vertex -30.241470336914062 46.00585174560547 -4.099999904632568
vertex -28.28719711303711 44.051578521728516 0
endloop
endfacet
facet normal -0.38268086587637207 -0.9238805955815449 0
outer loop
vertex -30.498748779296875 46.11241912841797 0
vertex -30.498748779296875 46.11241912841797 -4.099999904632568
vertex -30.241470336914062 46.00585174560547 0
endloop
endfacet
facet normal -0.7009086991615886 0.7132510045135653 0
outer loop
vertex 68.58049774169922 34.57278823852539 0
vertex 68.58049774169922 34.57278823852539 -4.099999904632568
vertex 68.38187408447266 34.377601623535156 0
endloop
endfacet
facet normal -0.9205046800611506 0.390731536973302 0
outer loop
vertex 68.58049774169922 34.57278823852539 0
vertex 69.66038513183594 37.11684036254883 0
vertex 69.66038513183594 37.11684036254883 -4.099999904632568
endloop
endfacet
facet normal -0.7071067811865476 -0.7071067811865476 0
outer loop
vertex -30.241470336914062 46.00585174560547 -4.099999904632568
vertex -28.28719711303711 44.051578521728516 -4.099999904632568
vertex -28.28719711303711 44.051578521728516 0
endloop
endfacet
facet normal -0.38268086587637207 -0.9238805955815449 0
outer loop
vertex -30.498748779296875 46.11241912841797 -4.099999904632568
vertex -30.241470336914062 46.00585174560547 -4.099999904632568
vertex -30.241470336914062 46.00585174560547 0
endloop
endfacet
facet normal 0 0 1
outer loop
vertex -69.58062744140625 43.7943000793457 -4.099999904632568
vertex -27.419105529785156 39.73741912841797 -4.099999904632568
vertex -69.47406005859375 44.051578521728516 -4.099999904632568
endloop
endfacet
facet normal 0 1 0
outer loop
vertex 57.1193733215332 -59.78757858276367 -4.099999904632568
vertex 57.1193733215332 -59.78757858276367 0
vertex 57.40932083129883 -59.78757858276367 -4.099999904632568
endloop
endfacet
facet normal -0.9999620487844668 0.008712117467731352 0
outer loop
vertex 69.66281127929688 37.39530944824219 -4.099999904632568
vertex 69.66038513183594 37.11684036254883 -4.099999904632568
vertex 69.66038513183594 37.11684036254883 0
endloop
endfacet
facet normal -0.9271838751895376 -0.3746065423728103 0
outer loop
vertex 62.26914978027344 55.69526672363281 -4.099999904632568
vertex 69.66281127929688 37.39530944824219 -4.099999904632568
vertex 69.66281127929688 37.39530944824219 0
endloop
endfacet
facet normal 0 0 1
outer loop
vertex -67.26250457763672 -56.91257858276367 -4.099999904632568
vertex -65.08934020996094 -56.91257858276367 -4.099999904632568
vertex -65.00763702392578 -56.79030227661133 -4.099999904632568
endloop
endfacet
facet normal -0.9999620487844668 0.008712117467731352 0
outer loop
vertex 69.66281127929688 37.39530944824219 0
vertex 69.66281127929688 37.39530944824219 -4.099999904632568
vertex 69.66038513183594 37.11684036254883 0
endloop
endfacet
facet normal 0 0 1
outer loop
vertex -69.47406005859375 44.051578521728516 -4.099999904632568
vertex -27.419105529785156 39.73741912841797 -4.099999904632568
vertex -67.51979064941406 46.00585174560547 -4.099999904632568
endloop
endfacet
facet normal 0 0 1
outer loop
vertex 38.584903717041016 2.2560572624206543 -4.099999904632568
vertex 24.61937141418457 -27.08757972717285 -4.099999904632568
vertex 39.91091537475586 -0.5875802040100098 -4.099999904632568
endloop
endfacet
facet normal -1 0 0
outer loop
vertex 41.519371032714844 24.943721771240234 0
vertex 41.519371032714844 24.943721771240234 -4.099999904632568
vertex 41.519371032714844 19.709535598754883 0
endloop
endfacet
facet normal 0 0 1
outer loop
vertex 38.584903717041016 14.568782806396484 -4.099999904632568
vertex 41.519371032714844 24.943721771240234 -4.099999904632568
vertex 24.61937141418457 -27.08757972717285 -4.099999904632568
endloop
endfacet
facet normal -0.5372976150710346 0.8433927156663013 0
outer loop
vertex 47.73284149169922 26.684297561645508 -4.099999904632568
vertex 47.73284149169922 26.684297561645508 0
vertex 48.51956558227539 27.18549346923828 -4.099999904632568
endloop
endfacet
facet normal 0 0 1
outer loop
vertex -67.51979064941406 46.00585174560547 -4.099999904632568
vertex -27.419105529785156 39.73741912841797 -4.099999904632568
vertex -67.26250457763672 46.11241912841797 -4.099999904632568
endloop
endfacet
facet normal 0 0 1
outer loop
vertex 50.721309661865234 27.242271423339844 -4.099999904632568
vertex 62.26914978027344 55.69526672363281 -4.099999904632568
vertex 62.07881164550781 55.891639709472656 -4.099999904632568
endloop
endfacet
facet normal 0 0 1
outer loop
vertex 59.59850311279297 56.984947204589844 -4.099999904632568
vertex 50.721309661865234 27.242271423339844 -4.099999904632568
vertex 62.07881164550781 55.891639709472656 -4.099999904632568
endloop
endfacet
facet normal 0 0 1
outer loop
vertex 25.44013023376465 47.752891540527344 -4.099999904632568
vertex 24.61937141418457 -27.08757972717285 -4.099999904632568
vertex 41.519371032714844 24.943721771240234 -4.099999904632568
endloop
endfacet
facet normal -0.3624369155565516 0.9320083058867303 0
outer loop
vertex 47.604331970214844 26.634323120117188 -4.099999904632568
vertex 47.604331970214844 26.634323120117188 0
vertex 47.73284149169922 26.684297561645508 -4.099999904632568
endloop
endfacet
facet normal -0.17364645416394078 0.9848080569107314 0
outer loop
vertex 42.12765884399414 25.66864776611328 -4.099999904632568
vertex 42.12765884399414 25.66864776611328 0
vertex 47.604331970214844 26.634323120117188 -4.099999904632568
endloop
endfacet
facet normal -0.7660430505249876 0.6427892693117794 0
outer loop
vertex 42.12765884399414 25.66864776611328 -4.099999904632568
vertex 41.519371032714844 24.943721771240234 -4.099999904632568
vertex 41.519371032714844 24.943721771240234 0
endloop
endfacet
facet normal -1 0 0
outer loop
vertex 41.519371032714844 24.943721771240234 -4.099999904632568
vertex 41.519371032714844 19.709535598754883 -4.099999904632568
vertex 41.519371032714844 19.709535598754883 0
endloop
endfacet
facet normal 0 0 1
outer loop
vertex 41.519371032714844 24.943721771240234 -4.099999904632568
vertex 39.91091537475586 17.41242027282715 -4.099999904632568
vertex 41.519371032714844 19.709535598754883 -4.099999904632568
endloop
endfacet
facet normal -0.24071968186459355 -0.970594680988418 0
outer loop
vertex 9.398140907287598 49.02799987792969 0
vertex -7.24124813079834 53.15477752685547 -4.099999904632568
vertex 9.398140907287598 49.02799987792969 -4.099999904632568
endloop
endfacet
facet normal 0 0 1
outer loop
vertex 41.519371032714844 24.943721771240234 -4.099999904632568
vertex 38.584903717041016 14.568782806396484 -4.099999904632568
vertex 39.91091537475586 17.41242027282715 -4.099999904632568
endloop
endfacet
facet normal -0.1602243683380454 -0.9870806207147795 0
outer loop
vertex 9.398140907287598 49.02799987792969 -4.099999904632568
vertex 9.503636360168457 49.0108757019043 -4.099999904632568
vertex 9.503636360168457 49.0108757019043 0
endloop
endfacet
facet normal 0.9238805955815449 -0.38268086587637207 0
outer loop
vertex -69.58062744140625 43.7943000793457 -4.099999904632568
vertex -69.47406005859375 44.051578521728516 -4.099999904632568
vertex -69.47406005859375 44.051578521728516 0
endloop
endfacet
facet normal -0.1602243683380454 -0.9870806207147795 0
outer loop
vertex 9.398140907287598 49.02799987792969 0
vertex 9.398140907287598 49.02799987792969 -4.099999904632568
vertex 9.503636360168457 49.0108757019043 0
endloop
endfacet
facet normal 0 1 0
outer loop
vertex 57.1193733215332 -59.78757858276367 0
vertex 57.40932083129883 -59.78757858276367 0
vertex 57.40932083129883 -59.78757858276367 -4.099999904632568
endloop
endfacet
facet normal 0.9238805955815449 -0.38268086587637207 0
outer loop
vertex -69.58062744140625 43.7943000793457 0
vertex -69.58062744140625 43.7943000793457 -4.099999904632568
vertex -69.47406005859375 44.051578521728516 0
endloop
endfacet
facet normal 0.041839235939184476 -0.9991243557916227 0
outer loop
vertex 25.44013023376465 47.752891540527344 0
vertex 25.44013023376465 47.752891540527344 -4.099999904632568
vertex 25.596996307373047 47.75946044921875 0
endloop
endfacet
facet normal 0.041839235939184476 -0.9991243557916227 0
outer loop
vertex 25.44013023376465 47.752891540527344 -4.099999904632568
vertex 25.596996307373047 47.75946044921875 -4.099999904632568
vertex 25.596996307373047 47.75946044921875 0
endloop
endfacet
facet normal 0 0 1
outer loop
vertex 25.596996307373047 47.75946044921875 -4.099999904632568
vertex 42.12765884399414 25.66864776611328 -4.099999904632568
vertex 41.49129867553711 50.364898681640625 -4.099999904632568
endloop
endfacet
facet normal 0 0 1
outer loop
vertex 41.519371032714844 24.943721771240234 -4.099999904632568
vertex 25.596996307373047 47.75946044921875 -4.099999904632568
vertex 25.44013023376465 47.752891540527344 -4.099999904632568
endloop
endfacet
facet normal 0 0 1
outer loop
vertex 25.596996307373047 47.75946044921875 -4.099999904632568
vertex 41.519371032714844 24.943721771240234 -4.099999904632568
vertex 42.12765884399414 25.66864776611328 -4.099999904632568
endloop
endfacet
facet normal 0.7071074713151305 -0.7071060910572913 0
outer loop
vertex -69.47406005859375 44.051578521728516 -4.099999904632568
vertex -67.51979064941406 46.00585174560547 -4.099999904632568
vertex -67.51979064941406 46.00585174560547 0
endloop
endfacet
facet normal 0 -1 0
outer loop
vertex -27.419105529785156 39.73741912841797 0
vertex -27.419105529785156 39.73741912841797 -4.099999904632568
vertex -14.214947700500488 39.73741912841797 0
endloop
endfacet
facet normal 0 -1 0
outer loop
vertex -27.419105529785156 39.73741912841797 -4.099999904632568
vertex -14.214947700500488 39.73741912841797 -4.099999904632568
vertex -14.214947700500488 39.73741912841797 0
endloop
endfacet
facet normal 0.3826711798629699 -0.9238846075686522 0
outer loop
vertex -67.51979064941406 46.00585174560547 -4.099999904632568
vertex -67.26250457763672 46.11241912841797 -4.099999904632568
vertex -67.26250457763672 46.11241912841797 0
endloop
endfacet
facet normal 0.7071074713151305 -0.7071060910572913 0
outer loop
vertex -69.47406005859375 44.051578521728516 0
vertex -69.47406005859375 44.051578521728516 -4.099999904632568
vertex -67.51979064941406 46.00585174560547 0
endloop
endfacet
facet normal -1 0 0
outer loop
vertex 57.81937026977539 -26.797630310058594 -4.099999904632568
vertex 57.81937026977539 -59.37752914428711 0
vertex 57.81937026977539 -26.797630310058594 0
endloop
endfacet
facet normal 0.3826711798629699 -0.9238846075686522 0
outer loop
vertex -67.51979064941406 46.00585174560547 0
vertex -67.51979064941406 46.00585174560547 -4.099999904632568
vertex -67.26250457763672 46.11241912841797 0
endloop
endfacet
facet normal -1 0 0
outer loop
vertex 57.81937026977539 -26.797630310058594 -4.099999904632568
vertex 57.81937026977539 -59.37752914428711 -4.099999904632568
vertex 57.81937026977539 -59.37752914428711 0
endloop
endfacet
facet normal 0 0 1
outer loop
vertex 57.81937026977539 -26.797630310058594 -4.099999904632568
vertex 57.1193733215332 -59.78757858276367 -4.099999904632568
vertex 57.81937026977539 -59.37752914428711 -4.099999904632568
endloop
endfacet
facet normal -0.9238781740100104 -0.38268671206083055 0
outer loop
vertex -28.28719711303711 44.051578521728516 -4.099999904632568
vertex -28.180627822875977 43.7943000793457 0
vertex -28.28719711303711 44.051578521728516 0
endloop
endfacet
facet normal 0 0 1
outer loop
vertex 9.503636360168457 49.0108757019043 -4.099999904632568
vertex -69.58062744140625 -54.594459533691406 -4.099999904632568
vertex 25.44013023376465 47.752891540527344 -4.099999904632568
endloop
endfacet
facet normal 0 0 1
outer loop
vertex 9.398140907287598 49.02799987792969 -4.099999904632568
vertex -69.58062744140625 -54.594459533691406 -4.099999904632568
vertex 9.503636360168457 49.0108757019043 -4.099999904632568
endloop
endfacet
facet normal -1 0 0
outer loop
vertex -28.180627822875977 43.7943000793457 0
vertex -28.180627822875977 43.7943000793457 -4.099999904632568
vertex -28.180627822875977 40.49894332885742 0
endloop
endfacet
facet normal -0.7071076667132294 -0.7071058956587566 0
outer loop
vertex -28.180627822875977 40.49894332885742 0
vertex -28.180627822875977 40.49894332885742 -4.099999904632568
vertex -27.419105529785156 39.73741912841797 0
endloop
endfacet
facet normal 0 0 1
outer loop
vertex -13.735807418823242 39.642112731933594 -4.099999904632568
vertex -69.58062744140625 -54.594459533691406 -4.099999904632568
vertex 9.398140907287598 49.02799987792969 -4.099999904632568
endloop
endfacet
facet normal -0.9238781740100104 -0.38268671206083055 0
outer loop
vertex -28.28719711303711 44.051578521728516 -4.099999904632568
vertex -28.180627822875977 43.7943000793457 -4.099999904632568
vertex -28.180627822875977 43.7943000793457 0
endloop
endfacet
facet normal -0.9271838751895376 -0.3746065423728103 0
outer loop
vertex 62.26914978027344 55.69526672363281 -4.099999904632568
vertex 69.66281127929688 37.39530944824219 0
vertex 62.26914978027344 55.69526672363281 0
endloop
endfacet
facet normal -0.029334286758559345 -0.999569657212726 0
outer loop
vertex 59.32514190673828 56.99296951293945 -4.099999904632568
vertex 59.59850311279297 56.984947204589844 -4.099999904632568
vertex 59.59850311279297 56.984947204589844 0
endloop
endfacet
facet normal -0.403347961601739 -0.9150466774278361 0
outer loop
vertex 59.59850311279297 56.984947204589844 -4.099999904632568
vertex 62.07881164550781 55.891639709472656 -4.099999904632568
vertex 62.07881164550781 55.891639709472656 0
endloop
endfacet
facet normal -0.7180541621454279 -0.6959872270563788 0
outer loop
vertex 62.07881164550781 55.891639709472656 -4.099999904632568
vertex 62.26914978027344 55.69526672363281 -4.099999904632568
vertex 62.26914978027344 55.69526672363281 0
endloop
endfacet
facet normal -0.029334286758559345 -0.999569657212726 0
outer loop
vertex 59.32514190673828 56.99296951293945 0
vertex 59.32514190673828 56.99296951293945 -4.099999904632568
vertex 59.59850311279297 56.984947204589844 0
endloop
endfacet
facet normal -0.403347961601739 -0.9150466774278361 0
outer loop
vertex 59.59850311279297 56.984947204589844 0
vertex 59.59850311279297 56.984947204589844 -4.099999904632568
vertex 62.07881164550781 55.891639709472656 0
endloop
endfacet
facet normal -1 0 0
outer loop
vertex -28.180627822875977 43.7943000793457 -4.099999904632568
vertex -28.180627822875977 40.49894332885742 -4.099999904632568
vertex -28.180627822875977 40.49894332885742 0
endloop
endfacet
facet normal -0.7071076667132294 -0.7071058956587566 0
outer loop
vertex -28.180627822875977 40.49894332885742 -4.099999904632568
vertex -27.419105529785156 39.73741912841797 -4.099999904632568
vertex -27.419105529785156 39.73741912841797 0
endloop
endfacet
facet normal -0.07869253298858336 -0.9968989343217499 0
outer loop
vertex 9.503636360168457 49.0108757019043 0
vertex 9.503636360168457 49.0108757019043 -4.099999904632568
vertex 25.44013023376465 47.752891540527344 0
endloop
endfacet
facet normal -0.07869253298858336 -0.9968989343217499 0
outer loop
vertex 9.503636360168457 49.0108757019043 -4.099999904632568
vertex 25.44013023376465 47.752891540527344 -4.099999904632568
vertex 25.44013023376465 47.752891540527344 0
endloop
endfacet
facet normal -0.7071067811865475 0.7071067811865475 0
outer loop
vertex 57.81937026977539 -59.37752914428711 -4.099999904632568
vertex 57.40932083129883 -59.78757858276367 0
vertex 57.81937026977539 -59.37752914428711 0
endloop
endfacet
facet normal -0.7180541621454279 -0.6959872270563788 0
outer loop
vertex 62.07881164550781 55.891639709472656 0
vertex 62.07881164550781 55.891639709472656 -4.099999904632568
vertex 62.26914978027344 55.69526672363281 0
endloop
endfacet
facet normal -0.7071067811865475 0.7071067811865475 0
outer loop
vertex 57.81937026977539 -59.37752914428711 -4.099999904632568
vertex 57.40932083129883 -59.78757858276367 -4.099999904632568
vertex 57.40932083129883 -59.78757858276367 0
endloop
endfacet
facet normal 0 0 1
outer loop
vertex 57.1193733215332 -27.08757972717285 -4.099999904632568
vertex 57.1193733215332 -59.78757858276367 -4.099999904632568
vertex 57.81937026977539 -26.797630310058594 -4.099999904632568
endloop
endfacet
facet normal 0 -1 0
outer loop
vertex -67.26250457763672 46.11241912841797 0
vertex -67.26250457763672 46.11241912841797 -4.099999904632568
vertex -30.498748779296875 46.11241912841797 0
endloop
endfacet
facet normal 0 0 1
outer loop
vertex -67.26250457763672 46.11241912841797 -4.099999904632568
vertex -27.419105529785156 39.73741912841797 -4.099999904632568
vertex -28.180627822875977 40.49894332885742 -4.099999904632568
endloop
endfacet
facet normal 0 0 1
outer loop
vertex -67.26250457763672 46.11241912841797 -4.099999904632568
vertex -28.180627822875977 40.49894332885742 -4.099999904632568
vertex -30.498748779296875 46.11241912841797 -4.099999904632568
endloop
endfacet
facet normal 0 -1 0
outer loop
vertex -30.498748779296875 46.11241912841797 0
vertex -67.26250457763672 46.11241912841797 -4.099999904632568
vertex -30.498748779296875 46.11241912841797 -4.099999904632568
endloop
endfacet
facet normal 0 0 1
outer loop
vertex -28.28719711303711 44.051578521728516 -4.099999904632568
vertex -28.180627822875977 40.49894332885742 -4.099999904632568
vertex -28.180627822875977 43.7943000793457 -4.099999904632568
endloop
endfacet
facet normal 0 0 1
outer loop
vertex -30.241470336914062 46.00585174560547 -4.099999904632568
vertex -28.180627822875977 40.49894332885742 -4.099999904632568
vertex -28.28719711303711 44.051578521728516 -4.099999904632568
endloop
endfacet
facet normal 0 0 1
outer loop
vertex -30.498748779296875 46.11241912841797 -4.099999904632568
vertex -28.180627822875977 40.49894332885742 -4.099999904632568
vertex -30.241470336914062 46.00585174560547 -4.099999904632568
endloop
endfacet
facet normal 0.5354608137716501 -0.8445600730054684 0
outer loop
vertex -13.735807418823242 39.642112731933594 -4.099999904632568
vertex -12.856968879699707 40.19930648803711 -4.099999904632568
vertex -12.856968879699707 40.19930648803711 0
endloop
endfacet
facet normal -1 0 0
outer loop
vertex 24.61937141418457 -27.08757972717285 -11.899999618530273
vertex 24.61937141418457 -42.087581634521484 -11.899999618530273
vertex 24.61937141418457 -27.08757972717285 -8.199999809265137
endloop
endfacet
facet normal 0 -1 0
outer loop
vertex 24.61937141418457 -27.08757972717285 -4.099999904632568
vertex -41.8806266784668 -27.08757972717285 -11.899999618530273
vertex 24.61937141418457 -27.08757972717285 -8.199999809265137
endloop
endfacet
facet normal 0 -1 0
outer loop
vertex -41.8806266784668 -27.08757972717285 -11.899999618530273
vertex 24.61937141418457 -27.08757972717285 -11.899999618530273
vertex 24.61937141418457 -27.08757972717285 -8.199999809265137
endloop
endfacet
facet normal 0 0 1
outer loop
vertex -41.8806266784668 -60.087581634521484 -11.899999618530273
vertex 19.11937141418457 -42.087581634521484 -11.899999618530273
vertex -41.8806266784668 -27.08757972717285 -11.899999618530273
endloop
endfacet
facet normal 0 0 1
outer loop
vertex 19.11937141418457 -42.087581634521484 -11.899999618530273
vertex -41.8806266784668 -60.087581634521484 -11.899999618530273
vertex 19.11937141418457 -60.087581634521484 -11.899999618530273
endloop
endfacet
facet normal 0 0 1
outer loop
vertex -41.8806266784668 -27.08757972717285 -11.899999618530273
vertex 19.11937141418457 -42.087581634521484 -11.899999618530273
vertex 24.61937141418457 -27.08757972717285 -11.899999618530273
endloop
endfacet
facet normal 1 0 0
outer loop
vertex -41.8806266784668 -60.087581634521484 -11.899999618530273
vertex -41.8806266784668 -27.08757972717285 -4.099999904632568
vertex -41.8806266784668 -59.78757858276367 -4.099999904632568
endloop
endfacet
facet normal 1 0 0
outer loop
vertex -41.8806266784668 -27.08757972717285 -4.099999904632568
vertex -41.8806266784668 -60.087581634521484 -11.899999618530273
vertex -41.8806266784668 -27.08757972717285 -11.899999618530273
endloop
endfacet
facet normal -1 0 0
outer loop
vertex 19.11937141418457 -60.087581634521484 -11.899999618530273
vertex 19.11937141418457 -60.087581634521484 -8.199999809265137
vertex 19.11937141418457 -42.087581634521484 -8.199999809265137
endloop
endfacet
facet normal -1 0 0
outer loop
vertex 19.11937141418457 -42.087581634521484 -11.899999618530273
vertex 19.11937141418457 -60.087581634521484 -11.899999618530273
vertex 19.11937141418457 -42.087581634521484 -8.199999809265137
endloop
endfacet
facet normal 0 -1 0
outer loop
vertex -41.8806266784668 -27.08757972717285 -4.099999904632568
vertex -41.8806266784668 -27.08757972717285 -11.899999618530273
vertex 24.61937141418457 -27.08757972717285 -4.099999904632568
endloop
endfacet
facet normal 0 1 0
outer loop
vertex 19.11937141418457 -60.087581634521484 -8.199999809265137
vertex -41.8806266784668 -60.087581634521484 0
vertex 19.11937141418457 -60.087581634521484 0
endloop
endfacet
facet normal 0 1 0
outer loop
vertex 19.11937141418457 -60.087581634521484 -11.899999618530273
vertex -41.8806266784668 -60.087581634521484 0
vertex 19.11937141418457 -60.087581634521484 -8.199999809265137
endloop
endfacet
facet normal 0 1 0
outer loop
vertex 19.11937141418457 -60.087581634521484 -11.899999618530273
vertex -41.8806266784668 -60.087581634521484 -11.899999618530273
vertex -41.8806266784668 -60.087581634521484 0
endloop
endfacet
facet normal -1 0 0
outer loop
vertex 24.61937141418457 -42.087581634521484 -11.899999618530273
vertex 24.61937141418457 -42.087581634521484 -8.199999809265137
vertex 24.61937141418457 -27.08757972717285 -8.199999809265137
endloop
endfacet
facet normal 0 1 0
outer loop
vertex 24.61937141418457 -42.087581634521484 -8.199999809265137
vertex 19.11937141418457 -42.087581634521484 -11.899999618530273
vertex 19.11937141418457 -42.087581634521484 -8.199999809265137
endloop
endfacet
facet normal 0 0 1
outer loop
vertex 24.61937141418457 -27.08757972717285 -11.899999618530273
vertex 19.11937141418457 -42.087581634521484 -11.899999618530273
vertex 24.61937141418457 -42.087581634521484 -11.899999618530273
endloop
endfacet
facet normal 1 0 0
outer loop
vertex -41.8806266784668 -60.087581634521484 0
vertex -41.8806266784668 -59.78757858276367 -4.099999904632568
vertex -41.8806266784668 -59.78757858276367 0
endloop
endfacet
facet normal 0 1 0
outer loop
vertex 24.61937141418457 -42.087581634521484 -11.899999618530273
vertex 19.11937141418457 -42.087581634521484 -11.899999618530273
vertex 24.61937141418457 -42.087581634521484 -8.199999809265137
endloop
endfacet
facet normal 1 0 0
outer loop
vertex -41.8806266784668 -59.78757858276367 -4.099999904632568
vertex -41.8806266784668 -60.087581634521484 0
vertex -41.8806266784668 -60.087581634521484 -11.899999618530273
endloop
endfacet
facet normal 0 0 1
outer loop
vertex 19.11937141418457 -42.087581634521484 -8.199999809265137
vertex 31.61937141418457 -51.087581634521484 -8.199999809265137
vertex 57.1193733215332 -60.087581634521484 -8.199999809265137
endloop
endfacet
facet normal 0 1 0
outer loop
vertex 22.86937141418457 -60.087581634521484 -5.699999809265137
vertex 22.4866886138916 -60.087581634521484 -5.776120662689209
vertex 19.11937141418457 -60.087581634521484 0
endloop
endfacet
facet normal 0 0 1
outer loop
vertex 24.61937141418457 -27.08757972717285 -8.199999809265137
vertex 24.61937141418457 -42.087581634521484 -8.199999809265137
vertex 29.069372177124023 -29.187580108642578 -8.199999809265137
endloop
endfacet
facet normal 0 0 1
outer loop
vertex 24.61937141418457 -27.08757972717285 -8.199999809265137
vertex 29.069372177124023 -29.187580108642578 -8.199999809265137
vertex 57.1193733215332 -27.08757972717285 -8.199999809265137
endloop
endfacet
facet normal 0 -1 0
outer loop
vertex 24.61937141418457 -27.08757972717285 -4.099999904632568
vertex 24.61937141418457 -27.08757972717285 -8.199999809265137
vertex 57.1193733215332 -27.08757972717285 -4.099999904632568
endloop
endfacet
facet normal 0 1 0
outer loop
vertex 31.61937141418457 -60.087581634521484 -8.199999809265137
vertex 31.36937141418457 -60.087581634521484 -6.699999809265137
vertex 43.641056060791016 -60.087581634521484 -5
endloop
endfacet
facet normal 0 0 1
outer loop
vertex 31.61937141418457 -51.087581634521484 -8.199999809265137
vertex 31.61937141418457 -60.087581634521484 -8.199999809265137
vertex 57.1193733215332 -60.087581634521484 -8.199999809265137
endloop
endfacet
facet normal 0 1 0
outer loop
vertex 57.1193733215332 -60.087581634521484 -8.199999809265137
vertex 31.61937141418457 -60.087581634521484 -8.199999809265137
vertex 43.641056060791016 -60.087581634521484 -5
endloop
endfacet
facet normal 0 1 0
outer loop
vertex 57.1193733215332 -60.087581634521484 -8.199999809265137
vertex 43.641056060791016 -60.087581634521484 -5
vertex 55.641056060791016 -60.087581634521484 -5
endloop
endfacet
facet normal -1 0 0
outer loop
vertex 57.1193733215332 -59.78757858276367 -4.099999904632568
vertex 57.1193733215332 -27.08757972717285 -8.199999809265137
vertex 57.1193733215332 -60.087581634521484 -8.199999809265137
endloop
endfacet
facet normal 0 0 1
outer loop
vertex 33.16937255859375 -38.987579345703125 -8.199999809265137
vertex 29.069372177124023 -38.987579345703125 -8.199999809265137
vertex 57.1193733215332 -60.087581634521484 -8.199999809265137
endloop
endfacet
facet normal 0 0 1
outer loop
vertex 33.16937255859375 -38.987579345703125 -8.199999809265137
vertex 57.1193733215332 -60.087581634521484 -8.199999809265137
vertex 57.1193733215332 -27.08757972717285 -8.199999809265137
endloop
endfacet
facet normal 0 -1 0
outer loop
vertex 57.1193733215332 -27.08757972717285 -4.099999904632568
vertex 24.61937141418457 -27.08757972717285 -8.199999809265137
vertex 57.1193733215332 -27.08757972717285 -8.199999809265137
endloop
endfacet
facet normal 0 0 1
outer loop
vertex 57.1193733215332 -27.08757972717285 -8.199999809265137
vertex 29.069372177124023 -29.187580108642578 -8.199999809265137
vertex 33.16937255859375 -29.187580108642578 -8.199999809265137
endloop
endfacet
facet normal 0 1 0
outer loop
vertex 55.641056060791016 -60.087581634521484 -5
vertex 57.1193733215332 -60.087581634521484 0
vertex 57.1193733215332 -60.087581634521484 -8.199999809265137
endloop
endfacet
facet normal 0 0 1
outer loop
vertex 33.16937255859375 -29.187580108642578 -8.199999809265137
vertex 33.16937255859375 -38.987579345703125 -8.199999809265137
vertex 57.1193733215332 -27.08757972717285 -8.199999809265137
endloop
endfacet
facet normal 0 1 0
outer loop
vertex 43.641056060791016 -60.087581634521484 -5
vertex 31.36937141418457 -60.087581634521484 -6.699999809265137
vertex 31.293251037597656 -60.087581634521484 -6.31731653213501
endloop
endfacet
facet normal -1 0 0
outer loop
vertex 57.1193733215332 -27.08757972717285 -8.199999809265137
vertex 57.1193733215332 -59.78757858276367 -4.099999904632568
vertex 57.1193733215332 -27.08757972717285 -4.099999904632568
endloop
endfacet
facet normal -1 0 0
outer loop
vertex 57.1193733215332 -59.78757858276367 0
vertex 57.1193733215332 -59.78757858276367 -4.099999904632568
vertex 57.1193733215332 -60.087581634521484 0
endloop
endfacet
facet normal 0 1 0
outer loop
vertex 57.1193733215332 -60.087581634521484 0
vertex 55.641056060791016 -60.087581634521484 -5
vertex 55.641056060791016 -60.087581634521484 0
endloop
endfacet
facet normal 0 1 0
outer loop
vertex 31.61937141418457 -60.087581634521484 -8.199999809265137
vertex 31.36937141418457 -60.087581634521484 -8.199999809265137
vertex 31.36937141418457 -60.087581634521484 -6.699999809265137
endloop
endfacet
facet normal -1 0 0
outer loop
vertex 57.1193733215332 -59.78757858276367 -4.099999904632568
vertex 57.1193733215332 -60.087581634521484 -8.199999809265137
vertex 57.1193733215332 -60.087581634521484 0
endloop
endfacet
facet normal 0 0 1
outer loop
vertex 21.61937141418457 -51.087581634521484 -8.199999809265137
vertex 19.11937141418457 -60.087581634521484 -8.199999809265137
vertex 21.61937141418457 -60.087581634521484 -8.199999809265137
endloop
endfacet
facet normal 0 1 0
outer loop
vertex 21.86937141418457 -60.087581634521484 -8.199999809265137
vertex 21.61937141418457 -60.087581634521484 -8.199999809265137
vertex 21.86937141418457 -60.087581634521484 -6.699999809265137
endloop
endfacet
facet normal 0 1 0
outer loop
vertex 19.11937141418457 -60.087581634521484 -8.199999809265137
vertex 21.86937141418457 -60.087581634521484 -6.699999809265137
vertex 21.61937141418457 -60.087581634521484 -8.199999809265137
endloop
endfacet
facet normal 0 1 0
outer loop
vertex 43.641056060791016 -60.087581634521484 -5
vertex 19.11937141418457 -60.087581634521484 0
vertex 43.641056060791016 -60.087581634521484 0
endloop
endfacet
facet normal 0 0 1
outer loop
vertex 31.61937141418457 -51.087581634521484 -8.199999809265137
vertex 19.11937141418457 -42.087581634521484 -8.199999809265137
vertex 21.61937141418457 -51.087581634521484 -8.199999809265137
endloop
endfacet
facet normal 0 0 1
outer loop
vertex 29.069372177124023 -38.987579345703125 -8.199999809265137
vertex 29.069372177124023 -29.187580108642578 -8.199999809265137
vertex 24.61937141418457 -42.087581634521484 -8.199999809265137
endloop
endfacet
facet normal 0 0 1
outer loop
vertex 24.61937141418457 -42.087581634521484 -8.199999809265137
vertex 19.11937141418457 -42.087581634521484 -8.199999809265137
vertex 57.1193733215332 -60.087581634521484 -8.199999809265137
endloop
endfacet
facet normal 0 0 1
outer loop
vertex 29.069372177124023 -38.987579345703125 -8.199999809265137
vertex 24.61937141418457 -42.087581634521484 -8.199999809265137
vertex 57.1193733215332 -60.087581634521484 -8.199999809265137
endloop
endfacet
facet normal 0 1 0
outer loop
vertex 21.86937141418457 -60.087581634521484 -6.699999809265137
vertex 19.11937141418457 -60.087581634521484 -8.199999809265137
vertex 19.11937141418457 -60.087581634521484 0
endloop
endfacet
facet normal 0 1 0
outer loop
vertex 43.641056060791016 -60.087581634521484 -5
vertex 31.076478958129883 -60.087581634521484 -5.992893218994141
vertex 30.75205421447754 -60.087581634521484 -5.776120662689209
endloop
endfacet
facet normal 0 1 0
outer loop
vertex 43.641056060791016 -60.087581634521484 -5
vertex 31.293251037597656 -60.087581634521484 -6.31731653213501
vertex 31.076478958129883 -60.087581634521484 -5.992893218994141
endloop
endfacet
facet normal 0 1 0
outer loop
vertex 21.945491790771484 -60.087581634521484 -6.31731653213501
vertex 21.86937141418457 -60.087581634521484 -6.699999809265137
vertex 19.11937141418457 -60.087581634521484 0
endloop
endfacet
facet normal 0 0 1
outer loop
vertex 19.11937141418457 -42.087581634521484 -8.199999809265137
vertex 19.11937141418457 -60.087581634521484 -8.199999809265137
vertex 21.61937141418457 -51.087581634521484 -8.199999809265137
endloop
endfacet
facet normal 0 1 0
outer loop
vertex 22.16226577758789 -60.087581634521484 -5.992893218994141
vertex 21.945491790771484 -60.087581634521484 -6.31731653213501
vertex 19.11937141418457 -60.087581634521484 0
endloop
endfacet
facet normal 0 1 0
outer loop
vertex 22.4866886138916 -60.087581634521484 -5.776120662689209
vertex 22.16226577758789 -60.087581634521484 -5.992893218994141
vertex 19.11937141418457 -60.087581634521484 0
endloop
endfacet
facet normal 0 1 0
outer loop
vertex 30.75205421447754 -60.087581634521484 -5.776120662689209
vertex 30.36937141418457 -60.087581634521484 -5.699999809265137
vertex 43.641056060791016 -60.087581634521484 -5
endloop
endfacet
facet normal 0 1 0
outer loop
vertex 30.36937141418457 -60.087581634521484 -5.699999809265137
vertex 22.86937141418457 -60.087581634521484 -5.699999809265137
vertex 43.641056060791016 -60.087581634521484 -5
endloop
endfacet
facet normal 0 1 0
outer loop
vertex 22.86937141418457 -60.087581634521484 -5.699999809265137
vertex 19.11937141418457 -60.087581634521484 0
vertex 43.641056060791016 -60.087581634521484 -5
endloop
endfacet
facet normal 1 0 0
outer loop
vertex 21.61937141418457 -51.087581634521484 -8.199999809265137
vertex 21.61937141418457 -60.087581634521484 -9.5
vertex 21.61937141418457 -51.087581634521484 -9.5
endloop
endfacet
facet normal 0 1 0
outer loop
vertex 21.61937141418457 -60.087581634521484 -9.5
vertex 22.4866886138916 -60.087581634521484 -9.123879432678223
vertex 22.86937141418457 -60.087581634521484 -9.199999809265137
endloop
endfacet
facet normal 0 1 0
outer loop
vertex 31.61937141418457 -60.087581634521484 -9.5
vertex 21.61937141418457 -60.087581634521484 -9.5
vertex 30.36937141418457 -60.087581634521484 -9.199999809265137
endloop
endfacet
facet normal 0 1 0
outer loop
vertex 31.61937141418457 -60.087581634521484 -9.5
vertex 30.36937141418457 -60.087581634521484 -9.199999809265137
vertex 30.75205421447754 -60.087581634521484 -9.123879432678223
endloop
endfacet
facet normal 0 1 0
outer loop
vertex 30.75205421447754 -60.087581634521484 -9.123879432678223
vertex 31.076478958129883 -60.087581634521484 -8.907106399536133
vertex 31.61937141418457 -60.087581634521484 -9.5
endloop
endfacet
facet normal -1 0 0
outer loop
vertex 31.61937141418457 -51.087581634521484 -9.5
vertex 31.61937141418457 -60.087581634521484 -9.5
vertex 31.61937141418457 -60.087581634521484 -8.199999809265137
endloop
endfacet
facet normal 0 1 0
outer loop
vertex 31.076478958129883 -60.087581634521484 -8.907106399536133
vertex 31.293251037597656 -60.087581634521484 -8.582683563232422
vertex 31.61937141418457 -60.087581634521484 -9.5
endloop
endfacet
facet normal 0 1 0
outer loop
vertex 31.293251037597656 -60.087581634521484 -8.582683563232422
vertex 31.36937141418457 -60.087581634521484 -8.199999809265137
vertex 31.61937141418457 -60.087581634521484 -9.5
endloop
endfacet
facet normal 0 -1 0
outer loop
vertex 21.61937141418457 -51.087581634521484 -8.199999809265137
vertex 21.61937141418457 -51.087581634521484 -9.5
vertex 31.61937141418457 -51.087581634521484 -8.199999809265137
endloop
endfacet
facet normal 0 -1 0
outer loop
vertex 21.61937141418457 -51.087581634521484 -9.5
vertex 31.61937141418457 -51.087581634521484 -9.5
vertex 31.61937141418457 -51.087581634521484 -8.199999809265137
endloop
endfacet
facet normal 0 0 1
outer loop
vertex 21.61937141418457 -51.087581634521484 -9.5
vertex 31.61937141418457 -60.087581634521484 -9.5
vertex 31.61937141418457 -51.087581634521484 -9.5
endloop
endfacet
facet normal 0 1 0
outer loop
vertex 31.61937141418457 -60.087581634521484 -8.199999809265137
vertex 31.61937141418457 -60.087581634521484 -9.5
vertex 31.36937141418457 -60.087581634521484 -8.199999809265137
endloop
endfacet
facet normal -1 0 0
outer loop
vertex 31.61937141418457 -51.087581634521484 -8.199999809265137
vertex 31.61937141418457 -51.087581634521484 -9.5
vertex 31.61937141418457 -60.087581634521484 -8.199999809265137
endloop
endfacet
facet normal 0 0 1
outer loop
vertex 21.61937141418457 -60.087581634521484 -9.5
vertex 31.61937141418457 -60.087581634521484 -9.5
vertex 21.61937141418457 -51.087581634521484 -9.5
endloop
endfacet
facet normal 0 1 0
outer loop
vertex 22.86937141418457 -60.087581634521484 -9.199999809265137
vertex 30.36937141418457 -60.087581634521484 -9.199999809265137
vertex 21.61937141418457 -60.087581634521484 -9.5
endloop
endfacet
facet normal 1 0 0
outer loop
vertex 21.61937141418457 -60.087581634521484 -8.199999809265137
vertex 21.61937141418457 -60.087581634521484 -9.5
vertex 21.61937141418457 -51.087581634521484 -8.199999809265137
endloop
endfacet
facet normal 0 1 0
outer loop
vertex 21.86937141418457 -60.087581634521484 -8.199999809265137
vertex 21.945491790771484 -60.087581634521484 -8.582683563232422
vertex 21.61937141418457 -60.087581634521484 -8.199999809265137
endloop
endfacet
facet normal 0 1 0
outer loop
vertex 21.945491790771484 -60.087581634521484 -8.582683563232422
vertex 21.61937141418457 -60.087581634521484 -9.5
vertex 21.61937141418457 -60.087581634521484 -8.199999809265137
endloop
endfacet
facet normal 0 1 0
outer loop
vertex 21.945491790771484 -60.087581634521484 -8.582683563232422
vertex 22.16226577758789 -60.087581634521484 -8.907106399536133
vertex 21.61937141418457 -60.087581634521484 -9.5
endloop
endfacet
facet normal 0 1 0
outer loop
vertex 22.16226577758789 -60.087581634521484 -8.907106399536133
vertex 22.4866886138916 -60.087581634521484 -9.123879432678223
vertex 21.61937141418457 -60.087581634521484 -9.5
endloop
endfacet
facet normal 0 -1 0
outer loop
vertex 29.069372177124023 -29.187580108642578 -8.199999809265137
vertex 29.069372177124023 -29.187580108642578 -10
vertex 33.16937255859375 -29.187580108642578 -8.199999809265137
endloop
endfacet
facet normal 0 1 0
outer loop
vertex 33.16937255859375 -38.987579345703125 -10
vertex 29.069372177124023 -38.987579345703125 -10
vertex 29.069372177124023 -38.987579345703125 -8.199999809265137
endloop
endfacet
facet normal 0 1 0
outer loop
vertex 33.16937255859375 -38.987579345703125 -10
vertex 29.069372177124023 -38.987579345703125 -8.199999809265137
vertex 33.16937255859375 -38.987579345703125 -8.199999809265137
endloop
endfacet
facet normal 0 0 1
outer loop
vertex 32.3693733215332 -37.337581634521484 -10
vertex 33.16937255859375 -38.987579345703125 -10
vertex 33.16937255859375 -29.187580108642578 -10
endloop
endfacet
facet normal 0 0 1
outer loop
vertex 29.069372177124023 -38.987579345703125 -10
vertex 29.86937141418457 -37.337581634521484 -10
vertex 29.86937141418457 -30.83757972717285 -10
endloop
endfacet
facet normal 0 0 1
outer loop
vertex 32.3693733215332 -37.337581634521484 -10
vertex 29.069372177124023 -38.987579345703125 -10
vertex 33.16937255859375 -38.987579345703125 -10
endloop
endfacet
facet normal 0 0 1
outer loop
vertex 32.3693733215332 -37.337581634521484 -10
vertex 29.86937141418457 -37.337581634521484 -10
vertex 29.069372177124023 -38.987579345703125 -10
endloop
endfacet
facet normal 1 0 0
outer loop
vertex 29.069372177124023 -38.987579345703125 -10
vertex 29.069372177124023 -29.187580108642578 -8.199999809265137
vertex 29.069372177124023 -38.987579345703125 -8.199999809265137
endloop
endfacet
facet normal 0 0 1
outer loop
vertex 29.069372177124023 -38.987579345703125 -10
vertex 29.86937141418457 -30.83757972717285 -10
vertex 29.069372177124023 -29.187580108642578 -10
endloop
endfacet
facet normal 1 0 0
outer loop
vertex 29.069372177124023 -29.187580108642578 -8.199999809265137
vertex 29.069372177124023 -38.987579345703125 -10
vertex 29.069372177124023 -29.187580108642578 -10
endloop
endfacet
facet normal 0 0 1
outer loop
vertex 29.069372177124023 -29.187580108642578 -10
vertex 29.86937141418457 -30.83757972717285 -10
vertex 33.16937255859375 -29.187580108642578 -10
endloop
endfacet
facet normal 0 0 1
outer loop
vertex 33.16937255859375 -29.187580108642578 -10
vertex 29.86937141418457 -30.83757972717285 -10
vertex 32.3693733215332 -30.83757972717285 -10
endloop
endfacet
facet normal 0 0 1
outer loop
vertex 32.3693733215332 -30.83757972717285 -10
vertex 32.3693733215332 -37.337581634521484 -10
vertex 33.16937255859375 -29.187580108642578 -10
endloop
endfacet
facet normal -1 0 0
outer loop
vertex 33.16937255859375 -29.187580108642578 -10
vertex 33.16937255859375 -38.987579345703125 -8.199999809265137
vertex 33.16937255859375 -29.187580108642578 -8.199999809265137
endloop
endfacet
facet normal 0 -1 0
outer loop
vertex 29.069372177124023 -29.187580108642578 -10
vertex 33.16937255859375 -29.187580108642578 -10
vertex 33.16937255859375 -29.187580108642578 -8.199999809265137
endloop
endfacet
facet normal -1 0 0
outer loop
vertex 33.16937255859375 -29.187580108642578 -10
vertex 33.16937255859375 -38.987579345703125 -10
vertex 33.16937255859375 -38.987579345703125 -8.199999809265137
endloop
endfacet
facet normal -1 0 0
outer loop
vertex 32.3693733215332 -30.83757972717285 -10
vertex 32.3693733215332 -37.337581634521484 -11.699999809265137
vertex 32.3693733215332 -37.337581634521484 -10
endloop
endfacet
facet normal 0 1 0
outer loop
vertex 32.3693733215332 -37.337581634521484 -10
vertex 29.86937141418457 -37.337581634521484 -11.699999809265137
vertex 29.86937141418457 -37.337581634521484 -10
endloop
endfacet
facet normal -1 0 0
outer loop
vertex 32.3693733215332 -37.337581634521484 -11.699999809265137
vertex 32.3693733215332 -30.83757972717285 -10
vertex 32.3693733215332 -30.83757972717285 -11.699999809265137
endloop
endfacet
facet normal 0 -1 0
outer loop
vertex 29.86937141418457 -30.83757972717285 -11.699999809265137
vertex 32.3693733215332 -30.83757972717285 -11.699999809265137
vertex 29.86937141418457 -30.83757972717285 -10
endloop
endfacet
facet normal 1 0 0
outer loop
vertex 29.86937141418457 -37.337581634521484 -11.699999809265137
vertex 29.86937141418457 -30.83757972717285 -11.699999809265137
vertex 29.86937141418457 -37.337581634521484 -10
endloop
endfacet
facet normal 0 1 0
outer loop
vertex 32.3693733215332 -37.337581634521484 -11.699999809265137
vertex 29.86937141418457 -37.337581634521484 -11.699999809265137
vertex 32.3693733215332 -37.337581634521484 -10
endloop
endfacet
facet normal 1 0 0
outer loop
vertex 29.86937141418457 -37.337581634521484 -10
vertex 29.86937141418457 -30.83757972717285 -11.699999809265137
vertex 29.86937141418457 -30.83757972717285 -10
endloop
endfacet
facet normal 0 -1 0
outer loop
vertex 29.86937141418457 -30.83757972717285 -10
vertex 32.3693733215332 -30.83757972717285 -11.699999809265137
vertex 32.3693733215332 -30.83757972717285 -10
endloop
endfacet
facet normal 0.9807843279631591 -0.19509511019462947 0
outer loop
vertex 26.61937141418457 -27.08757972717285 -17.733943939208984
vertex 26.657432556152344 -26.896238327026367 -17.70909309387207
vertex 26.657432556152344 -26.896238327026367 -11.699999809265137
endloop
endfacet
facet normal 0 0 -1
outer loop
vertex 46.472923278808594 -41.44113540649414 -11.699999809265137
vertex 46.31071472167969 -41.54951858520508 -11.699999809265137
vertex 46.472923278808594 -26.734025955200195 -11.699999809265137
endloop
endfacet
facet normal 0.8314737692381023 -0.555564011675507 0
outer loop
vertex 26.657432556152344 -26.896238327026367 -11.699999809265137
vertex 26.657432556152344 -26.896238327026367 -17.70909309387207
vertex 26.765817642211914 -26.734025955200195 -11.699999809265137
endloop
endfacet
facet normal 0.980784327963159 -0.19509511019462944 0
outer loop
vertex 26.61937141418457 -27.08757972717285 -11.699999809265137
vertex 26.61937141418457 -27.08757972717285 -17.733943939208984
vertex 26.657432556152344 -26.896238327026367 -11.699999809265137
endloop
endfacet
facet normal 0.19509511019462944 -0.980784327963159 0
outer loop
vertex 26.928030014038086 -26.625640869140625 -17.673948287963867
vertex 27.11937141418457 -26.58757972717285 -17.669004440307617
vertex 27.11937141418457 -26.58757972717285 -11.699999809265137
endloop
endfacet
facet normal -0.980782457176804 -0.19510451479714808 0
outer loop
vertex 46.5813102722168 -26.896238327026367 -11.699999809265137
vertex 46.5813102722168 -26.896238327026367 -17.70909309387207
vertex 46.6193733215332 -27.08757972717285 -11.699999809265137
endloop
endfacet
facet normal -0.5555730442759453 -0.8314677338742366 0
outer loop
vertex 46.31071472167969 -26.625640869140625 -11.699999809265137
vertex 46.31071472167969 -26.625640869140625 -17.673948287963867
vertex 46.472923278808594 -26.734025955200195 -11.699999809265137
endloop
endfacet
facet normal 0.5555640116755071 -0.8314737692381025 0
outer loop
vertex 26.765817642211914 -26.734025955200195 -17.688024520874023
vertex 26.928030014038086 -26.625640869140625 -17.673948287963867
vertex 26.928030014038086 -26.625640869140625 -11.699999809265137
endloop
endfacet
facet normal -0.19509511019462944 -0.980784327963159 0
outer loop
vertex 46.1193733215332 -26.58757972717285 -11.699999809265137
vertex 46.1193733215332 -26.58757972717285 -17.669004440307617
vertex 46.31071472167969 -26.625640869140625 -11.699999809265137
endloop
endfacet
facet normal 0.8314737692381023 -0.555564011675507 0
outer loop
vertex 26.657432556152344 -26.896238327026367 -17.70909309387207
vertex 26.765817642211914 -26.734025955200195 -17.688024520874023
vertex 26.765817642211914 -26.734025955200195 -11.699999809265137
endloop
endfacet
facet normal 0.19509511019462944 -0.9807843279631588 0
outer loop
vertex 26.928030014038086 -26.625640869140625 -11.699999809265137
vertex 26.928030014038086 -26.625640869140625 -17.673948287963867
vertex 27.11937141418457 -26.58757972717285 -11.699999809265137
endloop
endfacet
facet normal -0.8314692529919772 -0.5555707707654928 0
outer loop
vertex 46.472923278808594 -26.734025955200195 -11.699999809265137
vertex 46.472923278808594 -26.734025955200195 -17.688024520874023
vertex 46.5813102722168 -26.896238327026367 -11.699999809265137
endloop
endfacet
facet normal 0 0 -1
outer loop
vertex 46.31071472167969 -26.625640869140625 -11.699999809265137
vertex 46.1193733215332 -41.587581634521484 -11.699999809265137
vertex 46.1193733215332 -26.58757972717285 -11.699999809265137
endloop
endfacet
facet normal 0 0 -1
outer loop
vertex 26.657432556152344 -26.896238327026367 -11.699999809265137
vertex 26.61937141418457 -41.087581634521484 -11.699999809265137
vertex 26.61937141418457 -27.08757972717285 -11.699999809265137
endloop
endfacet
facet normal 0 0 -1
outer loop
vertex 26.765817642211914 -26.734025955200195 -11.699999809265137
vertex 26.657432556152344 -41.27892303466797 -11.699999809265137
vertex 26.657432556152344 -26.896238327026367 -11.699999809265137
endloop
endfacet
facet normal 0 0 -1
outer loop
vertex 26.928030014038086 -26.625640869140625 -11.699999809265137
vertex 26.765817642211914 -41.44113540649414 -11.699999809265137
vertex 26.765817642211914 -26.734025955200195 -11.699999809265137
endloop
endfacet
facet normal 0 0 -1
outer loop
vertex 27.11937141418457 -26.58757972717285 -11.699999809265137
vertex 26.928030014038086 -41.54951858520508 -11.699999809265137
vertex 26.928030014038086 -26.625640869140625 -11.699999809265137
endloop
endfacet
facet normal 0 0 -1
outer loop
vertex 29.86937141418457 -30.83757972717285 -11.699999809265137
vertex 27.11937141418457 -41.587581634521484 -11.699999809265137
vertex 27.11937141418457 -26.58757972717285 -11.699999809265137
endloop
endfacet
facet normal 0 -1 0
outer loop
vertex 27.11937141418457 -26.58757972717285 -11.699999809265137
vertex 27.11937141418457 -26.58757972717285 -17.669004440307617
vertex 46.1193733215332 -26.58757972717285 -11.699999809265137
endloop
endfacet
facet normal -1 0 0
outer loop
vertex 46.6193733215332 -27.08757972717285 -17.733943939208984
vertex 46.6193733215332 -41.087581634521484 -11.699999809265137
vertex 46.6193733215332 -27.08757972717285 -11.699999809265137
endloop
endfacet
facet normal 1 0 0
outer loop
vertex 26.61937141418457 -27.08757972717285 -11.699999809265137
vertex 26.61937141418457 -41.087581634521484 -19.552227020263672
vertex 26.61937141418457 -27.08757972717285 -17.733943939208984
endloop
endfacet
facet normal -0.5555730442759454 -0.8314677338742367 0
outer loop
vertex 46.31071472167969 -26.625640869140625 -17.673948287963867
vertex 46.472923278808594 -26.734025955200195 -17.688024520874023
vertex 46.472923278808594 -26.734025955200195 -11.699999809265137
endloop
endfacet
facet normal 0 0 -1
outer loop
vertex 32.3693733215332 -30.83757972717285 -11.699999809265137
vertex 29.86937141418457 -30.83757972717285 -11.699999809265137
vertex 46.1193733215332 -26.58757972717285 -11.699999809265137
endloop
endfacet
facet normal 0 0 -1
outer loop
vertex 46.1193733215332 -26.58757972717285 -11.699999809265137
vertex 32.3693733215332 -37.337581634521484 -11.699999809265137
vertex 32.3693733215332 -30.83757972717285 -11.699999809265137
endloop
endfacet
facet normal 0 0 -1
outer loop
vertex 29.86937141418457 -30.83757972717285 -11.699999809265137
vertex 27.11937141418457 -26.58757972717285 -11.699999809265137
vertex 46.1193733215332 -26.58757972717285 -11.699999809265137
endloop
endfacet
facet normal 0 0 -1
outer loop
vertex 46.472923278808594 -26.734025955200195 -11.699999809265137
vertex 46.31071472167969 -41.54951858520508 -11.699999809265137
vertex 46.31071472167969 -26.625640869140625 -11.699999809265137
endloop
endfacet
facet normal 0 0 -1
outer loop
vertex 46.6193733215332 -27.08757972717285 -11.699999809265137
vertex 46.5813102722168 -41.27892303466797 -11.699999809265137
vertex 46.5813102722168 -26.896238327026367 -11.699999809265137
endloop
endfacet
facet normal 0 0 -1
outer loop
vertex 46.5813102722168 -26.896238327026367 -11.699999809265137
vertex 46.472923278808594 -41.44113540649414 -11.699999809265137
vertex 46.472923278808594 -26.734025955200195 -11.699999809265137
endloop
endfacet
facet normal -0.1951045147971481 0.9807824571768041 0
outer loop
vertex 46.31071472167969 -41.54951858520508 -19.61222267150879
vertex 46.1193733215332 -41.587581634521484 -19.617164611816406
vertex 46.1193733215332 -41.587581634521484 -11.699999809265137
endloop
endfacet
facet normal -0.5555662850640511 0.8314722502285506 0
outer loop
vertex 46.472923278808594 -41.44113540649414 -19.59814453125
vertex 46.31071472167969 -41.54951858520508 -19.61222267150879
vertex 46.31071472167969 -41.54951858520508 -11.699999809265137
endloop
endfacet
facet normal -0.8314692529919772 0.5555707707654927 0
outer loop
vertex 46.5813102722168 -41.27892303466797 -19.577077865600586
vertex 46.472923278808594 -41.44113540649414 -19.59814453125
vertex 46.472923278808594 -41.44113540649414 -11.699999809265137
endloop
endfacet
facet normal -0.980782457176804 0.19510451479714808 0
outer loop
vertex 46.6193733215332 -41.087581634521484 -19.552227020263672
vertex 46.5813102722168 -41.27892303466797 -19.577077865600586
vertex 46.5813102722168 -41.27892303466797 -11.699999809265137
endloop
endfacet
facet normal 0 0 -1
outer loop
vertex 27.11937141418457 -41.587581634521484 -11.699999809265137
vertex 32.3693733215332 -37.337581634521484 -11.699999809265137
vertex 46.1193733215332 -26.58757972717285 -11.699999809265137
endloop
endfacet
facet normal 0 1 0
outer loop
vertex 46.1193733215332 -41.587581634521484 -19.617164611816406
vertex 27.11937141418457 -41.587581634521484 -11.699999809265137
vertex 46.1193733215332 -41.587581634521484 -11.699999809265137
endloop
endfacet
facet normal -0.831469252991977 -0.5555707707654927 0
outer loop
vertex 46.472923278808594 -26.734025955200195 -17.688024520874023
vertex 46.5813102722168 -26.896238327026367 -17.70909309387207
vertex 46.5813102722168 -26.896238327026367 -11.699999809265137
endloop
endfacet
facet normal -0.19510451479714808 0.980782457176804 0
outer loop
vertex 46.31071472167969 -41.54951858520508 -11.699999809265137
vertex 46.31071472167969 -41.54951858520508 -19.61222267150879
vertex 46.1193733215332 -41.587581634521484 -11.699999809265137
endloop
endfacet
facet normal -0.5555662850640511 0.8314722502285506 0
outer loop
vertex 46.472923278808594 -41.44113540649414 -11.699999809265137
vertex 46.472923278808594 -41.44113540649414 -19.59814453125
vertex 46.31071472167969 -41.54951858520508 -11.699999809265137
endloop
endfacet
facet normal 0 0 -1
outer loop
vertex 29.86937141418457 -37.337581634521484 -11.699999809265137
vertex 32.3693733215332 -37.337581634521484 -11.699999809265137
vertex 27.11937141418457 -41.587581634521484 -11.699999809265137
endloop
endfacet
facet normal 0 0 -1
outer loop
vertex 27.11937141418457 -41.587581634521484 -11.699999809265137
vertex 29.86937141418457 -30.83757972717285 -11.699999809265137
vertex 29.86937141418457 -37.337581634521484 -11.699999809265137
endloop
endfacet
facet normal 0 0 -1
outer loop
vertex 27.11937141418457 -41.587581634521484 -11.699999809265137
vertex 26.928030014038086 -41.54951858520508 -11.699999809265137
vertex 27.11937141418457 -26.58757972717285 -11.699999809265137
endloop
endfacet
facet normal 0 0 -1
outer loop
vertex 26.928030014038086 -41.54951858520508 -11.699999809265137
vertex 26.765817642211914 -41.44113540649414 -11.699999809265137
vertex 26.928030014038086 -26.625640869140625 -11.699999809265137
endloop
endfacet
facet normal 0 0 -1
outer loop
vertex 26.765817642211914 -41.44113540649414 -11.699999809265137
vertex 26.657432556152344 -41.27892303466797 -11.699999809265137
vertex 26.765817642211914 -26.734025955200195 -11.699999809265137
endloop
endfacet
facet normal 0 0 -1
outer loop
vertex 26.657432556152344 -41.27892303466797 -11.699999809265137
vertex 26.61937141418457 -41.087581634521484 -11.699999809265137
vertex 26.657432556152344 -26.896238327026367 -11.699999809265137
endloop
endfacet
facet normal 1 0 0
outer loop
vertex 26.61937141418457 -41.087581634521484 -11.699999809265137
vertex 26.61937141418457 -41.087581634521484 -19.552227020263672
vertex 26.61937141418457 -27.08757972717285 -11.699999809265137
endloop
endfacet
facet normal 0.8314737692381023 0.555564011675507 0
outer loop
vertex 26.765817642211914 -41.44113540649414 -11.699999809265137
vertex 26.765817642211914 -41.44113540649414 -19.59814453125
vertex 26.657432556152344 -41.27892303466797 -11.699999809265137
endloop
endfacet
facet normal -0.831469252991977 0.5555707707654927 0
outer loop
vertex 46.5813102722168 -41.27892303466797 -11.699999809265137
vertex 46.5813102722168 -41.27892303466797 -19.577077865600586
vertex 46.472923278808594 -41.44113540649414 -11.699999809265137
endloop
endfacet
facet normal 0.1951045147971481 0.9807824571768041 0
outer loop
vertex 27.11937141418457 -41.587581634521484 -11.699999809265137
vertex 27.11937141418457 -41.587581634521484 -19.617164611816406
vertex 26.928030014038086 -41.54951858520508 -11.699999809265137
endloop
endfacet
facet normal 0.5555572524753821 0.8314782854783428 0
outer loop
vertex 26.928030014038086 -41.54951858520508 -11.699999809265137
vertex 26.928030014038086 -41.54951858520508 -19.61222267150879
vertex 26.765817642211914 -41.44113540649414 -11.699999809265137
endloop
endfacet
facet normal 0 1 0
outer loop
vertex 46.1193733215332 -41.587581634521484 -19.617164611816406
vertex 27.11937141418457 -41.587581634521484 -19.617164611816406
vertex 27.11937141418457 -41.587581634521484 -11.699999809265137
endloop
endfacet
facet normal 0.8314737692381023 0.555564011675507 0
outer loop
vertex 26.765817642211914 -41.44113540649414 -19.59814453125
vertex 26.657432556152344 -41.27892303466797 -19.577077865600586
vertex 26.657432556152344 -41.27892303466797 -11.699999809265137
endloop
endfacet
facet normal 0.19510451479714808 0.980782457176804 0
outer loop
vertex 27.11937141418457 -41.587581634521484 -19.617164611816406
vertex 26.928030014038086 -41.54951858520508 -19.61222267150879
vertex 26.928030014038086 -41.54951858520508 -11.699999809265137
endloop
endfacet
facet normal 0.5555572524753821 0.8314782854783428 0
outer loop
vertex 26.928030014038086 -41.54951858520508 -19.61222267150879
vertex 26.765817642211914 -41.44113540649414 -19.59814453125
vertex 26.765817642211914 -41.44113540649414 -11.699999809265137
endloop
endfacet
facet normal 0.980784327963159 0.19509511019462944 0
outer loop
vertex 26.657432556152344 -41.27892303466797 -19.577077865600586
vertex 26.61937141418457 -41.087581634521484 -19.552227020263672
vertex 26.61937141418457 -41.087581634521484 -11.699999809265137
endloop
endfacet
facet normal -0.980782457176804 0.19510451479714808 0
outer loop
vertex 46.6193733215332 -41.087581634521484 -19.552227020263672
vertex 46.5813102722168 -41.27892303466797 -11.699999809265137
vertex 46.6193733215332 -41.087581634521484 -11.699999809265137
endloop
endfacet
facet normal -1 0 0
outer loop
vertex 46.6193733215332 -27.08757972717285 -17.733943939208984
vertex 46.6193733215332 -41.087581634521484 -19.552227020263672
vertex 46.6193733215332 -41.087581634521484 -11.699999809265137
endloop
endfacet
facet normal 0 0 -1
outer loop
vertex 46.1193733215332 -41.587581634521484 -11.699999809265137
vertex 27.11937141418457 -41.587581634521484 -11.699999809265137
vertex 46.1193733215332 -26.58757972717285 -11.699999809265137
endloop
endfacet
facet normal -0.980782457176804 -0.19510451479714808 0
outer loop
vertex 46.5813102722168 -26.896238327026367 -17.70909309387207
vertex 46.6193733215332 -27.08757972717285 -17.733943939208984
vertex 46.6193733215332 -27.08757972717285 -11.699999809265137
endloop
endfacet
facet normal -0.19509511019462944 -0.9807843279631588 0
outer loop
vertex 46.1193733215332 -26.58757972717285 -17.669004440307617
vertex 46.31071472167969 -26.625640869140625 -17.673948287963867
vertex 46.31071472167969 -26.625640869140625 -11.699999809265137
endloop
endfacet
facet normal 0 -1 0
outer loop
vertex 46.1193733215332 -26.58757972717285 -11.699999809265137
vertex 27.11937141418457 -26.58757972717285 -17.669004440307617
vertex 46.1193733215332 -26.58757972717285 -17.669004440307617
endloop
endfacet
facet normal 0 0 -1
outer loop
vertex 46.31071472167969 -41.54951858520508 -11.699999809265137
vertex 46.1193733215332 -41.587581634521484 -11.699999809265137
vertex 46.31071472167969 -26.625640869140625 -11.699999809265137
endloop
endfacet
facet normal 0 0 -1
outer loop
vertex 46.6193733215332 -41.087581634521484 -11.699999809265137
vertex 46.5813102722168 -41.27892303466797 -11.699999809265137
vertex 46.6193733215332 -27.08757972717285 -11.699999809265137
endloop
endfacet
facet normal 0.980784327963159 0.19509511019462944 0
outer loop
vertex 26.657432556152344 -41.27892303466797 -11.699999809265137
vertex 26.657432556152344 -41.27892303466797 -19.577077865600586
vertex 26.61937141418457 -41.087581634521484 -11.699999809265137
endloop
endfacet
facet normal 0 0 -1
outer loop
vertex 46.5813102722168 -41.27892303466797 -11.699999809265137
vertex 46.472923278808594 -41.44113540649414 -11.699999809265137
vertex 46.5813102722168 -26.896238327026367 -11.699999809265137
endloop
endfacet
facet normal 0.555564011675507 -0.8314737692381023 0
outer loop
vertex 26.765817642211914 -26.734025955200195 -11.699999809265137
vertex 26.765817642211914 -26.734025955200195 -17.688024520874023
vertex 26.928030014038086 -26.625640869140625 -11.699999809265137
endloop
endfacet
facet normal 3.1674601253593576e-7 -0.12879553814271574 0.9916711699723997
outer loop
vertex 60.095638275146484 3.555694103240967 -12.754076957702637
vertex 64.49937438964844 -7.176037311553955 -14.147886276245117
vertex 60.69552230834961 4.41241979598999 -12.642807960510254
endloop
endfacet
facet normal -1.277049949442356e-7 -0.12879563667778893 0.9916711571749713
outer loop
vertex 64.49937438964844 -7.176037311553955 -14.147886276245117
vertex 67.06954956054688 -5.37637996673584 -13.914151191711426
vertex 58.625038146972656 26.138959884643555 -9.821022987365723
endloop
endfacet
facet normal 1.6291001719677357e-7 -0.12879554482531017 0.9916711691045198
outer loop
vertex 58.49937057495117 2.2162673473358154 -12.928038597106934
vertex 61.65573501586914 -8.502047538757324 -14.320104598999023
vertex 59.35609817504883 2.816153049468994 -12.850127220153809
endloop
endfacet
facet normal 3.2487544638656713e-7 -0.12879554058439477 0.9916711696552784
outer loop
vertex 56.541259765625 1.5035732984542847 -13.020601272583008
vertex 58.625038146972656 -9.314119338989258 -14.42557430267334
vertex 57.551490783691406 1.7742640972137451 -12.985445022583008
endloop
endfacet
facet normal -3.486295555489552e-7 -0.1287955719860134 0.9916711655769134
outer loop
vertex 58.625038146972656 26.138959884643555 -9.821022987365723
vertex 56.541259765625 13.321266174316406 -11.485751152038574
vertex 57.551490783691406 13.050575256347656 -11.520907402038574
endloop
endfacet
facet normal -4.3516525797975565e-7 -0.12879562355682095 0.9916711588790007
outer loop
vertex 58.625038146972656 26.138959884643555 -9.821022987365723
vertex 59.35609817504883 12.008686065673828 -11.656225204467773
vertex 60.095638275146484 11.269145011901855 -11.752274513244629
endloop
endfacet
facet normal -2.480314788170344e-7 -0.12879561403566586 0.9916711601156476
outer loop
vertex 58.625038146972656 26.138959884643555 -9.821022987365723
vertex 58.49937057495117 12.608572006225586 -11.578313827514648
vertex 59.35609817504883 12.008686065673828 -11.656225204467773
endloop
endfacet
facet normal 2.2639693219350497e-7 -0.12879561836896924 0.9916711595528547
outer loop
vertex 57.551490783691406 13.050575256347656 -11.520907402038574
vertex 58.49937057495117 12.608572006225586 -11.578313827514648
vertex 58.625038146972656 26.138959884643555 -9.821022987365723
endloop
endfacet
facet normal -0.0000025594304562128987 -0.1287947841939803 0.9916712678896548
outer loop
vertex 55.49937057495117 26.41242027282715 -9.785507202148438
vertex 50.303218841552734 10.412420272827148 -11.863544464111328
vertex 50.903106689453125 11.269145011901855 -11.752274513244629
endloop
endfacet
facet normal 0.0000013690425975421072 -0.12879603883968258 0.9916711049422247
outer loop
vertex 55.49937057495117 26.41242027282715 -9.785507202148438
vertex 49.8612174987793 9.464540481567383 -11.986652374267578
vertex 50.303218841552734 10.412420272827148 -11.863544464111328
endloop
endfacet
facet normal 8.996437294397262e-8 -0.12879566424305056 0.9916711535948716
outer loop
vertex 37.49937057495117 8.412420272827148 -12.123298645019531
vertex 55.49937057495117 26.41242027282715 -9.785507202148438
vertex 37.772830963134766 11.538086891174316 -11.717345237731934
endloop
endfacet
facet normal 1.25798516312407e-7 -0.12879563210321218 0.9916711577691056
outer loop
vertex 55.49937057495117 26.41242027282715 -9.785507202148438
vertex 43.929195404052734 -5.37637996673584 -13.914151191711426
vertex 49.8612174987793 9.464540481567383 -11.986652374267578
endloop
endfacet
facet normal -3.2487544638656713e-7 -0.12879554058439477 0.9916711696552784
outer loop
vertex 53.44725036621094 1.7742640972137451 -12.985445022583008
vertex 52.37370300292969 -9.314119338989258 -14.42557430267334
vertex 54.457481384277344 1.5035732984542847 -13.020601272583008
endloop
endfacet
facet normal -2.1197875245973756e-7 -0.1287955719616474 0.9916711655801167
outer loop
vertex 49.8612174987793 5.360299110412598 -12.519700050354004
vertex 46.49937057495117 -7.176037311553955 -14.147886276245117
vertex 50.303218841552734 4.41241979598999 -12.642807960510254
endloop
endfacet
facet normal 5.806962906139603e-7 -0.1287957810056943 0.9916711384298708
outer loop
vertex 49.59052658081055 6.370530605316162 -12.388493537902832
vertex 46.49937057495117 -7.176037311553955 -14.147886276245117
vertex 49.8612174987793 5.360299110412598 -12.519700050354004
endloop
endfacet
facet normal 2.3787404356635609e-7 -0.12879559416449002 0.9916711626964653
outer loop
vertex 52.49937057495117 2.2162673473358154 -12.928038597106934
vertex 52.37370300292969 -9.314119338989258 -14.42557430267334
vertex 53.44725036621094 1.7742640972137451 -12.985445022583008
endloop
endfacet
facet normal 7.402082642976278e-7 -0.1287957252773481 0.9916711456676219
outer loop
vertex 50.903106689453125 3.555694103240967 -12.754076957702637
vertex 49.34300994873047 -8.502047538757324 -14.320104598999023
vertex 51.64264678955078 2.816153049468994 -12.850127220153809
endloop
endfacet
facet normal -1.629106522333557e-7 -0.12879554482518327 0.9916711691045362
outer loop
vertex 49.34300994873047 -8.502047538757324 -14.320104598999023
vertex 52.49937057495117 2.2162673473358154 -12.928038597106934
vertex 51.64264678955078 2.816153049468994 -12.850127220153809
endloop
endfacet
facet normal -3.1674474258034506e-7 -0.12879553814322822 0.9916711699723331
outer loop
vertex 46.49937057495117 -7.176037311553955 -14.147886276245117
vertex 50.903106689453125 3.555694103240967 -12.754076957702637
vertex 50.303218841552734 4.41241979598999 -12.642807960510254
endloop
endfacet
facet normal 3.9353597800736724e-8 -0.12879561447182297 0.9916711600590309
outer loop
vertex 37.772830963134766 5.286752700805664 -12.529252052307129
vertex 55.49937057495117 26.41242027282715 -9.785507202148438
vertex 37.49937057495117 8.412420272827148 -12.123298645019531
endloop
endfacet
facet normal 4.861982688704133e-9 -0.12879558601001903 0.9916711637555746
outer loop
vertex 38.584903717041016 2.2560572624206543 -12.922870635986328
vertex 55.49937057495117 26.41242027282715 -9.785507202148438
vertex 37.772830963134766 5.286752700805664 -12.529252052307129
endloop
endfacet
facet normal 4.097046344826241e-8 -0.1287956017404939 0.9916711617125419
outer loop
vertex 41.7105712890625 -3.15775728225708 -13.626002311706543
vertex 43.929195404052734 -5.37637996673584 -13.914151191711426
vertex 55.49937057495117 26.41242027282715 -9.785507202148438
endloop
endfacet
facet normal -7.555032850831921e-8 -0.12879553063872348 0.9916711709470453
outer loop
vertex 39.91091537475586 -0.5875802040100098 -13.292194366455078
vertex 55.49937057495117 26.41242027282715 -9.785507202148438
vertex 38.584903717041016 2.2560572624206543 -12.922870635986328
endloop
endfacet
facet normal 8.624879999966411e-8 -0.1287956225038877 0.9916711590158447
outer loop
vertex 41.7105712890625 -3.15775728225708 -13.626002311706543
vertex 55.49937057495117 26.41242027282715 -9.785507202148438
vertex 39.91091537475586 -0.5875802040100098 -13.292194366455078
endloop
endfacet
facet normal -0.000004854748837702991 -0.1287936743643775 0.9916714120212169
outer loop
vertex 43.929195404052734 -5.37637996673584 -13.914151191711426
vertex 49.59052658081055 8.45430850982666 -12.117857933044434
vertex 49.8612174987793 9.464540481567383 -11.986652374267578
endloop
endfacet
facet normal 1.4920532066131003e-7 -0.12879568866287905 0.9916711504232804
outer loop
vertex 43.929195404052734 -5.37637996673584 -13.914151191711426
vertex 49.49937057495117 7.41241979598999 -12.253175735473633
vertex 49.59052658081055 8.45430850982666 -12.117857933044434
endloop
endfacet
facet normal -1.3408088588210832e-8 -0.1287956190113307 0.9916711594694523
outer loop
vertex 43.929195404052734 -5.37637996673584 -13.914151191711426
vertex 49.59052658081055 6.370530605316162 -12.388493537902832
vertex 49.49937057495117 7.41241979598999 -12.253175735473633
endloop
endfacet
facet normal 1.015052315101348e-7 -0.12879567347421406 0.9916711523959508
outer loop
vertex 43.929195404052734 -5.37637996673584 -13.914151191711426
vertex 46.49937057495117 -7.176037311553955 -14.147886276245117
vertex 49.59052658081055 6.370530605316162 -12.388493537902832
endloop
endfacet
facet normal -1.632456889968676e-7 -0.1287955837201205 0.9916711640529671
outer loop
vertex 55.49937057495117 26.41242027282715 -9.785507202148438
vertex 55.49937057495117 13.412420272827148 -11.473912239074707
vertex 58.625038146972656 26.138959884643555 -9.821022987365723
endloop
endfacet
facet normal 2.45604905941206e-7 -0.12879650947501492 0.9916710438179548
outer loop
vertex 52.37370300292969 26.138959884643555 -9.821022987365723
vertex 46.49937057495117 24.000877380371094 -10.098711967468262
vertex 55.49937057495117 26.41242027282715 -9.785507202148438
endloop
endfacet
facet normal 4.215255298664519e-7 -0.12879698479502577 0.9916709820840439
outer loop
vertex 46.49937057495117 24.000877380371094 -10.098711967468262
vertex 52.37370300292969 26.138959884643555 -9.821022987365723
vertex 49.34300994873047 25.326887130737305 -9.926492691040039
endloop
endfacet
facet normal -1.5111751493751902e-7 -0.12879505344737072 0.9916712329232235
outer loop
vertex 43.929195404052734 22.20121955871582 -10.332446098327637
vertex 55.49937057495117 26.41242027282715 -9.785507202148438
vertex 46.49937057495117 24.000877380371094 -10.098711967468262
endloop
endfacet
facet normal 5.601844919208365e-8 -0.1287956366785916 0.9916711571748738
outer loop
vertex 55.49937057495117 13.412420272827148 -11.473912239074707
vertex 56.541259765625 13.321266174316406 -11.485751152038574
vertex 58.625038146972656 26.138959884643555 -9.821022987365723
endloop
endfacet
facet normal -6.072990112143242e-8 -0.12879558372012198 0.9916711640529785
outer loop
vertex 55.49937057495117 26.41242027282715 -9.785507202148438
vertex 54.457481384277344 13.321266174316406 -11.485751152038574
vertex 55.49937057495117 13.412420272827148 -11.473912239074707
endloop
endfacet
facet normal 3.6081636635100127e-7 -0.1287956167132967 0.9916711597678494
outer loop
vertex 55.49937057495117 26.41242027282715 -9.785507202148438
vertex 53.44725036621094 13.050575256347656 -11.520907402038574
vertex 54.457481384277344 13.321266174316406 -11.485751152038574
endloop
endfacet
facet normal -2.725403249240176e-7 -0.12879552105556336 0.9916711721916451
outer loop
vertex 55.49937057495117 26.41242027282715 -9.785507202148438
vertex 52.49937057495117 12.608572006225586 -11.578313827514648
vertex 53.44725036621094 13.050575256347656 -11.520907402038574
endloop
endfacet
facet normal 2.6338421976370775e-7 -0.12879563559633306 0.9916711573154012
outer loop
vertex 55.49937057495117 26.41242027282715 -9.785507202148438
vertex 51.64264678955078 12.008686065673828 -11.656225204467773
vertex 52.49937057495117 12.608572006225586 -11.578313827514648
endloop
endfacet
facet normal 5.146998739555444e-7 -0.12879570177199012 0.9916711487205805
outer loop
vertex 55.49937057495117 26.41242027282715 -9.785507202148438
vertex 50.903106689453125 11.269145011901855 -11.752274513244629
vertex 51.64264678955078 12.008686065673828 -11.656225204467773
endloop
endfacet
facet normal 1.2074663848817733e-7 -0.12879578799730954 0.9916711375219798
outer loop
vertex 41.7105712890625 19.98259735107422 -10.62059497833252
vertex 55.49937057495117 26.41242027282715 -9.785507202148438
vertex 43.929195404052734 22.20121955871582 -10.332446098327637
endloop
endfacet
facet normal 1.0458286287961304e-7 -0.12879575390898867 0.9916711419492877
outer loop
vertex 41.7105712890625 19.98259735107422 -10.62059497833252
vertex 39.91091537475586 17.41242027282715 -10.954402923583984
vertex 55.49937057495117 26.41242027282715 -9.785507202148438
endloop
endfacet
facet normal -6.409152188414801e-8 -0.12879546660273933 0.9916711792638621
outer loop
vertex 38.584903717041016 14.568782806396484 -11.323726654052734
vertex 55.49937057495117 26.41242027282715 -9.785507202148438
vertex 39.91091537475586 17.41242027282715 -10.954402923583984
endloop
endfacet
facet normal 9.418969984936608e-9 -0.12879556984509688 0.9916711658550312
outer loop
vertex 38.584903717041016 14.568782806396484 -11.323726654052734
vertex 37.772830963134766 11.538086891174316 -11.717345237731934
vertex 55.49937057495117 26.41242027282715 -9.785507202148438
endloop
endfacet
facet normal -7.402082642976278e-7 -0.1287957252773481 0.9916711456676219
outer loop
vertex 59.35609817504883 2.816153049468994 -12.850127220153809
vertex 61.65573501586914 -8.502047538757324 -14.320104598999023
vertex 60.095638275146484 3.555694103240967 -12.754076957702637
endloop
endfacet
facet normal 9.266920043191973e-8 -0.12879557812165882 0.9916711647800893
outer loop
vertex 67.06954956054688 22.20121955871582 -10.332446098327637
vertex 71.08782958984375 -0.5875802040100098 -13.292194366455078
vertex 69.28816986083984 19.98259735107422 -10.62059497833252
endloop
endfacet
facet normal -2.6684885198250496e-7 -0.12879564046280584 0.9916711566833556
outer loop
vertex 64.49937438964844 24.000877380371094 -10.098711967468262
vertex 71.08782958984375 -0.5875802040100098 -13.292194366455078
vertex 67.06954956054688 22.20121955871582 -10.332446098327637
endloop
endfacet
facet normal 2.6612984323825695e-7 -0.12879553457485127 0.991671170435799
outer loop
vertex 61.65573501586914 25.326887130737305 -9.926492691040039
vertex 69.28816986083984 -3.15775728225708 -13.626002311706543
vertex 64.49937438964844 24.000877380371094 -10.098711967468262
endloop
endfacet
facet normal -4.8519579343935136e-8 -0.1287956158120831 0.9916711598849609
outer loop
vertex 58.625038146972656 26.138959884643555 -9.821022987365723
vertex 67.06954956054688 -5.37637996673584 -13.914151191711426
vertex 61.65573501586914 25.326887130737305 -9.926492691040039
endloop
endfacet
facet normal 0.0000016325360185682973 -0.12879542245659828 0.9916711849960961
outer loop
vertex 60.095638275146484 11.269145011901855 -11.752274513244629
vertex 60.69552230834961 10.412420272827148 -11.863544464111328
vertex 58.625038146972656 26.138959884643555 -9.821022987365723
endloop
endfacet
facet normal -6.76949374390652e-7 -0.12879572146922857 0.991671146162256
outer loop
vertex 60.69552230834961 10.412420272827148 -11.863544464111328
vertex 61.13752746582031 9.464540481567383 -11.986652374267578
vertex 58.625038146972656 26.138959884643555 -9.821022987365723
endloop
endfacet
facet normal -0.000005788394485065131 -0.128796478879731 0.9916710477747535
outer loop
vertex 61.13752746582031 9.464540481567383 -11.986652374267578
vertex 61.40821838378906 8.45430850982666 -12.117857933044434
vertex 58.625038146972656 26.138959884643555 -9.821022987365723
endloop
endfacet
facet normal -2.6495594125010633e-7 -0.12879563718022013 0.9916711571096896
outer loop
vertex 72.4138412475586 14.568782806396484 -11.323726654052734
vertex 73.22591400146484 5.286752700805664 -12.529252052307129
vertex 73.22591400146484 11.538086891174316 -11.717345237731934
endloop
endfacet
facet normal -1.6665248721090845e-7 -0.1287955724157133 0.9916711655211524
outer loop
vertex 71.08782958984375 17.41242027282715 -10.954402923583984
vertex 71.08782958984375 -0.5875802040100098 -13.292194366455078
vertex 72.4138412475586 14.568782806396484 -11.323726654052734
endloop
endfacet
facet normal 2.2458296804854053e-7 -0.1287956371802214 0.9916711571096994
outer loop
vertex 73.22591400146484 5.286752700805664 -12.529252052307129
vertex 73.49937438964844 8.412420272827148 -12.123298645019531
vertex 73.22591400146484 11.538086891174316 -11.717345237731934
endloop
endfacet
facet normal 7.750981623421606e-8 -0.1287956077153572 0.9916711609365404
outer loop
vertex 72.4138412475586 14.568782806396484 -11.323726654052734
vertex 72.4138412475586 2.2560572624206543 -12.922870635986328
vertex 73.22591400146484 5.286752700805664 -12.529252052307129
endloop
endfacet
facet normal 1.5898847965092757e-7 -0.12879557241571346 0.9916711655211536
outer loop
vertex 71.08782958984375 -0.5875802040100098 -13.292194366455078
vertex 71.08782958984375 17.41242027282715 -10.954402923583984
vertex 69.28816986083984 19.98259735107422 -10.62059497833252
endloop
endfacet
facet normal -1.173693946499336e-7 -0.12879560107433227 0.9916711617990551
outer loop
vertex 69.28816986083984 -3.15775728225708 -13.626002311706543
vertex 71.08782958984375 -0.5875802040100098 -13.292194366455078
vertex 64.49937438964844 24.000877380371094 -10.098711967468262
endloop
endfacet
facet normal 2.4362963542721575e-7 -0.12879560771535373 0.9916711609365139
outer loop
vertex 71.08782958984375 -0.5875802040100098 -13.292194366455078
vertex 72.4138412475586 2.2560572624206543 -12.922870635986328
vertex 72.4138412475586 14.568782806396484 -11.323726654052734
endloop
endfacet
facet normal -2.3787404356635609e-7 -0.12879559416449002 0.9916711626964653
outer loop
vertex 57.551490783691406 1.7742640972137451 -12.985445022583008
vertex 58.625038146972656 -9.314119338989258 -14.42557430267334
vertex 58.49937057495117 2.2162673473358154 -12.928038597106934
endloop
endfacet
facet normal 2.1197759095568826e-7 -0.1287955719619537 0.9916711655800768
outer loop
vertex 60.69552230834961 4.41241979598999 -12.642807960510254
vertex 64.49937438964844 -7.176037311553955 -14.147886276245117
vertex 61.13752746582031 5.360299110412598 -12.519700050354004
endloop
endfacet
facet normal -1.3942239997829666e-9 -0.12879559160001067 0.9916711630295616
outer loop
vertex 52.37370300292969 -9.314119338989258 -14.42557430267334
vertex 52.49937057495117 2.2162673473358154 -12.928038597106934
vertex 49.34300994873047 -8.502047538757324 -14.320104598999023
endloop
endfacet
facet normal 1.3540430094320098e-7 -0.1287956277758956 0.9916711583311248
outer loop
vertex 52.37370300292969 -9.314119338989258 -14.42557430267334
vertex 55.49937057495117 -9.587579727172852 -14.461091041564941
vertex 54.457481384277344 1.5035732984542847 -13.020601272583008
endloop
endfacet
facet normal -1.353635958246086e-7 -0.1287956282334394 0.9916711582717003
outer loop
vertex 55.49937057495117 -9.587579727172852 -14.461091041564941
vertex 58.625038146972656 -9.314119338989258 -14.42557430267334
vertex 55.49937057495117 1.4124197959899902 -13.032440185546875
endloop
endfacet
facet normal -1.2619788439668107e-7 -0.12879561503656023 0.9916711599856771
outer loop
vertex 46.49937057495117 -7.176037311553955 -14.147886276245117
vertex 49.34300994873047 -8.502047538757324 -14.320104598999023
vertex 50.903106689453125 3.555694103240967 -12.754076957702637
endloop
endfacet
facet normal 1.304514818568955e-7 -0.12879562823343946 0.9916711582717007
outer loop
vertex 54.457481384277344 1.5035732984542847 -13.020601272583008
vertex 55.49937057495117 -9.587579727172852 -14.461091041564941
vertex 55.49937057495117 1.4124197959899902 -13.032440185546875
endloop
endfacet
facet normal -1.305735972641556e-7 -0.1287956268608081 0.9916711584499744
outer loop
vertex 55.49937057495117 1.4124197959899902 -13.032440185546875
vertex 58.625038146972656 -9.314119338989258 -14.42557430267334
vertex 56.541259765625 1.5035732984542847 -13.020601272583008
endloop
endfacet
facet normal 0.0000016908333122495091 -0.12879532133921406 0.9916711981288303
outer loop
vertex 61.40821838378906 8.45430850982666 -12.117857933044434
vertex 64.49937438964844 -7.176037311553955 -14.147886276245117
vertex 58.625038146972656 26.138959884643555 -9.821022987365723
endloop
endfacet
facet normal 1.3942222500019561e-9 -0.12879559160001067 0.9916711630295615
outer loop
vertex 58.625038146972656 -9.314119338989258 -14.42557430267334
vertex 61.65573501586914 -8.502047538757324 -14.320104598999023
vertex 58.49937057495117 2.2162673473358154 -12.928038597106934
endloop
endfacet
facet normal -5.806962906139603e-7 -0.1287957810056943 0.9916711384298708
outer loop
vertex 61.13752746582031 5.360299110412598 -12.519700050354004
vertex 64.49937438964844 -7.176037311553955 -14.147886276245117
vertex 61.40821838378906 6.370530605316162 -12.388493537902832
endloop
endfacet
facet normal 1.0578115352135127e-7 -0.1287956269587042 0.991671158437263
outer loop
vertex 61.40821838378906 6.370530605316162 -12.388493537902832
vertex 64.49937438964844 -7.176037311553955 -14.147886276245117
vertex 61.49937057495117 7.41241979598999 -12.253175735473633
endloop
endfacet
facet normal 1.2619788439668107e-7 -0.12879561503656023 0.9916711599856771
outer loop
vertex 61.65573501586914 -8.502047538757324 -14.320104598999023
vertex 64.49937438964844 -7.176037311553955 -14.147886276245117
vertex 60.095638275146484 3.555694103240967 -12.754076957702637
endloop
endfacet
facet normal -2.3645066273657855e-7 -0.12879569616859596 0.9916711494484403
outer loop
vertex 61.49937057495117 7.41241979598999 -12.253175735473633
vertex 64.49937438964844 -7.176037311553955 -14.147886276245117
vertex 61.40821838378906 8.45430850982666 -12.117857933044434
endloop
endfacet
facet normal -2.993800451684231e-8 -0.1287956125900006 0.9916711603034373
outer loop
vertex 67.06954956054688 -5.37637996673584 -13.914151191711426
vertex 69.28816986083984 -3.15775728225708 -13.626002311706543
vertex 61.65573501586914 25.326887130737305 -9.926492691040039
endloop
endfacet
facet normal -0.7071070851363227 -0.7071064772366418 0
outer loop
vertex 67.06954956054688 22.20121955871582 0
vertex 67.06954956054688 22.20121955871582 -10.332446098327637
vertex 69.28816986083984 19.98259735107422 0
endloop
endfacet
facet normal -0.9961947005910559 0.08715571418040632 0
outer loop
vertex 73.49937438964844 8.412420272827148 0
vertex 73.49937438964844 8.412420272827148 -12.123298645019531
vertex 73.22591400146484 5.286752700805664 0
endloop
endfacet
facet normal -0.5735767177135981 0.8191518472767398 0
outer loop
vertex 64.49937438964844 -7.176037311553955 -14.147886276245117
vertex 64.49937438964844 -7.176037311553955 0
vertex 67.06954956054688 -5.37637996673584 -13.914151191711426
endloop
endfacet
facet normal 0.906307575835037 -0.422618714663725 0
outer loop
vertex 38.584903717041016 14.568782806396484 -11.323726654052734
vertex 39.91091537475586 17.41242027282715 -10.954402923583984
vertex 39.91091537475586 17.41242027282715 -4.099999904632568
endloop
endfacet
facet normal 0.573576882754211 0.8191517317139493 0
outer loop
vertex 46.49937057495117 -7.176037311553955 -4.099999904632568
vertex 46.49937057495117 -7.176037311553955 -14.147886276245117
vertex 46.26593017578125 -7.012580394744873 -4.099999904632568
endloop
endfacet
facet normal -0.9659258078898414 -0.2588191137693606 0
outer loop
vertex 72.4138412475586 14.568782806396484 -11.323726654052734
vertex 73.22591400146484 11.538086891174316 -11.717345237731934
vertex 73.22591400146484 11.538086891174316 0
endloop
endfacet
facet normal -0.9063075758350368 -0.42261871466372497 0
outer loop
vertex 71.08782958984375 17.41242027282715 0
vertex 71.08782958984375 17.41242027282715 -10.954402923583984
vertex 72.4138412475586 14.568782806396484 0
endloop
endfacet
facet normal -0.9659258078898414 -0.2588191137693607 0
outer loop
vertex 72.4138412475586 14.568782806396484 0
vertex 72.4138412475586 14.568782806396484 -11.323726654052734
vertex 73.22591400146484 11.538086891174316 0
endloop
endfacet
facet normal -0.8191516902456087 -0.5735769419770657 0
outer loop
vertex 69.28816986083984 19.98259735107422 0
vertex 69.28816986083984 19.98259735107422 -10.62059497833252
vertex 71.08782958984375 17.41242027282715 0
endloop
endfacet
facet normal -0.9961946982822178 -0.08715574057054977 0
outer loop
vertex 73.22591400146484 11.538086891174316 -11.717345237731934
vertex 73.49937438964844 8.412420272827148 -12.123298645019531
vertex 73.49937438964844 8.412420272827148 0
endloop
endfacet
facet normal -0.9961947005910557 0.08715571418040631 0
outer loop
vertex 73.49937438964844 8.412420272827148 -12.123298645019531
vertex 73.22591400146484 5.286752700805664 -12.529252052307129
vertex 73.22591400146484 5.286752700805664 0
endloop
endfacet
facet normal -0.7071071611237052 0.7071064012491857 0
outer loop
vertex 69.28816986083984 -3.15775728225708 0
vertex 69.28816986083984 -3.15775728225708 -13.626002311706543
vertex 67.06954956054688 -5.37637996673584 0
endloop
endfacet
facet normal -0.9659257977094544 0.2588191517630681 0
outer loop
vertex 73.22591400146484 5.286752700805664 -12.529252052307129
vertex 72.4138412475586 2.2560572624206543 -12.922870635986328
vertex 72.4138412475586 2.2560572624206543 0
endloop
endfacet
facet normal -0.9063075758350367 0.42261871466372497 0
outer loop
vertex 72.4138412475586 2.2560572624206543 -12.922870635986328
vertex 71.08782958984375 -0.5875802040100098 -13.292194366455078
vertex 71.08782958984375 -0.5875802040100098 0
endloop
endfacet
facet normal -0.5735767177135981 0.8191518472767398 0
outer loop
vertex 67.06954956054688 -5.37637996673584 0
vertex 67.06954956054688 -5.37637996673584 -13.914151191711426
vertex 64.49937438964844 -7.176037311553955 0
endloop
endfacet
facet normal -0.42261810733159666 0.9063078590387811 0
outer loop
vertex 64.49937438964844 -7.176037311553955 0
vertex 64.49937438964844 -7.176037311553955 -14.147886276245117
vertex 61.65573501586914 -8.502047538757324 0
endloop
endfacet
facet normal 0.08715571418040631 -0.9961947005910557 0
outer loop
vertex 52.37370300292969 26.138959884643555 -9.821022987365723
vertex 55.49937057495117 26.41242027282715 -9.785507202148438
vertex 55.49937057495117 26.41242027282715 0
endloop
endfacet
facet normal 0.2588193417317667 -0.9659257468074527 0
outer loop
vertex 49.34300994873047 25.326887130737305 -9.926492691040039
vertex 52.37370300292969 26.138959884643555 -9.821022987365723
vertex 52.37370300292969 26.138959884643555 0
endloop
endfacet
facet normal -0.25881875419324346 0.9659259042379272 0
outer loop
vertex 61.65573501586914 -8.502047538757324 0
vertex 61.65573501586914 -8.502047538757324 -14.320104598999023
vertex 58.625038146972656 -9.314119338989258 0
endloop
endfacet
facet normal 0.422617982500481 -0.9063079172484498 0
outer loop
vertex 46.49937057495117 24.000877380371094 -10.098711967468262
vertex 49.34300994873047 25.326887130737305 -9.926492691040039
vertex 49.34300994873047 25.326887130737305 0
endloop
endfacet
facet normal 0.5735768196902046 -0.8191517758718897 0
outer loop
vertex 43.929195404052734 22.20121955871582 -10.332446098327637
vertex 46.49937057495117 24.000877380371094 -10.098711967468262
vertex 46.49937057495117 24.000877380371094 0
endloop
endfacet
facet normal 0.707106477236903 -0.7071070851360614 0
outer loop
vertex 41.7105712890625 19.98259735107422 -10.62059497833252
vertex 43.929195404052734 22.20121955871582 -10.332446098327637
vertex 43.929195404052734 22.20121955871582 0
endloop
endfacet
facet normal 0.8191523474479209 -0.5735760033949824 0
outer loop
vertex 39.91091537475586 17.41242027282715 -4.099999904632568
vertex 39.91091537475586 17.41242027282715 -10.954402923583984
vertex 41.519371032714844 19.709535598754883 -4.099999904632568
endloop
endfacet
facet normal 0.9063075758350368 -0.42261871466372497 0
outer loop
vertex 38.584903717041016 14.568782806396484 -4.099999904632568
vertex 38.584903717041016 14.568782806396484 -11.323726654052734
vertex 39.91091537475586 17.41242027282715 -4.099999904632568
endloop
endfacet
facet normal -0.08715611569465857 0.9961946654630405 0
outer loop
vertex 58.625038146972656 -9.314119338989258 0
vertex 56.81937026977539 -9.472095489501953 -4.099999904632568
vertex 56.81937026977539 -9.472095489501953 0
endloop
endfacet
facet normal 0.573576701225995 0.8191518588214921 0
outer loop
vertex 46.26593017578125 -7.012580394744873 0
vertex 46.26593017578125 -7.012580394744873 -4.099999904632568
vertex 43.929195404052734 -5.37637996673584 0
endloop
endfacet
facet normal 0.8191517736202121 0.5735768229059302 0
outer loop
vertex 41.7105712890625 -3.15775728225708 0
vertex 41.519371032714844 -2.884695291519165 -4.099999904632568
vertex 41.519371032714844 -2.884695291519165 0
endloop
endfacet
facet normal 0.7071065532243509 0.7071070091486706 0
outer loop
vertex 43.929195404052734 -5.37637996673584 0
vertex 43.929195404052734 -5.37637996673584 -13.914151191711426
vertex 41.7105712890625 -3.15775728225708 0
endloop
endfacet
facet normal -0.08715611569465859 0.9961946654630406 0
outer loop
vertex 58.625038146972656 -9.314119338989258 0
vertex 58.625038146972656 -9.314119338989258 -14.42557430267334
vertex 56.81937026977539 -9.472095489501953 -4.099999904632568
endloop
endfacet
facet normal -0.8191516902456089 0.5735769419770658 0
outer loop
vertex 69.28816986083984 -3.15775728225708 0
vertex 71.08782958984375 -0.5875802040100098 -13.292194366455078
vertex 69.28816986083984 -3.15775728225708 -13.626002311706543
endloop
endfacet
facet normal -0.7071071611237053 0.7071064012491858 0
outer loop
vertex 67.06954956054688 -5.37637996673584 -13.914151191711426
vertex 67.06954956054688 -5.37637996673584 0
vertex 69.28816986083984 -3.15775728225708 -13.626002311706543
endloop
endfacet
facet normal 0.8191522575720613 -0.5735761317511312 6.410627014071424e-8
outer loop
vertex 39.91091537475586 17.41242027282715 -10.954402923583984
vertex 41.7105712890625 19.98259735107422 -10.62059497833252
vertex 41.519371032714844 19.709535598754883 -4.099999904632568
endloop
endfacet
facet normal 0.8191523194771796 0.5735760433413826 3.3302263197871394e-8
outer loop
vertex 39.91091537475586 -0.5875802040100098 -4.099999904632568
vertex 41.519371032714844 -2.884695291519165 -4.099999904632568
vertex 41.7105712890625 -3.15775728225708 -13.626002311706543
endloop
endfacet
facet normal -0.42261810733159666 0.9063078590387811 0
outer loop
vertex 64.49937438964844 -7.176037311553955 -14.147886276245117
vertex 61.65573501586914 -8.502047538757324 -14.320104598999023
vertex 61.65573501586914 -8.502047538757324 0
endloop
endfacet
facet normal -0.2588187541932435 0.9659259042379273 0
outer loop
vertex 61.65573501586914 -8.502047538757324 -14.320104598999023
vertex 58.625038146972656 -9.314119338989258 -14.42557430267334
vertex 58.625038146972656 -9.314119338989258 0
endloop
endfacet
facet normal 0.9063075758350368 0.42261871466372497 0
outer loop
vertex 39.91091537475586 -0.5875802040100098 -4.099999904632568
vertex 39.91091537475586 -0.5875802040100098 -13.292194366455078
vertex 38.584903717041016 2.2560572624206543 -4.099999904632568
endloop
endfacet
facet normal 0.9063075758350368 0.42261871466372497 0
outer loop
vertex 39.91091537475586 -0.5875802040100098 -13.292194366455078
vertex 38.584903717041016 2.2560572624206543 -12.922870635986328
vertex 38.584903717041016 2.2560572624206543 -4.099999904632568
endloop
endfacet
facet normal 0.8191522614839819 0.573576126164329 0
outer loop
vertex 39.91091537475586 -0.5875802040100098 -4.099999904632568
vertex 41.7105712890625 -3.15775728225708 -13.626002311706543
vertex 39.91091537475586 -0.5875802040100098 -13.292194366455078
endloop
endfacet
facet normal -0.08715516493673513 0.9961947486434821 0
outer loop
vertex 56.81937026977539 -9.472095489501953 -4.099999904632568
vertex 55.49937057495117 -9.587579727172852 -14.461091041564941
vertex 55.49937057495117 -9.587579727172852 -4.099999904632568
endloop
endfacet
facet normal 0.08715571418040632 0.9961947005910559 0
outer loop
vertex 55.49937057495117 -9.587579727172852 -14.461091041564941
vertex 52.37370300292969 -9.314119338989258 -4.099999904632568
vertex 55.49937057495117 -9.587579727172852 -4.099999904632568
endloop
endfacet
facet normal 0.2588190581427469 0.9659258227949501 0
outer loop
vertex 52.37370300292969 -9.314119338989258 -4.099999904632568
vertex 52.37370300292969 -9.314119338989258 -14.42557430267334
vertex 49.34300994873047 -8.502047538757324 -4.099999904632568
endloop
endfacet
facet normal 0.42261810733159666 0.9063078590387811 0
outer loop
vertex 49.34300994873047 -8.502047538757324 -4.099999904632568
vertex 49.34300994873047 -8.502047538757324 -14.320104598999023
vertex 46.49937057495117 -7.176037311553955 -4.099999904632568
endloop
endfacet
facet normal 0.5735766935117317 0.8191518642230811 -6.552261002306597e-9
outer loop
vertex 46.26593017578125 -7.012580394744873 -4.099999904632568
vertex 46.49937057495117 -7.176037311553955 -14.147886276245117
vertex 43.929195404052734 -5.37637996673584 0
endloop
endfacet
facet normal 0.8191517736202121 0.5735768229059302 0
outer loop
vertex 41.7105712890625 -3.15775728225708 0
vertex 41.7105712890625 -3.15775728225708 -13.626002311706543
vertex 41.519371032714844 -2.884695291519165 -4.099999904632568
endloop
endfacet
facet normal -0.08715571497666229 0.99619470052139 7.061127727242042e-8
outer loop
vertex 58.625038146972656 -9.314119338989258 -14.42557430267334
vertex 55.49937057495117 -9.587579727172852 -14.461091041564941
vertex 56.81937026977539 -9.472095489501953 -4.099999904632568
endloop
endfacet
facet normal 0.08715571418040632 0.9961947005910559 0
outer loop
vertex 55.49937057495117 -9.587579727172852 -14.461091041564941
vertex 52.37370300292969 -9.314119338989258 -14.42557430267334
vertex 52.37370300292969 -9.314119338989258 -4.099999904632568
endloop
endfacet
facet normal 0.2588190581427469 0.9659258227949502 0
outer loop
vertex 52.37370300292969 -9.314119338989258 -14.42557430267334
vertex 49.34300994873047 -8.502047538757324 -14.320104598999023
vertex 49.34300994873047 -8.502047538757324 -4.099999904632568
endloop
endfacet
facet normal 0.5735767177135981 0.8191518472767398 0
outer loop
vertex 46.49937057495117 -7.176037311553955 -14.147886276245117
vertex 43.929195404052734 -5.37637996673584 -13.914151191711426
vertex 43.929195404052734 -5.37637996673584 0
endloop
endfacet
facet normal 0.7071065532243509 0.7071070091486706 0
outer loop
vertex 41.7105712890625 -3.15775728225708 -13.626002311706543
vertex 41.7105712890625 -3.15775728225708 0
vertex 43.929195404052734 -5.37637996673584 -13.914151191711426
endloop
endfacet
facet normal 0.42261810733159666 0.9063078590387811 0
outer loop
vertex 49.34300994873047 -8.502047538757324 -14.320104598999023
vertex 46.49937057495117 -7.176037311553955 -14.147886276245117
vertex 46.49937057495117 -7.176037311553955 -4.099999904632568
endloop
endfacet
facet normal 0.9659258078898414 -0.2588191137693607 0
outer loop
vertex 38.584903717041016 14.568782806396484 -4.099999904632568
vertex 37.772830963134766 11.538086891174316 -11.717345237731934
vertex 38.584903717041016 14.568782806396484 -11.323726654052734
endloop
endfacet
facet normal 0.9659258078898414 -0.2588191137693606 0
outer loop
vertex 37.772830963134766 11.538086891174316 -4.099999904632568
vertex 37.772830963134766 11.538086891174316 -11.717345237731934
vertex 38.584903717041016 14.568782806396484 -4.099999904632568
endloop
endfacet
facet normal 0.9961946982822178 -0.08715574057054977 0
outer loop
vertex 37.772830963134766 11.538086891174316 -4.099999904632568
vertex 37.49937057495117 8.412420272827148 -4.099999904632568
vertex 37.49937057495117 8.412420272827148 -12.123298645019531
endloop
endfacet
facet normal 0.9961947005910557 0.08715571418040631 0
outer loop
vertex 37.49937057495117 8.412420272827148 -4.099999904632568
vertex 37.772830963134766 5.286752700805664 -4.099999904632568
vertex 37.772830963134766 5.286752700805664 -12.529252052307129
endloop
endfacet
facet normal 0.9659257977094544 0.2588191517630681 0
outer loop
vertex 37.772830963134766 5.286752700805664 -4.099999904632568
vertex 38.584903717041016 2.2560572624206543 -4.099999904632568
vertex 38.584903717041016 2.2560572624206543 -12.922870635986328
endloop
endfacet
facet normal 0.9961946982822177 -0.08715574057054976 0
outer loop
vertex 37.49937057495117 8.412420272827148 -12.123298645019531
vertex 37.772830963134766 11.538086891174316 -11.717345237731934
vertex 37.772830963134766 11.538086891174316 -4.099999904632568
endloop
endfacet
facet normal 0.9961947005910559 0.08715571418040632 0
outer loop
vertex 37.772830963134766 5.286752700805664 -12.529252052307129
vertex 37.49937057495117 8.412420272827148 -12.123298645019531
vertex 37.49937057495117 8.412420272827148 -4.099999904632568
endloop
endfacet
facet normal 0.9659257977094545 0.2588191517630681 0
outer loop
vertex 38.584903717041016 2.2560572624206543 -12.922870635986328
vertex 37.772830963134766 5.286752700805664 -12.529252052307129
vertex 37.772830963134766 5.286752700805664 -4.099999904632568
endloop
endfacet
facet normal -0.08715571418040632 -0.9961947005910557 0
outer loop
vertex 55.49937057495117 26.41242027282715 -9.785507202148438
vertex 58.625038146972656 26.138959884643555 -9.821022987365723
vertex 58.625038146972656 26.138959884643555 0
endloop
endfacet
facet normal -0.258819037781978 -0.9659258282506018 0
outer loop
vertex 58.625038146972656 26.138959884643555 -9.821022987365723
vertex 61.65573501586914 25.326887130737305 -9.926492691040039
vertex 61.65573501586914 25.326887130737305 0
endloop
endfacet
facet normal -0.5735768196902046 -0.8191517758718897 0
outer loop
vertex 64.49937438964844 24.000877380371094 0
vertex 64.49937438964844 24.000877380371094 -10.098711967468262
vertex 67.06954956054688 22.20121955871582 0
endloop
endfacet
facet normal -0.422617982500481 -0.90630791724845 0
outer loop
vertex 61.65573501586914 25.326887130737305 -9.926492691040039
vertex 64.49937438964844 24.000877380371094 -10.098711967468262
vertex 64.49937438964844 24.000877380371094 0
endloop
endfacet
facet normal -0.5735768196902046 -0.8191517758718897 0
outer loop
vertex 64.49937438964844 24.000877380371094 -10.098711967468262
vertex 67.06954956054688 22.20121955871582 -10.332446098327637
vertex 67.06954956054688 22.20121955871582 0
endloop
endfacet
facet normal -0.422617982500481 -0.9063079172484498 0
outer loop
vertex 61.65573501586914 25.326887130737305 0
vertex 61.65573501586914 25.326887130737305 -9.926492691040039
vertex 64.49937438964844 24.000877380371094 0
endloop
endfacet
facet normal -0.258819037781978 -0.9659258282506018 0
outer loop
vertex 58.625038146972656 26.138959884643555 0
vertex 58.625038146972656 26.138959884643555 -9.821022987365723
vertex 61.65573501586914 25.326887130737305 0
endloop
endfacet
facet normal -0.7071070851363227 -0.7071064772366418 0
outer loop
vertex 67.06954956054688 22.20121955871582 -10.332446098327637
vertex 69.28816986083984 19.98259735107422 -10.62059497833252
vertex 69.28816986083984 19.98259735107422 0
endloop
endfacet
facet normal -0.8191516902456089 -0.5735769419770658 0
outer loop
vertex 69.28816986083984 19.98259735107422 -10.62059497833252
vertex 71.08782958984375 17.41242027282715 -10.954402923583984
vertex 71.08782958984375 17.41242027282715 0
endloop
endfacet
facet normal -0.9063075758350367 -0.42261871466372497 0
outer loop
vertex 71.08782958984375 17.41242027282715 -10.954402923583984
vertex 72.4138412475586 14.568782806396484 -11.323726654052734
vertex 72.4138412475586 14.568782806396484 0
endloop
endfacet
facet normal 0.819151538317578 -0.5735771589524339 0
outer loop
vertex 41.519371032714844 19.709535598754883 -4.099999904632568
vertex 41.7105712890625 19.98259735107422 -10.62059497833252
vertex 41.7105712890625 19.98259735107422 0
endloop
endfacet
facet normal 0.7071064772369031 -0.7071070851360615 0
outer loop
vertex 41.7105712890625 19.98259735107422 0
vertex 41.7105712890625 19.98259735107422 -10.62059497833252
vertex 43.929195404052734 22.20121955871582 0
endloop
endfacet
facet normal 0.5735768196902046 -0.8191517758718897 0
outer loop
vertex 43.929195404052734 22.20121955871582 0
vertex 43.929195404052734 22.20121955871582 -10.332446098327637
vertex 46.49937057495117 24.000877380371094 0
endloop
endfacet
facet normal 0.422617982500481 -0.90630791724845 0
outer loop
vertex 46.49937057495117 24.000877380371094 0
vertex 46.49937057495117 24.000877380371094 -10.098711967468262
vertex 49.34300994873047 25.326887130737305 0
endloop
endfacet
facet normal 0.2588193417317667 -0.9659257468074526 0
outer loop
vertex 49.34300994873047 25.326887130737305 0
vertex 49.34300994873047 25.326887130737305 -9.926492691040039
vertex 52.37370300292969 26.138959884643555 0
endloop
endfacet
facet normal 0.08715571418040632 -0.9961947005910557 0
outer loop
vertex 52.37370300292969 26.138959884643555 0
vertex 52.37370300292969 26.138959884643555 -9.821022987365723
vertex 55.49937057495117 26.41242027282715 0
endloop
endfacet
facet normal -0.08715571418040631 -0.9961947005910557 0
outer loop
vertex 55.49937057495117 26.41242027282715 0
vertex 55.49937057495117 26.41242027282715 -9.785507202148438
vertex 58.625038146972656 26.138959884643555 0
endloop
endfacet
facet normal 0.8191515383175779 -0.5735771589524338 0
outer loop
vertex 41.519371032714844 19.709535598754883 -4.099999904632568
vertex 41.7105712890625 19.98259735107422 0
vertex 41.519371032714844 19.709535598754883 0
endloop
endfacet
facet normal -0.8191516902456087 0.5735769419770657 0
outer loop
vertex 71.08782958984375 -0.5875802040100098 -13.292194366455078
vertex 69.28816986083984 -3.15775728225708 0
vertex 71.08782958984375 -0.5875802040100098 0
endloop
endfacet
facet normal -0.9063075758350368 0.42261871466372497 0
outer loop
vertex 72.4138412475586 2.2560572624206543 0
vertex 72.4138412475586 2.2560572624206543 -12.922870635986328
vertex 71.08782958984375 -0.5875802040100098 0
endloop
endfacet
facet normal -0.9659257977094545 0.2588191517630681 0
outer loop
vertex 73.22591400146484 5.286752700805664 0
vertex 73.22591400146484 5.286752700805664 -12.529252052307129
vertex 72.4138412475586 2.2560572624206543 0
endloop
endfacet
facet normal -0.9961946982822178 -0.08715574057054976 0
outer loop
vertex 73.22591400146484 11.538086891174316 0
vertex 73.22591400146484 11.538086891174316 -11.717345237731934
vertex 73.49937438964844 8.412420272827148 0
endloop
endfacet
facet normal -0.9659257773486671 0.25881922775051525 0
outer loop
vertex 61.40821838378906 6.370530605316162 -13.388493537902832
vertex 61.13752746582031 5.360299110412598 -13.519700050354004
vertex 61.13752746582031 5.360299110412598 -12.519700050354004
endloop
endfacet
facet normal -0.9659257773486671 0.25881922775051525 0
outer loop
vertex 61.40821838378906 6.370530605316162 -13.388493537902832
vertex 61.13752746582031 5.360299110412598 -12.519700050354004
vertex 61.40821838378906 6.370530605316162 -12.388493537902832
endloop
endfacet
facet normal -0.9063071373004468 0.42261965510168725 0
outer loop
vertex 61.13752746582031 5.360299110412598 -13.519700050354004
vertex 60.69552230834961 4.41241979598999 -12.642807960510254
vertex 61.13752746582031 5.360299110412598 -12.519700050354004
endloop
endfacet
facet normal -0.9961948061508783 0.08715450761730063 0
outer loop
vertex 61.49937057495117 7.41241979598999 -13.253175735473633
vertex 61.40821838378906 6.370530605316162 -12.388493537902832
vertex 61.49937057495117 7.41241979598999 -12.253175735473633
endloop
endfacet
facet normal -0.8191528327223392 0.5735753103498854 0
outer loop
vertex 60.69552230834961 4.41241979598999 -12.642807960510254
vertex 60.69552230834961 4.41241979598999 -13.642807960510254
vertex 60.095638275146484 3.555694103240967 -12.754076957702637
endloop
endfacet
facet normal -0.422617982500481 0.9063079172484498 0
outer loop
vertex 58.49937057495117 2.2162673473358154 -13.928038597106934
vertex 57.551490783691406 1.7742640972137451 -13.985445022583008
vertex 57.551490783691406 1.7742640972137451 -12.985445022583008
endloop
endfacet
facet normal -0.7071072371110632 0.7071063252617378 0
outer loop
vertex 60.095638275146484 3.555694103240967 -12.754076957702637
vertex 60.095638275146484 3.555694103240967 -13.754076957702637
vertex 59.35609817504883 2.816153049468994 -12.850127220153809
endloop
endfacet
facet normal -0.9063071373004468 0.42261965510168725 0
outer loop
vertex 60.69552230834961 4.41241979598999 -13.642807960510254
vertex 60.69552230834961 4.41241979598999 -12.642807960510254
vertex 61.13752746582031 5.360299110412598 -13.519700050354004
endloop
endfacet
facet normal -0.8191528327223392 0.5735753103498854 0
outer loop
vertex 60.69552230834961 4.41241979598999 -13.642807960510254
vertex 60.095638275146484 3.555694103240967 -13.754076957702637
vertex 60.095638275146484 3.555694103240967 -12.754076957702637
endloop
endfacet
facet normal -0.7071072371110632 0.7071063252617378 0
outer loop
vertex 60.095638275146484 3.555694103240967 -13.754076957702637
vertex 59.35609817504883 2.816153049468994 -13.850127220153809
vertex 59.35609817504883 2.816153049468994 -12.850127220153809
endloop
endfacet
facet normal -0.5735755242494035 0.8191526829486808 0
outer loop
vertex 59.35609817504883 2.816153049468994 -13.850127220153809
vertex 58.49937057495117 2.2162673473358154 -12.928038597106934
vertex 59.35609817504883 2.816153049468994 -12.850127220153809
endloop
endfacet
facet normal -0.422617982500481 0.9063079172484498 0
outer loop
vertex 58.49937057495117 2.2162673473358154 -12.928038597106934
vertex 58.49937057495117 2.2162673473358154 -13.928038597106934
vertex 57.551490783691406 1.7742640972137451 -12.985445022583008
endloop
endfacet
facet normal -0.9063072187317824 -0.4226194804722812 0
outer loop
vertex 60.69552230834961 10.412420272827148 -11.863544464111328
vertex 60.69552230834961 10.412420272827148 -12.863544464111328
vertex 61.13752746582031 9.464540481567383 -11.986652374267578
endloop
endfacet
facet normal -0.5735755242494035 0.8191526829486808 0
outer loop
vertex 59.35609817504883 2.816153049468994 -13.850127220153809
vertex 58.49937057495117 2.2162673473358154 -13.928038597106934
vertex 58.49937057495117 2.2162673473358154 -12.928038597106934
endloop
endfacet
facet normal -0.9961948026877161 -0.08715454720198215 0
outer loop
vertex 61.49937057495117 7.41241979598999 -13.253175735473633
vertex 61.49937057495117 7.41241979598999 -12.253175735473633
vertex 61.40821838378906 8.45430850982666 -13.117857933044434
endloop
endfacet
facet normal -0.9063072187317824 -0.4226194804722812 0
outer loop
vertex 61.13752746582031 9.464540481567383 -12.986652374267578
vertex 61.13752746582031 9.464540481567383 -11.986652374267578
vertex 60.69552230834961 10.412420272827148 -12.863544464111328
endloop
endfacet
facet normal -0.819152532733832 -0.573575738778889 0
outer loop
vertex 60.69552230834961 10.412420272827148 -12.863544464111328
vertex 60.69552230834961 10.412420272827148 -11.863544464111328
vertex 60.095638275146484 11.269145011901855 -12.752274513244629
endloop
endfacet
facet normal -0.5735756772143172 -0.8191525758417276 0
outer loop
vertex 58.49937057495117 12.608572006225586 -11.578313827514648
vertex 58.49937057495117 12.608572006225586 -12.578313827514648
vertex 59.35609817504883 12.008686065673828 -11.656225204467773
endloop
endfacet
facet normal -0.2588193417317667 -0.9659257468074527 0
outer loop
vertex 56.541259765625 13.321266174316406 -11.485751152038574
vertex 56.541259765625 13.321266174316406 -12.485751152038574
vertex 57.551490783691406 13.050575256347656 -11.520907402038574
endloop
endfacet
facet normal -0.08715631746181533 -0.996194647810605 0
outer loop
vertex 55.49937057495117 13.412420272827148 -11.473912239074707
vertex 55.49937057495117 13.412420272827148 -12.473912239074707
vertex 56.541259765625 13.321266174316406 -11.485751152038574
endloop
endfacet
facet normal -0.7071072371110632 -0.7071063252617378 0
outer loop
vertex 59.35609817504883 12.008686065673828 -11.656225204467773
vertex 59.35609817504883 12.008686065673828 -12.656225204467773
vertex 60.095638275146484 11.269145011901855 -11.752274513244629
endloop
endfacet
facet normal -0.7071072371110632 -0.7071063252617378 0
outer loop
vertex 60.095638275146484 11.269145011901855 -11.752274513244629
vertex 59.35609817504883 12.008686065673828 -12.656225204467773
vertex 60.095638275146484 11.269145011901855 -12.752274513244629
endloop
endfacet
facet normal -0.2588193417317667 -0.9659257468074527 0
outer loop
vertex 56.541259765625 13.321266174316406 -12.485751152038574
vertex 57.551490783691406 13.050575256347656 -12.520907402038574
vertex 57.551490783691406 13.050575256347656 -11.520907402038574
endloop
endfacet
facet normal -0.08715631746181533 -0.996194647810605 0
outer loop
vertex 55.49937057495117 13.412420272827148 -12.473912239074707
vertex 56.541259765625 13.321266174316406 -12.485751152038574
vertex 56.541259765625 13.321266174316406 -11.485751152038574
endloop
endfacet
facet normal 0.08715631746181533 -0.996194647810605 0
outer loop
vertex 55.49937057495117 13.412420272827148 -11.473912239074707
vertex 54.457481384277344 13.321266174316406 -12.485751152038574
vertex 55.49937057495117 13.412420272827148 -12.473912239074707
endloop
endfacet
facet normal -0.422617982500481 -0.9063079172484498 0
outer loop
vertex 57.551490783691406 13.050575256347656 -11.520907402038574
vertex 57.551490783691406 13.050575256347656 -12.520907402038574
vertex 58.49937057495117 12.608572006225586 -11.578313827514648
endloop
endfacet
facet normal 0.08715631746181533 -0.996194647810605 0
outer loop
vertex 54.457481384277344 13.321266174316406 -11.485751152038574
vertex 54.457481384277344 13.321266174316406 -12.485751152038574
vertex 55.49937057495117 13.412420272827148 -11.473912239074707
endloop
endfacet
facet normal 0.2588193417317667 -0.9659257468074527 0
outer loop
vertex 53.44725036621094 13.050575256347656 -11.520907402038574
vertex 53.44725036621094 13.050575256347656 -12.520907402038574
vertex 54.457481384277344 13.321266174316406 -11.485751152038574
endloop
endfacet
facet normal -0.5735756772143172 -0.8191525758417276 0
outer loop
vertex 58.49937057495117 12.608572006225586 -12.578313827514648
vertex 59.35609817504883 12.008686065673828 -12.656225204467773
vertex 59.35609817504883 12.008686065673828 -11.656225204467773
endloop
endfacet
facet normal 0.422617982500481 -0.9063079172484498 0
outer loop
vertex 52.49937057495117 12.608572006225586 -11.578313827514648
vertex 52.49937057495117 12.608572006225586 -12.578313827514648
vertex 53.44725036621094 13.050575256347656 -11.520907402038574
endloop
endfacet
facet normal 0.2588193417317667 -0.9659257468074527 0
outer loop
vertex 53.44725036621094 13.050575256347656 -12.520907402038574
vertex 54.457481384277344 13.321266174316406 -12.485751152038574
vertex 54.457481384277344 13.321266174316406 -11.485751152038574
endloop
endfacet
facet normal 0.422617982500481 -0.9063079172484498 0
outer loop
vertex 52.49937057495117 12.608572006225586 -12.578313827514648
vertex 53.44725036621094 13.050575256347656 -12.520907402038574
vertex 53.44725036621094 13.050575256347656 -11.520907402038574
endloop
endfacet
facet normal 0.5735773909294365 -0.8191513758851781 0
outer loop
vertex 51.64264678955078 12.008686065673828 -11.656225204467773
vertex 51.64264678955078 12.008686065673828 -12.656225204467773
vertex 52.49937057495117 12.608572006225586 -11.578313827514648
endloop
endfacet
facet normal -0.422617982500481 -0.9063079172484498 0
outer loop
vertex 57.551490783691406 13.050575256347656 -12.520907402038574
vertex 58.49937057495117 12.608572006225586 -12.578313827514648
vertex 58.49937057495117 12.608572006225586 -11.578313827514648
endloop
endfacet
facet normal -0.9961948061508783 0.08715450761730063 0
outer loop
vertex 61.49937057495117 7.41241979598999 -13.253175735473633
vertex 61.40821838378906 6.370530605316162 -13.388493537902832
vertex 61.40821838378906 6.370530605316162 -12.388493537902832
endloop
endfacet
facet normal 0.7071072371110632 -0.7071063252617378 0
outer loop
vertex 50.903106689453125 11.269145011901855 -11.752274513244629
vertex 50.903106689453125 11.269145011901855 -12.752274513244629
vertex 51.64264678955078 12.008686065673828 -11.656225204467773
endloop
endfacet
facet normal 0.5735773909294365 -0.8191513758851781 0
outer loop
vertex 52.49937057495117 12.608572006225586 -12.578313827514648
vertex 52.49937057495117 12.608572006225586 -11.578313827514648
vertex 51.64264678955078 12.008686065673828 -12.656225204467773
endloop
endfacet
facet normal 0.7071072371110632 -0.7071063252617378 0
outer loop
vertex 50.903106689453125 11.269145011901855 -12.752274513244629
vertex 51.64264678955078 12.008686065673828 -12.656225204467773
vertex 51.64264678955078 12.008686065673828 -11.656225204467773
endloop
endfacet
facet normal 0.8191508190167801 -0.5735781862171349 0
outer loop
vertex 50.303218841552734 10.412420272827148 -11.863544464111328
vertex 50.303218841552734 10.412420272827148 -12.863544464111328
vertex 50.903106689453125 11.269145011901855 -11.752274513244629
endloop
endfacet
facet normal 0.8191508190167801 -0.5735781862171349 0
outer loop
vertex 50.303218841552734 10.412420272827148 -12.863544464111328
vertex 50.903106689453125 11.269145011901855 -12.752274513244629
vertex 50.903106689453125 11.269145011901855 -11.752274513244629
endloop
endfacet
facet normal -0.9659258078898413 -0.2588191137693606 0
outer loop
vertex 61.13752746582031 9.464540481567383 -11.986652374267578
vertex 61.13752746582031 9.464540481567383 -12.986652374267578
vertex 61.40821838378906 8.45430850982666 -12.117857933044434
endloop
endfacet
facet normal 0.9063086157637182 -0.4226164845252172 0
outer loop
vertex 49.8612174987793 9.464540481567383 -11.986652374267578
vertex 49.8612174987793 9.464540481567383 -12.986652374267578
vertex 50.303218841552734 10.412420272827148 -11.863544464111328
endloop
endfacet
facet normal 0.9659258078898413 -0.2588191137693606 0
outer loop
vertex 49.8612174987793 9.464540481567383 -11.986652374267578
vertex 49.59052658081055 8.45430850982666 -12.117857933044434
vertex 49.59052658081055 8.45430850982666 -13.117857933044434
endloop
endfacet
facet normal 0.9063086157637182 -0.4226164845252172 0
outer loop
vertex 49.8612174987793 9.464540481567383 -12.986652374267578
vertex 50.303218841552734 10.412420272827148 -12.863544464111328
vertex 50.303218841552734 10.412420272827148 -11.863544464111328
endloop
endfacet
facet normal 0.9659258078898413 -0.2588191137693606 0
outer loop
vertex 49.59052658081055 8.45430850982666 -13.117857933044434
vertex 49.8612174987793 9.464540481567383 -12.986652374267578
vertex 49.8612174987793 9.464540481567383 -11.986652374267578
endloop
endfacet
facet normal 0.9961944860036452 -0.08715816689176739 0
outer loop
vertex 49.59052658081055 8.45430850982666 -12.117857933044434
vertex 49.49937057495117 7.41241979598999 -12.253175735473633
vertex 49.49937057495117 7.41241979598999 -13.253175735473633
endloop
endfacet
facet normal 0.9961944860036452 -0.08715816689176739 0
outer loop
vertex 49.49937057495117 7.41241979598999 -13.253175735473633
vertex 49.59052658081055 8.45430850982666 -13.117857933044434
vertex 49.59052658081055 8.45430850982666 -12.117857933044434
endloop
endfacet
facet normal 0.9961944894670939 0.087158127305467 0
outer loop
vertex 49.49937057495117 7.41241979598999 -12.253175735473633
vertex 49.59052658081055 6.370530605316162 -12.388493537902832
vertex 49.59052658081055 6.370530605316162 -13.388493537902832
endloop
endfacet
facet normal 0.9659257773486671 0.25881922775051525 0
outer loop
vertex 49.59052658081055 6.370530605316162 -12.388493537902832
vertex 49.8612174987793 5.360299110412598 -12.519700050354004
vertex 49.8612174987793 5.360299110412598 -13.519700050354004
endloop
endfacet
facet normal 0.9961944894670939 0.087158127305467 0
outer loop
vertex 49.59052658081055 6.370530605316162 -13.388493537902832
vertex 49.49937057495117 7.41241979598999 -13.253175735473633
vertex 49.49937057495117 7.41241979598999 -12.253175735473633
endloop
endfacet
facet normal 0.9659257773486671 0.25881922775051525 0
outer loop
vertex 49.8612174987793 5.360299110412598 -13.519700050354004
vertex 49.59052658081055 6.370530605316162 -13.388493537902832
vertex 49.59052658081055 6.370530605316162 -12.388493537902832
endloop
endfacet
facet normal 0.422617982500481 0.9063079172484498 0
outer loop
vertex 53.44725036621094 1.7742640972137451 -12.985445022583008
vertex 53.44725036621094 1.7742640972137451 -13.985445022583008
vertex 52.49937057495117 2.2162673473358154 -12.928038597106934
endloop
endfacet
facet normal 0.422617982500481 0.9063079172484498 0
outer loop
vertex 52.49937057495117 2.2162673473358154 -13.928038597106934
vertex 52.49937057495117 2.2162673473358154 -12.928038597106934
vertex 53.44725036621094 1.7742640972137451 -13.985445022583008
endloop
endfacet
facet normal -0.2588192353858921 0.9659257753027725 0
outer loop
vertex 57.551490783691406 1.7742640972137451 -13.985445022583008
vertex 56.541259765625 1.5035732984542847 -13.020601272583008
vertex 57.551490783691406 1.7742640972137451 -12.985445022583008
endloop
endfacet
facet normal -0.08715575188549719 0.9961946972922882 0
outer loop
vertex 56.541259765625 1.5035732984542847 -13.020601272583008
vertex 56.541259765625 1.5035732984542847 -14.020601272583008
vertex 55.49937057495117 1.4124197959899902 -13.032440185546875
endloop
endfacet
facet normal 0.08715575188549719 0.9961946972922882 0
outer loop
vertex 55.49937057495117 1.4124197959899902 -13.032440185546875
vertex 55.49937057495117 1.4124197959899902 -14.032440185546875
vertex 54.457481384277344 1.5035732984542847 -13.020601272583008
endloop
endfacet
facet normal -0.2588192353858921 0.9659257753027725 0
outer loop
vertex 56.541259765625 1.5035732984542847 -14.020601272583008
vertex 56.541259765625 1.5035732984542847 -13.020601272583008
vertex 57.551490783691406 1.7742640972137451 -13.985445022583008
endloop
endfacet
facet normal -0.08715575188549719 0.9961946972922882 0
outer loop
vertex 55.49937057495117 1.4124197959899902 -14.032440185546875
vertex 55.49937057495117 1.4124197959899902 -13.032440185546875
vertex 56.541259765625 1.5035732984542847 -14.020601272583008
endloop
endfacet
facet normal 0.2588192353858921 0.9659257753027725 0
outer loop
vertex 53.44725036621094 1.7742640972137451 -12.985445022583008
vertex 54.457481384277344 1.5035732984542847 -13.020601272583008
vertex 54.457481384277344 1.5035732984542847 -14.020601272583008
endloop
endfacet
facet normal 0.08715575188549719 0.9961946972922882 0
outer loop
vertex 54.457481384277344 1.5035732984542847 -14.020601272583008
vertex 54.457481384277344 1.5035732984542847 -13.020601272583008
vertex 55.49937057495117 1.4124197959899902 -14.032440185546875
endloop
endfacet
facet normal 0.2588192353858921 0.9659257753027725 0
outer loop
vertex 53.44725036621094 1.7742640972137451 -13.985445022583008
vertex 53.44725036621094 1.7742640972137451 -12.985445022583008
vertex 54.457481384277344 1.5035732984542847 -14.020601272583008
endloop
endfacet
facet normal -0.9659258078898413 -0.2588191137693606 0
outer loop
vertex 61.40821838378906 8.45430850982666 -13.117857933044434
vertex 61.40821838378906 8.45430850982666 -12.117857933044434
vertex 61.13752746582031 9.464540481567383 -12.986652374267578
endloop
endfacet
facet normal 0.8191511190072199 0.5735777577880958 0
outer loop
vertex 50.903106689453125 3.555694103240967 -12.754076957702637
vertex 50.903106689453125 3.555694103240967 -13.754076957702637
vertex 50.303218841552734 4.41241979598999 -12.642807960510254
endloop
endfacet
facet normal 0.7071072371110632 0.7071063252617378 0
outer loop
vertex 50.903106689453125 3.555694103240967 -12.754076957702637
vertex 51.64264678955078 2.816153049468994 -12.850127220153809
vertex 51.64264678955078 2.816153049468994 -13.850127220153809
endloop
endfacet
facet normal 0.9063085343334114 0.4226166591539237 0
outer loop
vertex 49.8612174987793 5.360299110412598 -12.519700050354004
vertex 50.303218841552734 4.41241979598999 -12.642807960510254
vertex 50.303218841552734 4.41241979598999 -13.642807960510254
endloop
endfacet
facet normal 0.8191511190072199 0.5735777577880958 0
outer loop
vertex 50.903106689453125 3.555694103240967 -13.754076957702637
vertex 50.303218841552734 4.41241979598999 -13.642807960510254
vertex 50.303218841552734 4.41241979598999 -12.642807960510254
endloop
endfacet
facet normal 0.573577237964514 0.8191514829926143 0
outer loop
vertex 51.64264678955078 2.816153049468994 -12.850127220153809
vertex 52.49937057495117 2.2162673473358154 -12.928038597106934
vertex 52.49937057495117 2.2162673473358154 -13.928038597106934
endloop
endfacet
facet normal 0.7071072371110632 0.7071063252617378 0
outer loop
vertex 51.64264678955078 2.816153049468994 -13.850127220153809
vertex 50.903106689453125 3.555694103240967 -13.754076957702637
vertex 50.903106689453125 3.555694103240967 -12.754076957702637
endloop
endfacet
facet normal 0.573577237964514 0.8191514829926143 0
outer loop
vertex 52.49937057495117 2.2162673473358154 -13.928038597106934
vertex 51.64264678955078 2.816153049468994 -13.850127220153809
vertex 51.64264678955078 2.816153049468994 -12.850127220153809
endloop
endfacet
facet normal 0.9063085343334114 0.4226166591539237 0
outer loop
vertex 49.8612174987793 5.360299110412598 -13.519700050354004
vertex 49.8612174987793 5.360299110412598 -12.519700050354004
vertex 50.303218841552734 4.41241979598999 -13.642807960510254
endloop
endfacet
facet normal -0.9961948026877161 -0.08715454720198215 0
outer loop
vertex 61.40821838378906 8.45430850982666 -13.117857933044434
vertex 61.49937057495117 7.41241979598999 -12.253175735473633
vertex 61.40821838378906 8.45430850982666 -12.117857933044434
endloop
endfacet
facet normal -0.819152532733832 -0.573575738778889 0
outer loop
vertex 60.095638275146484 11.269145011901855 -12.752274513244629
vertex 60.69552230834961 10.412420272827148 -11.863544464111328
vertex 60.095638275146484 11.269145011901855 -11.752274513244629
endloop
endfacet
facet normal 0 -0.7071036569855463 0.7071099053737452
outer loop
vertex 50.041053771972656 -61.78757858276367 0
vertex 50.041053771972656 -62.05064392089844 -0.2630630135536194
vertex 58.23047637939453 -61.78757858276367 0
endloop
endfacet
facet normal -3.019899825177918e-7 -0.7070989563402642 0.7071146059461776
outer loop
vertex 58.23047637939453 -61.78757858276367 0
vertex 50.041053771972656 -62.05064392089844 -0.2630630135536194
vertex 50.658226013183594 -62.05624008178711 -0.2686587870121002
endloop
endfacet
facet normal -3.8635790278023565e-8 -0.7071055676101129 0.7071079947608983
outer loop
vertex -43.68532180786133 -62.78757858276367 -1
vertex 46.25873565673828 -62.145931243896484 -0.3583499491214752
vertex 47.022216796875 -62.107730865478516 -0.32014966011047363
endloop
endfacet
facet normal 0 -0.7071067811865476 0.7071067811865476
outer loop
vertex -43.38040542602539 -61.78757858276367 0
vertex -43.68532180786133 -62.78757858276367 -1
vertex 49.24105453491211 -61.78757858276367 0
endloop
endfacet
facet normal 0.0000019535865261296353 -0.7071106547067589 0.7071029076424182
outer loop
vertex 47.53075408935547 -62.08557891845703 -0.2979988753795624
vertex 49.24105453491211 -61.78757858276367 0
vertex 47.022216796875 -62.107730865478516 -0.32014966011047363
endloop
endfacet
facet normal 0 -0.7071069309637492 0.7071066314093142
outer loop
vertex -43.68532180786133 -62.78757858276367 -1
vertex 45.141056060791016 -62.78757858276367 -1
vertex 45.141056060791016 -62.22478485107422 -0.4372060298919678
endloop
endfacet
facet normal 6.571258464074372e-7 -0.7071088797361673 0.7071046826303945
outer loop
vertex 58.23047637939453 -61.78757858276367 0
vertex 53.02337646484375 -62.145931243896484 -0.3583499491214752
vertex 53.71892547607422 -62.19268035888672 -0.4050999879837036
endloop
endfacet
facet normal 3.872342294292545e-7 -0.7071036569854933 0.7071099053736921
outer loop
vertex 49.24105453491211 -61.78757858276367 0
vertex 48.62388610839844 -62.05624008178711 -0.2686587870121002
vertex 49.24105453491211 -62.05064392089844 -0.2630630135536194
endloop
endfacet
facet normal -0.0000010670487931913462 -0.7071019865799613 0.7071115757598186
outer loop
vertex 49.24105453491211 -61.78757858276367 0
vertex 47.53075408935547 -62.08557891845703 -0.2979988753795624
vertex 48.62388610839844 -62.05624008178711 -0.2686587870121002
endloop
endfacet
facet normal 2.3383882515344736e-7 -0.7071253842396293 0.7070881776439922
outer loop
vertex -43.68532180786133 -62.78757858276367 -1
vertex 45.141056060791016 -62.22478485107422 -0.4372060298919678
vertex 45.56318283081055 -62.19268035888672 -0.4050999879837036
endloop
endfacet
facet normal 0.0000015339905309212716 -0.7071137624627732 0.707099799839731
outer loop
vertex 58.23047637939453 -61.78757858276367 0
vertex 53.71892547607422 -62.19268035888672 -0.4050999879837036
vertex 54.141056060791016 -62.22478485107422 -0.4372060298919678
endloop
endfacet
facet normal 7.325107513794162e-8 -0.7071069309637473 0.7071066314093123
outer loop
vertex 54.141056060791016 -62.22478485107422 -0.4372060298919678
vertex 54.141056060791016 -62.78757858276367 -1
vertex 58.23047637939453 -61.78757858276367 0
endloop
endfacet
facet normal 0 -0.7071067811865476 0.7071067811865476
outer loop
vertex 54.141056060791016 -62.78757858276367 -1
vertex 58.641056060791016 -62.78757858276367 -1
vertex 58.23047637939453 -61.78757858276367 0
endloop
endfacet
facet normal 1.0709009391103674e-7 -0.7071048835310949 0.7071086788368993
outer loop
vertex 58.23047637939453 -61.78757858276367 0
vertex 52.259891510009766 -62.107730865478516 -0.32014966011047363
vertex 53.02337646484375 -62.145931243896484 -0.3583499491214752
endloop
endfacet
facet normal -7.525166375878619e-7 -0.7070968679409649 0.7071166942927534
outer loop
vertex 58.23047637939453 -61.78757858276367 0
vertex 51.7513542175293 -62.08557891845703 -0.2979988753795624
vertex 52.259891510009766 -62.107730865478516 -0.32014966011047363
endloop
endfacet
facet normal 5.700357155416667e-7 -0.7071112454957814 0.7071023168488983
outer loop
vertex 58.23047637939453 -61.78757858276367 0
vertex 50.658226013183594 -62.05624008178711 -0.2686587870121002
vertex 51.7513542175293 -62.08557891845703 -0.2979988753795624
endloop
endfacet
facet normal 8.767299382521848e-8 -0.7071144203304606 0.7070991419600997
outer loop
vertex -43.68532180786133 -62.78757858276367 -1
vertex 45.56318283081055 -62.19268035888672 -0.4050999879837036
vertex 46.25873565673828 -62.145931243896484 -0.3583499491214752
endloop
endfacet
facet normal -6.735747957066873e-8 -0.707103651536372 0.7071099108228681
outer loop
vertex -43.68532180786133 -62.78757858276367 -1
vertex 47.022216796875 -62.107730865478516 -0.32014966011047363
vertex 49.24105453491211 -61.78757858276367 0
endloop
endfacet
facet normal 0.4968835808797765 -0.5030974862271561 0.7071065170142382
outer loop
vertex 58.641056060791016 -62.78757858276367 -1
vertex 60.39377975463867 -61.05650329589844 -1
vertex 59.39896011352539 -60.63352966308594 0
endloop
endfacet
facet normal 0.4968824715746493 -0.5030974648560373 0.7071073117266545
outer loop
vertex 58.23047637939453 -61.78757858276367 0
vertex 58.641056060791016 -62.78757858276367 -1
vertex 59.39896011352539 -60.63352966308594 0
endloop
endfacet
facet normal 0.707052243978847 -0.008788356664769844 0.7071067027483264
outer loop
vertex 59.39896011352539 -60.63352966308594 0
vertex 60.39377975463867 -61.05650329589844 -1
vertex 59.824241638183594 -26.418230056762695 0
endloop
endfacet
facet normal 0.7070526479489145 -0.008788338367433753 0.7071062990365506
outer loop
vertex 59.824241638183594 -26.418230056762695 0
vertex 60.39377975463867 -61.05650329589844 -1
vertex 60.82667541503906 -26.22852897644043 -1
endloop
endfacet
facet normal 0.6549513292370607 0.2665337618641982 0.7071057276794795
outer loop
vertex 59.177886962890625 -24.82994270324707 0
vertex 60.82667541503906 -26.22852897644043 -1
vertex 60.248233795166016 -24.80712890625 -1
endloop
endfacet
facet normal 0.6549509272208047 0.26653274859842135 0.7071064819793259
outer loop
vertex 59.177886962890625 -24.82994270324707 0
vertex 59.824241638183594 -26.418230056762695 0
vertex 60.82667541503906 -26.22852897644043 -1
endloop
endfacet
facet normal 0.6549520591803599 0.2665301160680645 0.7071064257975248
outer loop
vertex 59.177886962890625 -24.82994270324707 0
vertex 60.248233795166016 -24.80712890625 -1
vertex 60.1041259765625 -24.4530086517334 -1
endloop
endfacet
facet normal 0.6808018890867948 0.19796988017920128 0.7052068592673246
outer loop
vertex 59.177886962890625 -24.82994270324707 0
vertex 60.1041259765625 -24.4530086517334 -1
vertex 59.125709533691406 -24.650508880615234 0
endloop
endfacet
facet normal 0.6933062650614193 0.14231850368426585 0.7064501867334005
outer loop
vertex 59.012386322021484 -24.098453521728516 0
vertex 59.125709533691406 -24.650508880615234 0
vertex 60.1041259765625 -24.4530086517334 -1
endloop
endfacet
facet normal 0.6931268169946051 0.13991312098008096 0.707106451774088
outer loop
vertex 59.012386322021484 -24.098453521728516 0
vertex 60.06929016113281 -24.280437469482422 -1
vertex 59.99261474609375 -23.900588989257812 -1
endloop
endfacet
facet normal 0.6931267869840676 0.13991696936765155 0.7071057197110732
outer loop
vertex 59.012386322021484 -24.098453521728516 0
vertex 60.1041259765625 -24.4530086517334 -1
vertex 60.06929016113281 -24.280437469482422 -1
endloop
endfacet
facet normal 0.7052672171060322 0.0710199560284382 0.7053753031693353
outer loop
vertex 59.012386322021484 -24.098453521728516 0
vertex 59.99261474609375 -23.900588989257812 -1
vertex 58.993656158447266 -23.912452697753906 0
endloop
endfacet
facet normal 0.70705761535418 0.008397146543257648 0.7071060857463974
outer loop
vertex 58.8626594543457 -12.963712692260742 0
vertex 59.92978286743164 -18.609874725341797 -1
vertex 59.862586975097656 -12.951837539672852 -1
endloop
endfacet
facet normal 0.7070570058810104 0.00839692294549045 0.7071066978325323
outer loop
vertex 58.8626594543457 -12.963712692260742 0
vertex 59.99261474609375 -23.900588989257812 -1
vertex 59.92978286743164 -18.609874725341797 -1
endloop
endfacet
facet normal 0.7073995243384464 0.00846371419221362 0.7067632407729
outer loop
vertex 58.993656158447266 -23.912452697753906 0
vertex 59.99261474609375 -23.900588989257812 -1
vertex 58.8626594543457 -12.963712692260742 0
endloop
endfacet
facet normal 0.58032773309453 -0.4063581982998196 0.7057568539347588
outer loop
vertex 58.99656295776367 -12.451837539672852 0
vertex 59.862586975097656 -12.951837539672852 -1
vertex 59.05313491821289 -12.37104606628418 0
endloop
endfacet
facet normal 0.6420800756529277 -0.2994001555273929 0.7057568443307536
outer loop
vertex 58.92289733886719 -12.609817504882812 0
vertex 59.862586975097656 -12.951837539672852 -1
vertex 58.99656295776367 -12.451837539672852 0
endloop
endfacet
facet normal 0.6843129995910763 -0.18336616266492198 0.705756734987492
outer loop
vertex 58.87778091430664 -12.778189659118652 0
vertex 59.862586975097656 -12.951837539672852 -1
vertex 58.92289733886719 -12.609817504882812 0
endloop
endfacet
facet normal 0.7063013991289532 -0.057568637955065574 0.7055665705746564
outer loop
vertex 58.8626594543457 -12.963712692260742 0
vertex 59.862586975097656 -12.951837539672852 -1
vertex 58.87778091430664 -12.778189659118652 0
endloop
endfacet
facet normal 0.576378756603532 -0.4119011883490555 0.7057796681492055
outer loop
vertex 59.05313491821289 -12.37104606628418 0
vertex 59.862586975097656 -12.951837539672852 -1
vertex 60.19810104370117 -10.768879890441895 0
endloop
endfacet
facet normal 0.5745189756978727 -0.4122232644995697 0.7071067294039741
outer loop
vertex 60.19810104370117 -10.768879890441895 0
vertex 59.862586975097656 -12.951837539672852 -1
vertex 61.01059341430664 -11.351851463317871 -1
endloop
endfacet
facet normal 0.18337316118522198 -0.6843095849564699 0.7057582275068726
outer loop
vertex 60.66857147216797 -10.412158966064453 0
vertex 61.01059341430664 -11.351851463317871 -1
vertex 60.702327728271484 -10.40311336517334 0
endloop
endfacet
facet normal 0.5587006687490959 -0.4338343383622328 0.706853117413453
outer loop
vertex 60.19810104370117 -10.768879890441895 0
vertex 61.01059341430664 -11.351851463317871 -1
vertex 60.24454879760742 -10.709063529968262 0
endloop
endfacet
facet normal 0.5009521406968298 -0.5009521406968298 0.7057576818303342
outer loop
vertex 60.36780548095703 -10.585806846618652 0
vertex 60.24454879760742 -10.709063529968262 0
vertex 61.01059341430664 -11.351851463317871 -1
endloop
endfacet
facet normal 0.40635244963599154 -0.580330740469097 0.7057576909544935
outer loop
vertex 60.51059341430664 -10.485825538635254 0
vertex 60.36780548095703 -10.585806846618652 0
vertex 61.01059341430664 -11.351851463317871 -1
endloop
endfacet
facet normal 0.2994059246839017 -0.6420763834000607 0.7057577559928591
outer loop
vertex 60.51059341430664 -10.485825538635254 0
vertex 61.01059341430664 -11.351851463317871 -1
vertex 60.66857147216797 -10.412158966064453 0
endloop
endfacet
facet normal 0.21850896891449556 -0.6724987300098642 0.7071062781782127
outer loop
vertex 61.599937438964844 -10.10890007019043 0
vertex 61.01059341430664 -11.351851463317871 -1
vertex 61.946319580078125 -11.04781436920166 -1
endloop
endfacet
facet normal 0.2205110629394006 -0.6727529815442832 0.7062423783267421
outer loop
vertex 60.702327728271484 -10.40311336517334 0
vertex 61.01059341430664 -11.351851463317871 -1
vertex 61.599937438964844 -10.10890007019043 0
endloop
endfacet
facet normal 0.27059820916040633 -0.653282015649807 0.7071062276827338
outer loop
vertex 64.28217315673828 -8.997881889343262 0
vertex 61.946319580078125 -11.04781436920166 -1
vertex 63.00837707519531 -10.607895851135254 -1
endloop
endfacet
facet normal 0.2705972531878361 -0.6532816794559997 0.7071069041201241
outer loop
vertex 64.28217315673828 -8.997881889343262 0
vertex 63.00837707519531 -10.607895851135254 -1
vertex 64.70115661621094 -9.906725883483887 -1
endloop
endfacet
facet normal 0.2705982167566256 -0.6532820206389244 0.7071062201664317
outer loop
vertex 61.599937438964844 -10.10890007019043 0
vertex 61.946319580078125 -11.04781436920166 -1
vertex 64.28217315673828 -8.997881889343262 0
endloop
endfacet
facet normal 0.3210209264491411 -0.6300360178089993 0.7071069092047632
outer loop
vertex 64.28217315673828 -8.997881889343262 0
vertex 64.70115661621094 -9.906725883483887 -1
vertex 64.42220306396484 -8.926532745361328 0
endloop
endfacet
facet normal 0.32102211877043346 -0.6300355507779193 0.7071067840263631
outer loop
vertex 64.91120147705078 -9.799701690673828 -1
vertex 64.42220306396484 -8.926532745361328 0
vertex 64.70115661621094 -9.906725883483887 -1
endloop
endfacet
facet normal 0.36946220734634616 -0.6029077320325744 0.7071067415872253
outer loop
vertex 64.42220306396484 -8.926532745361328 0
vertex 64.91120147705078 -9.799701690673828 -1
vertex 66.89761352539062 -7.409599781036377 0
endloop
endfacet
facet normal 0.36946207682065973 -0.6029076731076487 0.7071068600284439
outer loop
vertex 66.89761352539062 -7.409599781036377 0
vertex 64.91120147705078 -9.799701690673828 -1
vertex 67.45361328125 -8.241710662841797 -1
endloop
endfacet
facet normal 0.41563434099960017 -0.5720561132574145 0.7071067089673583
outer loop
vertex 66.89761352539062 -7.409599781036377 0
vertex 67.45361328125 -8.241710662841797 -1
vertex 67.64432525634766 -8.10314655303955 -1
endloop
endfacet
facet normal 0.41563102679580255 -0.5720590567848148 0.7071062756864308
outer loop
vertex 67.64432525634766 -8.10314655303955 -1
vertex 67.0247573852539 -7.317223072052002 -2.159546153013281e-11
vertex 66.89761352539062 -7.409599781036377 0
endloop
endfacet
facet normal 0.4592293671756004 -0.5376889036027339 0.7071060961878263
outer loop
vertex 67.0247573852539 -7.317223072052002 -2.159546153013281e-11
vertex 67.64432525634766 -8.10314655303955 -1
vertex 69.23239135742188 -5.431726932525635 -2.883543013740275e-13
endloop
endfacet
facet normal 0.4592294439688664 -0.5376889246059654 0.7071060303434885
outer loop
vertex 67.64432525634766 -8.10314655303955 -1
vertex 69.91171264648438 -6.166615962982178 -1
vertex 69.23239135742188 -5.431726932525635 -2.883543013740275e-13
endloop
endfacet
facet normal 0.4999994797282244 -0.500001624653628 0.7071060002681615
outer loop
vertex 69.23239135742188 -5.431726932525635 -2.883543013740275e-13
vertex 69.91171264648438 -6.166615962982178 -1
vertex 69.34352111816406 -5.3205976486206055 -7.708998023270297e-11
endloop
endfacet
facet normal 0.4999990867666104 -0.5000019473205678 0.7071060499728422
outer loop
vertex 70.07840728759766 -5.999922275543213 -1
vertex 69.34352111816406 -5.3205976486206055 -7.708998023270297e-11
vertex 69.91171264648438 -6.166615962982178 -1
endloop
endfacet
facet normal 0.5376876717136484 -0.45922807355706957 0.7071078730605527
outer loop
vertex 71.22901153564453 -3.1129653453826904 -1.0293471804090348e-12
vertex 70.64850616455078 -5.332425594329834 -1
vertex 72.01493835449219 -3.732537031173706 -1
endloop
endfacet
facet normal 0.537689485082935 -0.4592288173491213 0.7071060111096324
outer loop
vertex 69.34352111816406 -5.3205976486206055 -7.708998023270297e-11
vertex 70.07840728759766 -5.999922275543213 -1
vertex 71.22901153564453 -3.1129653453826904 -1.0293471804090348e-12
endloop
endfacet
facet normal 0.5376845296883658 -0.4592282705783475 0.7071101343039999
outer loop
vertex 70.07840728759766 -5.999922275543213 -1
vertex 70.64850616455078 -5.332425594329834 -1
vertex 71.22901153564453 -3.1129653453826904 -1.0293471804090348e-12
endloop
endfacet
facet normal 0.5720602875225154 -0.41562646523310337 0.7071079612318709
outer loop
vertex 71.3213882446289 -2.9858198165893555 -2.0586943337130154e-13
vertex 71.22901153564453 -3.1129653453826904 -1.0293471804090348e-12
vertex 72.15350341796875 -3.541818857192993 -1
endloop
endfacet
facet normal 0.5720601806891237 -0.4156266473986819 0.7071079405876157
outer loop
vertex 71.22901153564453 -3.1129653453826904 -1.0293471804090348e-12
vertex 72.01493835449219 -3.732537031173706 -1
vertex 72.15350341796875 -3.541818857192993 -1
endloop
endfacet
facet normal 0.6029060850861425 -0.369462403465411 0.7071080433651302
outer loop
vertex 72.15350341796875 -3.541818857192993 -1
vertex 72.83832550048828 -0.5104104280471802 -2.748880258889117e-15
vertex 71.3213882446289 -2.9858198165893555 -2.0586943337130154e-13
endloop
endfacet
facet normal 0.602907700063533 -0.3694623272058003 0.7071067062189236
outer loop
vertex 72.15350341796875 -3.541818857192993 -1
vertex 73.71149444580078 -0.9994086623191833 -1
vertex 72.83832550048828 -0.5104104280471802 -2.748880258889117e-15
endloop
endfacet
facet normal 0.630035407906909 -0.32102244693058835 0.707106762342344
outer loop
vertex 72.83832550048828 -0.5104104280471802 -2.748880258889117e-15
vertex 73.71149444580078 -0.9994086623191833 -1
vertex 72.90967559814453 -0.3703794479370117 -5.497760517778234e-16
endloop
endfacet
facet normal 0.6300354079069145 -0.32102244693057996 0.707106762342343
outer loop
vertex 73.81851959228516 -0.7893621921539307 -1
vertex 72.90967559814453 -0.3703794479370117 -5.497760517778234e-16
vertex 73.71149444580078 -0.9994086623191833 -1
endloop
endfacet
facet normal 0.6532816422516661 -0.2705975796726182 0.7071068135524414
outer loop
vertex 72.90967559814453 -0.3703794479370117 -5.497760517778234e-16
vertex 73.81851959228516 -0.7893621921539307 -1
vertex 74.02069091796875 2.311854124069214 -7.340907817511063e-18
endloop
endfacet
facet normal 0.6532802040422531 -0.27059787760468007 0.7071080282689164
outer loop
vertex 74.02069091796875 2.311854124069214 -7.340907817511063e-18
vertex 73.81851959228516 -0.7893621921539307 -1
vertex 74.95960998535156 1.9654700756072998 -1
endloop
endfacet
facet normal 0.6724923872759955 -0.2185217304978141 0.707108366769955
outer loop
vertex 74.02069091796875 2.311854124069214 -7.340907817511063e-18
vertex 74.95960998535156 1.9654700756072998 -1
vertex 74.06925964355469 2.461322546005249 -1.4681815841817278e-18
endloop
endfacet
facet normal 0.672501146048338 -0.21850169204914746 0.7071062290316296
outer loop
vertex 74.95960998535156 1.9654700756072998 -1
vertex 75.03245544433594 2.1896727085113525 -1
vertex 74.06925964355469 2.461322546005249 -1.4681815841817278e-18
endloop
endfacet
facet normal 0.6875684658721581 -0.1650708671291929 0.7071076393049527
outer loop
vertex 74.74700164794922 5.284335136413574 -1.9603955950895145e-20
vertex 75.03245544433594 2.1896727085113525 -1
vertex 75.72854614257812 5.089094161987305 -1
endloop
endfacet
facet normal 0.6875702461493235 -0.16507019429193598 0.7071060652876491
outer loop
vertex 74.06925964355469 2.461322546005249 -1.4681815841817278e-18
vertex 75.03245544433594 2.1896727085113525 -1
vertex 74.74700164794922 5.284335136413574 -1.9603955950895145e-20
endloop
endfacet
facet normal 0.6984028856249989 -0.1106010351079926 0.7071073612851978
outer loop
vertex 74.74700164794922 5.284335136413574 -1.9603955950895145e-20
vertex 75.72854614257812 5.089094161987305 -1
vertex 74.7715835571289 5.439560413360596 -3.920791270958386e-21
endloop
endfacet
facet normal 0.6984029139742305 -0.11060092634564475 0.7071073502968195
outer loop
vertex 75.72854614257812 5.089094161987305 -1
vertex 75.76541900634766 5.321932315826416 -1
vertex 74.7715835571289 5.439560413360596 -3.920791270958386e-21
endloop
endfacet
facet normal 0.7049269923866035 -0.05547950389357986 0.7071067529393987
outer loop
vertex 74.99937438964844 8.333839416503906 -5.2352529938495366e-23
vertex 75.84323120117188 6.310582160949707 -1
vertex 75.99937438964844 8.294549942016602 -1
endloop
endfacet
facet normal 0.7049265858657302 -0.055480419712513315 0.7071070863512885
outer loop
vertex 74.7715835571289 5.439560413360596 -3.920791270958386e-21
vertex 75.76541900634766 5.321932315826416 -1
vertex 74.99937438964844 8.333839416503906 -5.2352529938495366e-23
endloop
endfacet
facet normal 0.7049247527881136 -0.05548146542573176 0.7071088317231162
outer loop
vertex 75.76541900634766 5.321932315826416 -1
vertex 75.84323120117188 6.310582160949707 -1
vertex 74.99937438964844 8.333839416503906 -5.2352529938495366e-23
endloop
endfacet
facet normal 0.7071067811865476 0 0.7071067811865476
outer loop
vertex 75.99937438964844 8.294549942016602 -1
vertex 75.99937438964844 8.530290603637695 -1
vertex 74.99937438964844 8.491000175476074 -1.0470505829926892e-23
endloop
endfacet
facet normal 0.7071067811865475 -1.8843802645564882e-22 0.7071067811865475
outer loop
vertex 74.99937438964844 8.333839416503906 -5.2352529938495366e-23
vertex 75.99937438964844 8.294549942016602 -1
vertex 74.99937438964844 8.491000175476074 -1.0470505829926892e-23
endloop
endfacet
facet normal 0.7049269098460195 0.055480454351496594 0.707106760652091
outer loop
vertex 74.99937438964844 8.491000175476074 -1.0470505829926892e-23
vertex 75.99937438964844 8.530290603637695 -1
vertex 74.7715835571289 11.385278701782227 -1.3980787073196016e-25
endloop
endfacet
facet normal 0.7049257330729983 0.0554795114563534 0.7071080077753753
outer loop
vertex 74.7715835571289 11.385278701782227 -1.3980787073196016e-25
vertex 75.99937438964844 8.530290603637695 -1
vertex 75.84323120117188 10.514254570007324 -1
endloop
endfacet
facet normal 0.7049264826308753 0.055481467777155645 0.70710710703468
outer loop
vertex 74.7715835571289 11.385278701782227 -1.3980787073196016e-25
vertex 75.84323120117188 10.514254570007324 -1
vertex 75.76541900634766 11.502906799316406 -1
endloop
endfacet
facet normal 0.6983999283084016 0.1106175952616667 0.7071076917679129
outer loop
vertex 74.74700164794922 11.540504455566406 -2.7961575378987196e-26
vertex 75.73731231689453 11.680398941040039 -1
vertex 75.72854614257812 11.735745429992676 -1
endloop
endfacet
facet normal 0.6984032624017892 0.11059533914431763 0.7071078800480807
outer loop
vertex 75.73731231689453 11.680398941040039 -1
vertex 74.74700164794922 11.540504455566406 -2.7961575378987196e-26
vertex 75.76541900634766 11.502906799316406 -1
endloop
endfacet
facet normal 0.6984029446277966 0.11060070469708713 0.707107354689322
outer loop
vertex 74.7715835571289 11.385278701782227 -1.3980787073196016e-25
vertex 75.76541900634766 11.502906799316406 -1
vertex 74.74700164794922 11.540504455566406 -2.7961575378987196e-26
endloop
endfacet
facet normal 0.6875686922794739 0.16506983518367188 0.707107660055758
outer loop
vertex 74.74700164794922 11.540504455566406 -2.7961575378987196e-26
vertex 75.72854614257812 11.735745429992676 -1
vertex 74.06925964355469 14.363516807556152 -3.733581067911117e-28
endloop
endfacet
facet normal 0.6875699410272177 0.16507120770943914 0.7071061254021037
outer loop
vertex 74.06925964355469 14.363516807556152 -3.733581067911117e-28
vertex 75.72854614257812 11.735745429992676 -1
vertex 75.03245544433594 14.635167121887207 -1
endloop
endfacet
facet normal 0.6725009681861585 0.21850209897330644 0.7071062724463267
outer loop
vertex 75.03245544433594 14.635167121887207 -1
vertex 74.95960998535156 14.859369277954102 -1
vertex 74.06925964355469 14.363516807556152 -3.733581067911117e-28
endloop
endfacet
facet normal 0.6724923872759955 0.21852173049781404 0.707108366769955
outer loop
vertex 74.02069091796875 14.512985229492188 -7.467162015451613e-29
vertex 74.06925964355469 14.363516807556152 -3.733581067911117e-28
vertex 74.95960998535156 14.859369277954102 -1
endloop
endfacet
facet normal 0.6532805131127721 0.27059708791604764 0.7071080449255743
outer loop
vertex 74.02069091796875 14.512985229492188 -7.467162015451613e-29
vertex 74.95960998535156 14.859369277954102 -1
vertex 72.90967559814453 17.195219039916992 -9.970559070397814e-31
endloop
endfacet
facet normal 0.6532812565941342 0.2705982199101911 0.707106924845334
outer loop
vertex 74.95960998535156 14.859369277954102 -1
vertex 73.81851959228516 17.61420249938965 -1
vertex 72.90967559814453 17.195219039916992 -9.970559070397814e-31
endloop
endfacet
facet normal 0.6300360496083514 0.32102086088711346 0.7071069106360082
outer loop
vertex 72.83832550048828 17.335250854492188 -1.994111908119111e-31
vertex 72.90967559814453 17.195219039916992 -9.970559070397814e-31
vertex 73.81851959228516 17.61420249938965 -1
endloop
endfacet
facet normal 0.6300346218191821 0.321024506007028 0.7071065279376961
outer loop
vertex 73.71149444580078 17.824247360229492 -1
vertex 72.83832550048828 17.335250854492188 -1.994111908119111e-31
vertex 73.81851959228516 17.61420249938965 -1
endloop
endfacet
facet normal 0.6029055241934991 0.36946303462521174 0.7071081918225044
outer loop
vertex 72.6389389038086 19.574504852294922 -1
vertex 72.15350341796875 20.36665916442871 -1
vertex 71.3213882446289 19.810659408569336 -2.662646233181142e-33
endloop
endfacet
facet normal 0.6029074589686283 0.3694633699308596 0.707106366962796
outer loop
vertex 72.83832550048828 17.335250854492188 -1.994111908119111e-31
vertex 73.71149444580078 17.824247360229492 -1
vertex 71.3213882446289 19.810659408569336 -2.662646233181142e-33
endloop
endfacet
facet normal 0.602905927541974 0.3694599776413417 0.7071094451752228
outer loop
vertex 73.71149444580078 17.824247360229492 -1
vertex 72.6389389038086 19.574504852294922 -1
vertex 71.3213882446289 19.810659408569336 -2.662646233181142e-33
endloop
endfacet
facet normal 0.5720605278619046 0.4156258604792572 0.707108122258001
outer loop
vertex 72.15350341796875 20.36665916442871 -1
vertex 71.22901153564453 19.93780517578125 -5.325292466362284e-34
vertex 71.3213882446289 19.810659408569336 -2.662646233181142e-33
endloop
endfacet
facet normal 0.5720732535878589 0.4156093775646845 0.7071075150284408
outer loop
vertex 72.01493835449219 20.557376861572266 -1
vertex 71.22901153564453 19.93780517578125 -5.325292466362284e-34
vertex 72.09351348876953 20.449220657348633 -1
endloop
endfacet
facet normal 0.5720446933040594 0.4156528599038783 0.7071050621487528
outer loop
vertex 72.09351348876953 20.449220657348633 -1
vertex 71.22901153564453 19.93780517578125 -5.325292466362284e-34
vertex 72.15350341796875 20.36665916442871 -1
endloop
endfacet
facet normal 0.5376880361808493 0.4592276294446053 0.7071078843448644
outer loop
vertex 71.22901153564453 19.93780517578125 -5.325292466362284e-34
vertex 72.01493835449219 20.557376861572266 -1
vertex 69.34352111816406 22.145437240600586 -7.110619424970973e-36
endloop
endfacet
facet normal 0.5376885911482099 0.4592296585549664 0.707106144544468
outer loop
vertex 69.34352111816406 22.145437240600586 -7.110619424970973e-36
vertex 72.01493835449219 20.557376861572266 -1
vertex 70.07840728759766 22.82476234436035 -1
endloop
endfacet
facet normal 0.5000004046737924 0.5000004046737924 0.7071062088909189
outer loop
vertex 69.23239135742188 22.256567001342773 -1.4221238670575742e-36
vertex 69.34352111816406 22.145437240600586 -7.110619424970973e-36
vertex 70.07840728759766 22.82476234436035 -1
endloop
endfacet
facet normal 0.4999978250836421 0.5000035462098517 0.7071058115227171
outer loop
vertex 69.91171264648438 22.991455078125 -1
vertex 69.23239135742188 22.256567001342773 -1.4221238670575742e-36
vertex 70.07840728759766 22.82476234436035 -1
endloop
endfacet
facet normal 0.4592295770248653 0.537689149296846 0.7071057730735888
outer loop
vertex 69.91171264648438 22.991455078125 -1
vertex 67.0247573852539 24.14206314086914 -1.8988968865394774e-38
vertex 69.23239135742188 22.256567001342773 -1.4221238670575742e-36
endloop
endfacet
facet normal 0.4592295515188429 0.5376889181342911 0.7071059654163426
outer loop
vertex 69.91171264648438 22.991455078125 -1
vertex 67.64432525634766 24.92798614501953 -1
vertex 67.0247573852539 24.14206314086914 -1.8988968865394774e-38
endloop
endfacet
facet normal 0.41563269357849225 0.5720577579590996 0.7071063467311657
outer loop
vertex 67.64432525634766 24.92798614501953 -1
vertex 67.56532287597656 24.98538589477539 -1
vertex 66.89761352539062 24.234439849853516 -1.8845017560331634e-11
endloop
endfacet
facet normal 0.41563883722464806 0.5720528133330166 0.7071067357537498
outer loop
vertex 67.45361328125 25.066551208496094 -1
vertex 66.89761352539062 24.234439849853516 -1.8845017560331634e-11
vertex 67.56532287597656 24.98538589477539 -1
endloop
endfacet
facet normal 0.41563110682366805 0.5720591672417425 0.70710613928548
outer loop
vertex 67.0247573852539 24.14206314086914 -1.8988968865394774e-38
vertex 67.64432525634766 24.92798614501953 -1
vertex 66.89761352539062 24.234439849853516 -1.8845017560331634e-11
endloop
endfacet
facet normal 0.3698209358509026 0.6034939937862327 0.7064187673542549
outer loop
vertex 67.45361328125 25.066551208496094 -1
vertex 65.19588470458984 26.45008659362793 -1
vertex 64.67440032958984 25.599103927612305 -4.963883037251149e-12
endloop
endfacet
facet normal 0.3699054650115159 0.6026235499312163 0.7071172491340549
outer loop
vertex 64.67440032958984 25.599103927612305 -4.963883037251149e-12
vertex 66.89761352539062 24.234439849853516 -1.8845017560331634e-11
vertex 67.45361328125 25.066551208496094 -1
endloop
endfacet
facet normal 0.6843081912069231 0.18338141683199677 0.7057574338310569
outer loop
vertex 64.21107482910156 26.276437759399414 -1.2842325943993038e-12
vertex 64.25619506835938 26.10806655883789 -2.2205605409997276e-12
vertex 65.19588470458984 26.45008659362793 -1
endloop
endfacet
facet normal 0.7057579428689258 0.0617369593884935 0.7057579428691437
outer loop
vertex 64.19588470458984 26.45008659362793 -3.088838592454207e-13
vertex 64.21107482910156 26.276437759399414 -1.2842325943993038e-12
vertex 65.19588470458984 26.45008659362793 -1
endloop
endfacet
facet normal 0.6420854590715277 0.2993871615417787 0.7057574588715747
outer loop
vertex 64.25619506835938 26.10806655883789 -2.2205605409997276e-12
vertex 64.3298568725586 25.95008659362793 -3.0894178274648576e-12
vertex 65.19588470458984 26.45008659362793 -1
endloop
endfacet
facet normal 0.5803268715555515 0.40635749254167997 0.7057579687157522
outer loop
vertex 64.42984008789062 25.80729866027832 -3.864404889836193e-12
vertex 65.19588470458984 26.45008659362793 -1
vertex 64.3298568725586 25.95008659362793 -3.0894178274648576e-12
endloop
endfacet
facet normal 0.5009447265545004 0.5009602303954492 0.7057572022298995
outer loop
vertex 64.42984008789062 25.80729866027832 -3.864404889836193e-12
vertex 64.5531005859375 25.68404197692871 -4.52197394112952e-12
vertex 65.19588470458984 26.45008659362793 -1
endloop
endfacet
facet normal 0.40636208138118646 0.5803243269413991 0.7057574189305857
outer loop
vertex 65.19588470458984 26.45008659362793 -1
vertex 64.5531005859375 25.68404197692871 -4.52197394112952e-12
vertex 64.67440032958984 25.599103927612305 -4.963883037251149e-12
endloop
endfacet
facet normal 0.7057577644973705 -0.06174103743087342 0.7057577644975885
outer loop
vertex 64.20510864257812 26.555524826049805 -1.2133021909215003e-13
vertex 64.19588470458984 26.45008659362793 -3.088838592454207e-13
vertex 65.19588470458984 26.45008659362793 -1
endloop
endfacet
facet normal 0.704485135075056 -0.07428932071312912 0.7058199425393574
outer loop
vertex 64.60269165039062 30.325801849365234 0
vertex 64.20510864257812 26.555524826049805 -1.2133021909215003e-13
vertex 65.19588470458984 26.45008659362793 -1
endloop
endfacet
facet normal 0.7031365395964754 -0.07482772145788416 0.7071066530486865
outer loop
vertex 64.60269165039062 30.325801849365234 0
vertex 65.19588470458984 26.45008659362793 -1
vertex 65.59707641601562 30.219980239868164 -1
endloop
endfacet
facet normal 0.5803399558287693 -0.406341073786361 0.7057566630381956
outer loop
vertex 64.8310317993164 30.86276626586914 0
vertex 64.7310562133789 30.719980239868164 0
vertex 65.59707641601562 30.219980239868164 -1
endloop
endfacet
facet normal 0.6420746921979792 -0.29941314923219176 0.7057562296612986
outer loop
vertex 64.7310562133789 30.719980239868164 0
vertex 64.65738677978516 30.562000274658203 0
vertex 65.59707641601562 30.219980239868164 -1
endloop
endfacet
facet normal 0.684317807813326 -0.18335090840546453 0.7057560359617584
outer loop
vertex 64.65738677978516 30.562000274658203 0
vertex 64.61227416992188 30.393627166748047 0
vertex 65.59707641601562 30.219980239868164 -1
endloop
endfacet
facet normal 0.7003599979522938 -0.09894849914826558 0.7068982018541061
outer loop
vertex 64.60269165039062 30.325801849365234 0
vertex 65.59707641601562 30.219980239868164 -1
vertex 64.61227416992188 30.393627166748047 0
endloop
endfacet
facet normal 0.2994034847910307 -0.6420783429115162 0.7057570083668943
outer loop
vertex 65.09707641601562 31.08600425720215 0
vertex 65.59707641601562 30.219980239868164 -1
vertex 65.25505828857422 31.159671783447266 0
endloop
endfacet
facet normal 0.500945064368412 -0.5009605682235811 0.7057567226530924
outer loop
vertex 64.95429229736328 30.98602294921875 0
vertex 64.8310317993164 30.86276626586914 0
vertex 65.59707641601562 30.219980239868164 -1
endloop
endfacet
facet normal 0.4063602739873031 -0.5803264104750093 0.7057567463582299
outer loop
vertex 65.09707641601562 31.08600425720215 0
vertex 64.95429229736328 30.98602294921875 0
vertex 65.59707641601562 30.219980239868164 -1
endloop
endfacet
facet normal 0.23430050623313342 -0.6671597917055279 0.7071075484750069
outer loop
vertex 65.59707641601562 30.219980239868164 -1
vertex 69.94702911376953 31.747644424438477 -1
vertex 69.42530822753906 32.624298095703125 0
endloop
endfacet
facet normal 0.23431872808063325 -0.6671788245914544 0.7070835521262246
outer loop
vertex 65.25505828857422 31.159671783447266 0
vertex 65.59707641601562 30.219980239868164 -1
vertex 69.42530822753906 32.624298095703125 0
endloop
endfacet
facet normal 0.4746613584157732 -0.5241164603421224 0.7071057423224175
outer loop
vertex 69.94702911376953 31.747644424438477 -1
vertex 70.8443374633789 32.56028366088867 -1
vertex 70.02352142333984 33.16605758666992 0
endloop
endfacet
facet normal 0.4746565132281635 -0.5241177947416482 0.707108005671859
outer loop
vertex 69.42530822753906 32.624298095703125 0
vertex 69.94702911376953 31.747644424438477 -1
vertex 70.02352142333984 33.16605758666992 0
endloop
endfacet
facet normal 0.6407523685502635 -0.29906376076121116 0.7071048502143006
outer loop
vertex 70.02352142333984 33.16605758666992 0
vertex 70.8443374633789 32.56028366088867 -1
vertex 71.64754486083984 36.645572662353516 0
endloop
endfacet
facet normal 0.6407492959404023 -0.2990638309286265 0.7071076048114407
outer loop
vertex 71.64754486083984 36.645572662353516 0
vertex 70.8443374633789 32.56028366088867 -1
vertex 72.64112854003906 36.40993881225586 -1
endloop
endfacet
facet normal 0.7068089350651442 -0.020518358088998274 0.7071068704894675
outer loop
vertex 72.64112854003906 36.40993881225586 -1
vertex 72.67711639404297 37.649635314941406 -1
vertex 71.67153930664062 37.47203826904297 0
endloop
endfacet
facet normal 0.7068077662260936 -0.02052046751977646 0.7071079776209923
outer loop
vertex 71.64754486083984 36.645572662353516 0
vertex 72.64112854003906 36.40993881225586 -1
vertex 71.67153930664062 37.47203826904297 0
endloop
endfacet
facet normal 0.6570216887787056 0.2613892126491919 0.7071054942404374
outer loop
vertex 63.98869705200195 56.783447265625 0
vertex 71.67153930664062 37.47203826904297 0
vertex 64.84846496582031 57.327537536621094 -1
endloop
endfacet
facet normal 0.6570205361240699 0.2613888767488887 0.7071066894204819
outer loop
vertex 72.67711639404297 37.649635314941406 -1
vertex 64.84846496582031 57.327537536621094 -1
vertex 71.67153930664062 37.47203826904297 0
endloop
endfacet
facet normal 0.5174898292092772 0.48187717785477613 0.7071058351673174
outer loop
vertex 63.476966857910156 57.3329963684082 0
vertex 63.98869705200195 56.783447265625 0
vertex 64.84846496582031 57.327537536621094 -1
endloop
endfacet
facet normal 0.5174898495929748 0.48187711443372655 0.707105863469725
outer loop
vertex 64.84846496582031 57.327537536621094 -1
vertex 64.08087158203125 58.151859283447266 -1
vertex 63.476966857910156 57.3329963684082 0
endloop
endfacet
facet normal 0.30749155947838686 0.6367494579147843 0.7071061226540032
outer loop
vertex 63.476966857910156 57.3329963684082 0
vertex 64.08087158203125 58.151859283447266 -1
vertex 60.10268020629883 58.962467193603516 0
endloop
endfacet
facet normal 0.30749158116174835 0.636748393409388 0.7071070718110596
outer loop
vertex 60.354766845703125 59.951229095458984 -1
vertex 60.10268020629883 58.962467193603516 0
vertex 64.08087158203125 58.151859283447266 -1
endloop
endfacet
facet normal 0.034909021965591425 0.7062440346587867 0.7071072929154983
outer loop
vertex 60.10268020629883 58.962467193603516 0
vertex 60.354766845703125 59.951229095458984 -1
vertex 59.29180145263672 59.00254821777344 0
endloop
endfacet
facet normal 0.03490789165134517 0.7062446802616155 0.7071067039016293
outer loop
vertex 60.354766845703125 59.951229095458984 -1
vertex 59.13844680786133 60.011348724365234 -1
vertex 59.29180145263672 59.00254821777344 0
endloop
endfacet
facet normal -0.24319963208527445 0.6639680205732109 0.7071070687029507
outer loop
vertex 59.13844680786133 60.011348724365234 -1
vertex 41.323795318603516 52.42118835449219 0
vertex 59.29180145263672 59.00254821777344 0
endloop
endfacet
facet normal -0.2432012206254275 0.6639712744620666 0.707103466951988
outer loop
vertex 54.835113525390625 58.43511199951172 -1
vertex 41.323795318603516 52.42118835449219 0
vertex 59.13844680786133 60.011348724365234 -1
endloop
endfacet
facet normal -0.24320006662331442 0.6639690890235284 0.7071059159812491
outer loop
vertex 54.835113525390625 58.43511199951172 -1
vertex 40.979862213134766 53.36017990112305 -1
vertex 41.323795318603516 52.42118835449219 0
endloop
endfacet
facet normal -0.1846833226449336 0.6839621523039123 0.7057533879143812
outer loop
vertex 41.233238220214844 52.39673614501953 0
vertex 41.323795318603516 52.42118835449219 0
vertex 40.979862213134766 53.36017990112305 -1
endloop
endfacet
facet normal -0.18018351075142172 0.6851534773821146 0.7057610182522752
outer loop
vertex 40.979862213134766 53.36017990112305 -1
vertex 40.96049118041992 52.325008392333984 0
vertex 41.233238220214844 52.39673614501953 0
endloop
endfacet
facet normal -0.18018351075142172 0.6851534773821146 0.7057610182522752
outer loop
vertex 40.979862213134766 53.36017990112305 -1
vertex 40.707115173339844 53.2884521484375 -1
vertex 40.96049118041992 52.325008392333984 0
endloop
endfacet
facet normal -0.18338767486095242 0.6843068031769158 0.7057571535839248
outer loop
vertex 40.96049118041992 52.325008392333984 0
vertex 40.707115173339844 53.2884521484375 -1
vertex 40.88076400756836 52.30364227294922 0
endloop
endfacet
facet normal -0.11487389738487473 0.6977357253259769 0.7070847511461706
outer loop
vertex 40.707115173339844 53.2884521484375 -1
vertex 25.809757232666016 49.82238006591797 0
vertex 40.88076400756836 52.30364227294922 0
endloop
endfacet
facet normal -0.11496260938177161 0.6980292519753251 0.7067805612995467
outer loop
vertex 40.707115173339844 53.2884521484375 -1
vertex 25.647401809692383 50.80817794799805 -1
vertex 25.809757232666016 49.82238006591797 0
endloop
endfacet
facet normal -0.061729296050900946 0.7057588703924527 0.7057576856623168
outer loop
vertex 25.809757232666016 49.82238006591797 0
vertex 25.647401809692383 50.80817794799805 -1
vertex 25.690080642700195 49.811912536621094 0
endloop
endfacet
facet normal -0.035824959068795584 0.7072087396244875 0.7060965733569754
outer loop
vertex 25.647401809692383 50.80817794799805 -1
vertex 25.32884407043457 49.79361343383789 0
vertex 25.690080642700195 49.811912536621094 0
endloop
endfacet
facet normal -0.03026358433749135 0.7064585552296404 0.7071070818524566
outer loop
vertex 25.647401809692383 50.80817794799805 -1
vertex 25.286043167114258 50.79269790649414 -1
vertex 25.32884407043457 49.79361343383789 0
endloop
endfacet
facet normal 0.03443539865741986 0.7077475322362522 0.7056257038492857
outer loop
vertex 25.20880889892578 49.79945373535156 0
vertex 25.32884407043457 49.79361343383789 0
vertex 25.286043167114258 50.79269790649414 -1
endloop
endfacet
facet normal 0.05492195520579067 0.7063043673215761 0.7057745529125015
outer loop
vertex 25.286043167114258 50.79269790649414 -1
vertex 10.10738754272461 51.972984313964844 -1
vertex 10.030153274536133 50.979740142822266 0
endloop
endfacet
facet normal 0.05492195520579067 0.7063043673215761 0.7057745529125015
outer loop
vertex 25.286043167114258 50.79269790649414 -1
vertex 10.030153274536133 50.979740142822266 0
vertex 25.20880889892578 49.79945373535156 0
endloop
endfacet
facet normal 0.06175837479539335 0.7057560581681966 0.7057579539059555
outer loop
vertex 10.030153274536133 50.979740142822266 0
vertex 10.10738754272461 51.972984313964844 -1
vertex 9.94815444946289 50.986915588378906 0
endloop
endfacet
facet normal 0.11278346812026908 0.6984689553879468 0.7066972531983087
outer loop
vertex 10.10738754272461 51.972984313964844 -1
vertex 9.862921714782715 52.01245880126953 -1
vertex 9.94815444946289 50.986915588378906 0
endloop
endfacet
facet normal 0.11278303075520538 0.6984689715367911 0.7066973070374668
outer loop
vertex 9.94815444946289 50.986915588378906 0
vertex 9.862921714782715 52.01245880126953 -1
vertex 9.70368766784668 51.026390075683594 0
endloop
endfacet
facet normal 0.1623784303060878 0.68955021450342 0.7058000758356565
outer loop
vertex 9.623565673828125 51.045257568359375 0
vertex 9.70368766784668 51.026390075683594 0
vertex 9.862921714782715 52.01245880126953 -1
endloop
endfacet
facet normal 0.16986515504589816 0.6863974003578753 0.7071099192368777
outer loop
vertex 5.556507110595703 53.078182220458984 -1
vertex -7.12865686416626 55.18724822998047 0
vertex 9.862921714782715 52.01245880126953 -1
endloop
endfacet
facet normal 0.17002911944689245 0.687680364252385 0.7058227930308154
outer loop
vertex 9.623565673828125 51.045257568359375 0
vertex 9.862921714782715 52.01245880126953 -1
vertex -7.12865686416626 55.18724822998047 0
endloop
endfacet
facet normal 0.16986553165238877 0.6864016765274058 0.7071056778281575
outer loop
vertex -7.072361469268799 56.2034797668457 -1
vertex -7.12865686416626 55.18724822998047 0
vertex 5.556507110595703 53.078182220458984 -1
endloop
endfacet
facet normal -0.09301378030620054 0.7009639133087149 0.707105387415541
outer loop
vertex -7.072361469268799 56.2034797668457 -1
vertex -7.8799872398376465 55.08755111694336 0
vertex -7.12865686416626 55.18724822998047 0
endloop
endfacet
facet normal -0.09301006308304711 0.7009627206754397 0.7071070586471141
outer loop
vertex -7.8799872398376465 55.08755111694336 0
vertex -7.072361469268799 56.2034797668457 -1
vertex -8.199357032775879 56.05393981933594 -1
endloop
endfacet
facet normal -0.3429923236406792 0.6183492486330056 0.7071071153924028
outer loop
vertex -7.8799872398376465 55.08755111694336 0
vertex -8.199357032775879 56.05393981933594 -1
vertex -11.212166786193848 53.23922348022461 0
endloop
endfacet
facet normal -0.34299185111931885 0.618348924872786 0.7071076277161863
outer loop
vertex -8.199357032775879 56.05393981933594 -1
vertex -11.87701416015625 54.013980865478516 -1
vertex -11.212166786193848 53.23922348022461 0
endloop
endfacet
facet normal -0.559114185107947 0.4328873999099375 0.7071066588643402
outer loop
vertex -12.195693016052246 53.60237503051758 -1
vertex -12.632173538208008 53.03861999511719 -1
vertex -11.715606689453125 52.588985443115234 0
endloop
endfacet
facet normal -0.5591150130768934 0.43288534211019836 0.7071072639551668
outer loop
vertex -11.87701416015625 54.013980865478516 -1
vertex -12.195693016052246 53.60237503051758 -1
vertex -11.212166786193848 53.23922348022461 0
endloop
endfacet
facet normal -0.5591136533071912 0.43288781564245277 0.7071068248530711
outer loop
vertex -11.212166786193848 53.23922348022461 0
vertex -12.195693016052246 53.60237503051758 -1
vertex -11.715606689453125 52.588985443115234 0
endloop
endfacet
facet normal -0.6845423407448786 0.17720585072902253 0.7071066894004936
outer loop
vertex -12.632173538208008 53.03861999511719 -1
vertex -13.917200088500977 44.08427810668945 0
vertex -11.715606689453125 52.588985443115234 0
endloop
endfacet
facet normal -0.684542219799752 0.17720584656473543 0.7071068075297418
outer loop
vertex -12.632173538208008 53.03861999511719 -1
vertex -14.885289192199707 44.33488464355469 -1
vertex -13.917200088500977 44.08427810668945 0
endloop
endfacet
facet normal -0.675661965739655 0.2098914022854397 0.7067011442607667
outer loop
vertex -13.917200088500977 44.08427810668945 0
vertex -14.885289192199707 44.33488464355469 -1
vertex -13.945596694946289 43.99286651611328 0
endloop
endfacet
facet normal -0.6420780654318036 0.2994033554012236 0.7057573157012553
outer loop
vertex -14.885289192199707 44.33488464355469 -1
vertex -14.019264221191406 43.83488464355469 0
vertex -13.945596694946289 43.99286651611328 0
endloop
endfacet
facet normal -0.5803326749368034 0.40634992815012727 0.7057575520623784
outer loop
vertex -14.885289192199707 44.33488464355469 -1
vertex -14.119244575500488 43.69209671020508 0
vertex -14.019264221191406 43.83488464355469 0
endloop
endfacet
facet normal -0.490954862094198 0.5117467785960398 0.7050379833616363
outer loop
vertex -14.885289192199707 44.33488464355469 -1
vertex -14.26181697845459 43.55531692504883 0
vertex -14.119244575500488 43.69209671020508 0
endloop
endfacet
facet normal -0.4423512709979643 0.5520918497691154 0.7067672477308228
outer loop
vertex -14.26181697845459 43.55531692504883 0
vertex -15.603841781616211 43.76021194458008 -1
vertex -15.821032524108887 42.3060302734375 0
endloop
endfacet
facet normal -0.4416489229033875 0.5522200633571633 0.7071062370847029
outer loop
vertex -15.603841781616211 43.76021194458008 -1
vertex -16.445615768432617 43.08698654174805 -1
vertex -15.821032524108887 42.3060302734375 0
endloop
endfacet
facet normal -0.44203994172665917 0.5527127795003277 0.7064766615361854
outer loop
vertex -14.885289192199707 44.33488464355469 -1
vertex -15.603841781616211 43.76021194458008 -1
vertex -14.26181697845459 43.55531692504883 0
endloop
endfacet
facet normal -0.29940167028292486 0.642079448078522 0.7057567726823282
outer loop
vertex -16.445615768432617 43.08698654174805 -1
vertex -16.103595733642578 42.14729690551758 0
vertex -15.945616722106934 42.22096252441406 0
endloop
endfacet
facet normal -0.06174367704004373 0.7057584748307608 0.7057568232402243
outer loop
vertex -16.445615768432617 43.08698654174805 -1
vertex -16.413986206054688 42.08975601196289 0
vertex -16.271968841552734 42.10218048095703 0
endloop
endfacet
facet normal -0.39930457817025894 0.5847931936530263 0.7060968591555734
outer loop
vertex -15.821032524108887 42.3060302734375 0
vertex -16.445615768432617 43.08698654174805 -1
vertex -15.945616722106934 42.22096252441406 0
endloop
endfacet
facet normal -0.1833652049592552 0.6843133014705002 0.7057566911059325
outer loop
vertex -16.445615768432617 43.08698654174805 -1
vertex -16.271968841552734 42.10218048095703 0
vertex -16.103595733642578 42.14729690551758 0
endloop
endfacet
facet normal -0.02262044980668312 0.707547605041888 0.7063035479523176
outer loop
vertex -16.445615768432617 43.08698654174805 -1
vertex -23.41427230834961 41.8659553527832 0
vertex -16.413986206054688 42.08975601196289 0
endloop
endfacet
facet normal -0.02242256472167327 0.7069298102131512 0.7069281943898549
outer loop
vertex -16.445615768432617 43.08698654174805 -1
vertex -21.63194465637207 42.9224853515625 -1
vertex -23.41427230834961 41.8659553527832 0
endloop
endfacet
facet normal -0.022421632985461366 0.7069290170781878 0.7069290170781878
outer loop
vertex -21.63194465637207 42.9224853515625 -1
vertex -23.41427230834961 42.8659553527832 -1
vertex -23.41427230834961 41.8659553527832 0
endloop
endfacet
facet normal 0.061736959392451995 0.7057579428688616 0.7057579428688616
outer loop
vertex -23.41427230834961 42.8659553527832 -1
vertex -23.587921142578125 41.88114547729492 0
vertex -23.41427230834961 41.8659553527832 0
endloop
endfacet
facet normal 0.29939963797297603 0.6420789657290582 0.7057580736696916
outer loop
vertex -23.41427230834961 42.8659553527832 -1
vertex -23.91427230834961 41.99992752075195 0
vertex -23.75629234313965 41.92626190185547 0
endloop
endfacet
facet normal 0.18336678255617203 0.6843114369724396 0.705758089067148
outer loop
vertex -23.41427230834961 42.8659553527832 -1
vertex -23.75629234313965 41.92626190185547 0
vertex -23.587921142578125 41.88114547729492 0
endloop
endfacet
facet normal 0.4063741035275582 0.5803162869891946 0.705757107677456
outer loop
vertex -23.962112426757812 42.03342819213867 0
vertex -23.91427230834961 41.99992752075195 0
vertex -23.41427230834961 42.8659553527832 -1
endloop
endfacet
facet normal 0.3886995597837661 0.590687048745873 0.7071078154481092
outer loop
vertex -23.41427230834961 42.8659553527832 -1
vertex -24.18442726135254 43.37275314331055 -1
vertex -25.552165985107422 43.0756950378418 0
endloop
endfacet
facet normal 0.3886989461946467 0.5906880876943912 0.7071072848465886
outer loop
vertex -24.18442726135254 43.37275314331055 -1
vertex -25.00246238708496 43.91105651855469 -1
vertex -25.552165985107422 43.0756950378418 0
endloop
endfacet
facet normal 0.3883032088265557 0.5923846675720706 0.705904401204956
outer loop
vertex -25.552165985107422 43.0756950378418 0
vertex -23.962112426757812 42.03342819213867 0
vertex -23.41427230834961 42.8659553527832 -1
endloop
endfacet
facet normal 0.42268180719107207 0.5676115853928207 0.7065105646751065
outer loop
vertex -25.552165985107422 43.0756950378418 0
vertex -25.00246238708496 43.91105651855469 -1
vertex -25.64525032043457 43.14501190185547 0
endloop
endfacet
facet normal 0.6420745839002368 0.2994093821784391 0.7057579263266288
outer loop
vertex -25.9311466217041 43.54542541503906 0
vertex -25.868488311767578 43.41105651855469 0
vertex -25.00246238708496 43.91105651855469 -1
endloop
endfacet
facet normal 0.580330740469097 0.40635244963599154 0.7057576909544935
outer loop
vertex -25.76850700378418 43.26826858520508 0
vertex -25.00246238708496 43.91105651855469 -1
vertex -25.868488311767578 43.41105651855469 0
endloop
endfacet
facet normal 0.5009521406968298 0.5009521406968298 0.7057576818303342
outer loop
vertex -25.76850700378418 43.26826858520508 0
vertex -25.64525032043457 43.14501190185547 0
vertex -25.00246238708496 43.91105651855469 -1
endloop
endfacet
facet normal 0.6582368766539012 0.2601757161389528 0.7064225441932752
outer loop
vertex -25.9311466217041 43.54542541503906 0
vertex -25.00246238708496 43.91105651855469 -1
vertex -26.458698272705078 44.8801155090332 0
endloop
endfacet
facet normal 0.6579503419912113 0.25903890734151513 0.7071069169206041
outer loop
vertex -26.458698272705078 44.8801155090332 0
vertex -25.00246238708496 43.91105651855469 -1
vertex -25.597732543945312 45.42302322387695 -1
endloop
endfacet
facet normal 0.5173158636047787 0.4820619147547045 0.7071072108286479
outer loop
vertex -25.597732543945312 45.42302322387695 -1
vertex -28.47074317932129 48.506141662597656 -1
vertex -29.060985565185547 47.67271041870117 0
endloop
endfacet
facet normal 0.5173160379275783 0.48206238113330263 0.7071067653466502
outer loop
vertex -29.060985565185547 47.67271041870117 0
vertex -26.458698272705078 44.8801155090332 0
vertex -25.597732543945312 45.42302322387695 -1
endloop
endfacet
facet normal 0.283005218596823 0.648003525337867 0.7071064116500859
outer loop
vertex -29.610809326171875 49.00404739379883 -1
vertex -29.821029663085938 48.0046501159668 0
vertex -28.47074317932129 48.506141662597656 -1
endloop
endfacet
facet normal 0.2830066272885986 0.6480017861957303 0.7071074416224704
outer loop
vertex -29.821029663085938 48.0046501159668 0
vertex -29.060985565185547 47.67271041870117 0
vertex -28.47074317932129 48.506141662597656 -1
endloop
endfacet
facet normal 0.0020354390658452147 0.7071047560880006 0.7071058767296016
outer loop
vertex -67.82540130615234 49.114051818847656 -1
vertex -67.63777160644531 48.11351013183594 0
vertex -59.22609329223633 49.089298248291016 -1
endloop
endfacet
facet normal 0.0020354780172780356 0.7071044606819176 0.7071061720229684
outer loop
vertex -29.610809326171875 49.00404739379883 -1
vertex -59.22609329223633 49.089298248291016 -1
vertex -29.821029663085938 48.0046501159668 0
endloop
endfacet
facet normal 0.002035485070491354 0.7071045601615883 0.707106072523221
outer loop
vertex -59.22609329223633 49.089298248291016 -1
vertex -67.63777160644531 48.11351013183594 0
vertex -29.821029663085938 48.0046501159668 0
endloop
endfacet
facet normal -0.25809458289347925 0.6583227736195388 0.7071055875998422
outer loop
vertex -67.82540130615234 49.114051818847656 -1
vertex -68.34723663330078 47.835365295410156 0
vertex -67.63777160644531 48.11351013183594 0
endloop
endfacet
facet normal -0.258093107176817 0.6583226688793179 0.7071062237510204
outer loop
vertex -68.88959503173828 48.69683837890625 -1
vertex -68.34723663330078 47.835365295410156 0
vertex -67.82540130615234 49.114051818847656 -1
endloop
endfacet
facet normal -0.4820638462821258 0.5173163822598922 0.7071055145826681
outer loop
vertex -68.88959503173828 48.69683837890625 -1
vertex -71.1416015625 45.231422424316406 0
vertex -68.34723663330078 47.835365295410156 0
endloop
endfacet
facet normal -0.4820607739472048 0.5173152327779283 0.7071084500678378
outer loop
vertex -68.88959503173828 48.69683837890625 -1
vertex -71.97537994384766 45.821346282958984 -1
vertex -71.1416015625 45.231422424316406 0
endloop
endfacet
facet normal -0.6482535036829137 0.28242526625388553 0.7071091598503364
outer loop
vertex -71.97537994384766 45.821346282958984 -1
vertex -71.4736099243164 44.4693603515625 0
vertex -71.1416015625 45.231422424316406 0
endloop
endfacet
facet normal -0.6482587139725607 0.28242104617540126 0.7071060687307342
outer loop
vertex -71.97537994384766 45.821346282958984 -1
vertex -72.47338104248047 44.678253173828125 -1
vertex -71.4736099243164 44.4693603515625 0
endloop
endfacet
facet normal -0.7071059241572707 0.0007639407550200391 0.707107225543775
outer loop
vertex -72.47338104248047 44.678253173828125 -1
vertex -72.58124542236328 -55.16135025024414 -1
vertex -71.58103942871094 -54.97238540649414 0
endloop
endfacet
facet normal -0.7071077095946562 0.0007639068503496332 0.7071054401417962
outer loop
vertex -72.47338104248047 44.678253173828125 -1
vertex -71.58103942871094 -54.97238540649414 0
vertex -71.4736099243164 44.4693603515625 0
endloop
endfacet
facet normal -0.6580897310742736 -0.25868639560267914 0.7071062540981267
outer loop
vertex -72.58124542236328 -55.16135025024414 -1
vertex -72.16409301757812 -56.222572326660156 -1
vertex -71.30294036865234 -55.679866790771484 0
endloop
endfacet
facet normal -0.6580895630034428 -0.2586839639499034 0.7071073001045193
outer loop
vertex -72.58124542236328 -55.16135025024414 -1
vertex -71.30294036865234 -55.679866790771484 0
vertex -71.58103942871094 -54.97238540649414 0
endloop
endfacet
facet normal -0.5173159650244866 -0.48206310161055305 0.7071063275041439
outer loop
vertex -68.70085144042969 -58.47224426269531 0
vertex -71.30294036865234 -55.679866790771484 0
vertex -72.16409301757812 -56.222572326660156 -1
endloop
endfacet
facet normal -0.5173152060782249 -0.48206107113252145 0.7071082669993399
outer loop
vertex -72.16409301757812 -56.222572326660156 -1
vertex -69.29138946533203 -59.305362701416016 -1
vertex -68.70085144042969 -58.47224426269531 0
endloop
endfacet
facet normal -0.28353725825854226 -0.6477691867576402 0.70710798600113
outer loop
vertex -69.29138946533203 -59.305362701416016 -1
vertex -68.15408325195312 -59.80317687988281 -1
vertex -68.70085144042969 -58.47224426269531 0
endloop
endfacet
facet normal -0.28353711897141315 -0.647769177720665 0.7071080501312964
outer loop
vertex -68.70085144042969 -58.47224426269531 0
vertex -68.15408325195312 -59.80317687988281 -1
vertex -67.9426498413086 -58.80411911010742 0
endloop
endfacet
facet normal -0.003195977754807372 -0.7071009331875477 0.7071054065777534
outer loop
vertex -54.654083251953125 -59.30360412597656 -0.43941470980644226
vertex -54.654083251953125 -59.864192962646484 -1
vertex -47.05900955200195 -59.898521423339844 -1
endloop
endfacet
facet normal -0.0032141287224614003 -0.7072674508609487 0.7069387684440647
outer loop
vertex -47.05449295043945 -58.89891815185547 -5.73100205123302e-15
vertex -56.56037139892578 -59.17572021484375 -0.32014966011047363
vertex -55.76167297363281 -59.21968078613281 -0.3604993522167206
endloop
endfacet
facet normal -0.0032178828653181826 -0.7072241920717124 0.7069820276204896
outer loop
vertex -55.10235595703125 -59.26726150512695 -0.4050999879837036
vertex -54.654083251953125 -59.30360412597656 -0.43941470980644226
vertex -47.05449295043945 -58.89891815185547 -5.73100205123302e-15
endloop
endfacet
facet normal -0.0032165562053255645 -0.7072361371380399 0.7069700842979437
outer loop
vertex -47.05449295043945 -58.89891815185547 -5.73100205123302e-15
vertex -54.654083251953125 -59.30360412597656 -0.43941470980644226
vertex -47.05900955200195 -59.898521423339844 -1
endloop
endfacet
facet normal -0.0032195160850877337 -0.7071676419175806 0.7070385851853536
outer loop
vertex -57.039920806884766 -59.152462005615234 -0.2990590035915375
vertex -47.05449295043945 -58.89891815185547 -5.73100205123302e-15
vertex -58.75408172607422 -58.84565353393555 0
endloop
endfacet
facet normal -0.003195834399731261 -0.7071006960338612 0.7071056443777822
outer loop
vertex -58.136016845703125 -59.117591857910156 -0.2691430151462555
vertex -57.039920806884766 -59.152462005615234 -0.2990590035915375
vertex -58.75408172607422 -58.84565353393555 0
endloop
endfacet
facet normal -0.0031948818679003775 -0.7070996101149416 0.7071067345918493
outer loop
vertex -58.75408172607422 -58.84565353393555 0
vertex -58.75408172607422 -59.10890579223633 -0.26324960589408875
vertex -58.136016845703125 -59.117591857910156 -0.2691430151462555
endloop
endfacet
facet normal -0.003199992978370551 -0.707098391015835 0.707107930564886
outer loop
vertex -59.554080963134766 -58.842037200927734 0
vertex -60.17035675048828 -59.107425689697266 -0.26817384362220764
vertex -59.554080963134766 -59.104915618896484 -0.26287487149238586
endloop
endfacet
facet normal -0.003212980154361452 -0.7072857386826062 0.7069204768676091
outer loop
vertex -47.05449295043945 -58.89891815185547 -5.73100205123302e-15
vertex -57.039920806884766 -59.152462005615234 -0.2990590035915375
vertex -56.56037139892578 -59.17572021484375 -0.32014966011047363
endloop
endfacet
facet normal -0.003195480344579679 -0.7070984801205645 0.7071078618687217
outer loop
vertex -67.9426498413086 -58.80411911010742 0
vertex -68.15408325195312 -59.80317687988281 -1
vertex -63.654083251953125 -59.82351303100586 -1
endloop
endfacet
facet normal -0.003197004218593852 -0.7071017129594075 0.7071046221698017
outer loop
vertex -67.9426498413086 -58.80411911010742 0
vertex -63.654083251953125 -59.82351303100586 -1
vertex -63.654083251953125 -59.258506774902344 -0.4349960684776306
endloop
endfacet
facet normal -0.0031962526070748623 -0.7071027197426071 0.7071036187871477
outer loop
vertex -59.554080963134766 -58.842037200927734 0
vertex -67.9426498413086 -58.80411911010742 0
vertex -60.17035675048828 -59.107425689697266 -0.26817384362220764
endloop
endfacet
facet normal -0.003195301701895288 -0.7070897890650505 0.7071165535093745
outer loop
vertex -61.260528564453125 -59.13126754760742 -0.29694104194641113
vertex -60.17035675048828 -59.107425689697266 -0.26817384362220764
vertex -67.9426498413086 -58.80411911010742 0
endloop
endfacet
facet normal -0.003215895029588429 -0.7072448766875918 0.706961344359302
outer loop
vertex -47.05449295043945 -58.89891815185547 -5.73100205123302e-15
vertex -55.76167297363281 -59.21968078613281 -0.3604993522167206
vertex -55.10235595703125 -59.26726150512695 -0.4050999879837036
endloop
endfacet
facet normal -0.003193824856153203 -0.7070863890567961 0.7071199600445524
outer loop
vertex -67.9426498413086 -58.80411911010742 0
vertex -63.654083251953125 -59.258506774902344 -0.4349960684776306
vertex -63.25845718383789 -59.23039627075195 -0.4050999879837036
endloop
endfacet
facet normal -0.003197203993857429 -0.7071054207373335 0.7071009134844195
outer loop
vertex -67.9426498413086 -58.80411911010742 0
vertex -63.25845718383789 -59.23039627075195 -0.4050999879837036
vertex -62.526363372802734 -59.184818267822266 -0.35621148347854614
endloop
endfacet
facet normal -0.0031943174178617273 -0.7070842104940313 0.7071221362722755
outer loop
vertex -67.9426498413086 -58.80411911010742 0
vertex -62.526363372802734 -59.184818267822266 -0.35621148347854614
vertex -61.79856872558594 -59.152042388916016 -0.32014966011047363
endloop
endfacet
facet normal -0.003197600344448754 -0.7071143957048976 0.7070919365534686
outer loop
vertex -67.9426498413086 -58.80411911010742 0
vertex -61.79856872558594 -59.152042388916016 -0.32014966011047363
vertex -61.260528564453125 -59.13126754760742 -0.29694104194641113
endloop
endfacet
facet normal -0.40636188263151607 -0.5803253854472261 0.7057566629863995
outer loop
vertex -46.55900955200195 -59.03249740600586 -6.7186074412250996e-12
vertex -47.05900955200195 -59.898521423339844 -1
vertex -46.50123596191406 -59.07295227050781 -7.872713765622041e-12
endloop
endfacet
facet normal -0.06174607371330962 -0.7057581001716652 0.7057569882212096
outer loop
vertex -47.05449295043945 -58.89891815185547 -5.73100205123302e-15
vertex -47.05900955200195 -59.898521423339844 -1
vertex -46.88536071777344 -58.91371536254883 -1.8374175878715926e-12
endloop
endfacet
facet normal -0.29939724671433066 -0.6420815895556469 0.7057567010050788
outer loop
vertex -47.05900955200195 -59.898521423339844 -1
vertex -46.55900955200195 -59.03249740600586 -6.7186074412250996e-12
vertex -46.71699142456055 -58.958831787109375 -4.114415405598315e-12
endloop
endfacet
facet normal -0.18336908109402508 -0.684312262845037 0.7057566910902353
outer loop
vertex -46.88536071777344 -58.91371536254883 -1.8374175878715926e-12
vertex -47.05900955200195 -59.898521423339844 -1
vertex -46.71699142456055 -58.958831787109375 -4.114415405598315e-12
endloop
endfacet
facet normal -0.39658579725873594 -0.5869892783148044 0.7058068379918956
outer loop
vertex -47.05900955200195 -59.898521423339844 -1
vertex -45.54922103881836 -60.918575286865234 -1
vertex -44.9914436340332 -60.0930061340332 -3.4389058441164355e-12
endloop
endfacet
facet normal -0.3965855327417795 -0.5869903699100578 0.7058060787870648
outer loop
vertex -47.05900955200195 -59.898521423339844 -1
vertex -44.9914436340332 -60.0930061340332 -3.4389058441164355e-12
vertex -46.50123596191406 -59.07295227050781 -7.872713765622041e-12
endloop
endfacet
facet normal -0.6420786552102673 -0.299400234601936 0.7057581030662563
outer loop
vertex -45.54922103881836 -60.918575286865234 -1
vertex -44.62555694580078 -60.542179107666016 0
vertex -44.68319320678711 -60.418575286865234 0
endloop
endfacet
facet normal -0.580326871557094 -0.4063574925412861 0.7057579687147107
outer loop
vertex -44.78317642211914 -60.275787353515625 -1.0731799563595823e-12
vertex -45.54922103881836 -60.918575286865234 -1
vertex -44.68319320678711 -60.418575286865234 0
endloop
endfacet
facet normal -0.4063500131281187 -0.5803326097412344 0.7057575567443157
outer loop
vertex -45.54922103881836 -60.918575286865234 -1
vertex -44.90643310546875 -60.152530670166016 -2.58536421438027e-12
vertex -44.9914436340332 -60.0930061340332 -3.4389058441164355e-12
endloop
endfacet
facet normal -0.5009521407007029 -0.5009521406920439 0.7057576818309822
outer loop
vertex -45.54922103881836 -60.918575286865234 -1
vertex -44.78317642211914 -60.275787353515625 -1.0731799563595823e-12
vertex -44.90643310546875 -60.152530670166016 -2.58536421438027e-12
endloop
endfacet
facet normal -0.6545369797760113 -0.2699663369874762 0.7061866035257692
outer loop
vertex -45.54922103881836 -60.918575286865234 -1
vertex -44.3925666809082 -61.1070671081543 0
vertex -44.62555694580078 -60.542179107666016 0
endloop
endfacet
facet normal -0.6548236215308607 -0.2668456541798438 0.7071063721467508
outer loop
vertex -45.54922103881836 -60.918575286865234 -1
vertex -45.20355987548828 -61.766807556152344 -1
vertex -44.3925666809082 -61.1070671081543 0
endloop
endfacet
facet normal -0.394532759854133 -0.5868097573748644 0.7071055155007164
outer loop
vertex -44.3925666809082 -61.1070671081543 0
vertex -45.20355987548828 -61.766807556152344 -1
vertex -43.38040542602539 -61.78757858276367 0
endloop
endfacet
facet normal -0.3945331295647231 -0.586807537255544 0.7071071516368285
outer loop
vertex -43.38040542602539 -61.78757858276367 0
vertex -45.14374923706055 -61.80702209472656 -1
vertex -43.68532180786133 -62.78757858276367 -1
endloop
endfacet
facet normal -0.3945385264334464 -0.5867927865632713 0.7071163813666289
outer loop
vertex -45.20355987548828 -61.766807556152344 -1
vertex -45.14374923706055 -61.80702209472656 -1
vertex -43.38040542602539 -61.78757858276367 0
endloop
endfacet
facet normal 0.4990374021612761 -0.40573543188134903 -0.7657286925276993
outer loop
vertex 58.641056060791016 -62.53063201904297 -21.35399055480957
vertex 58.23834991455078 -61.43816375732422 -22.19530487060547
vertex 58.73605728149414 -62.693748474121094 -21.205646514892578
endloop
endfacet
facet normal 0.4989825426401286 -0.4057715466806056 -0.7657453062505974
outer loop
vertex 58.23834991455078 -61.43816375732422 -22.19530487060547
vertex 59.42374801635742 -60.26741027832031 -22.043251037597656
vertex 60.39377975463867 -61.05650329589844 -20.993005752563477
endloop
endfacet
facet normal 0.49897960091548205 -0.405775163433431 -0.7657453066201573
outer loop
vertex 60.39377975463867 -61.05650329589844 -20.993005752563477
vertex 59.42374801635742 -60.26741027832031 -22.043251037597656
vertex 60.396942138671875 -60.802154541015625 -21.1257266998291
endloop
endfacet
facet normal 0.4989826253482906 -0.40577059511479513 -0.7657457565933438
outer loop
vertex 58.73605728149414 -62.693748474121094 -21.205646514892578
vertex 58.23834991455078 -61.43816375732422 -22.19530487060547
vertex 60.39377975463867 -61.05650329589844 -20.993005752563477
endloop
endfacet
facet normal 0.7072514049872318 0.08239088088937384 -0.7021447093654266
outer loop
vertex 60.396942138671875 -60.802154541015625 -21.1257266998291
vertex 59.42374801635742 -60.26741027832031 -22.043251037597656
vertex 60.82667541503906 -26.22852897644043 -16.63593864440918
endloop
endfacet
facet normal 0.7070538182887118 0.08242990452888209 -0.7023390982158921
outer loop
vertex 60.82667541503906 -26.22852897644043 -16.63593864440918
vertex 59.42374801635742 -60.26741027832031 -22.043251037597656
vertex 59.84959030151367 -26.00559425354004 -17.59341812133789
endloop
endfacet
facet normal 0.7070534109598702 0.08242275380736208 -0.7023403474846253
outer loop
vertex 60.82667541503906 -26.22852897644043 -16.63593864440918
vertex 59.84959030151367 -26.00559425354004 -17.59341812133789
vertex 60.72311019897461 -25.974035263061523 -16.7103328704834
endloop
endfacet
facet normal 0.6710941804826628 0.322873994853475 -0.6673716988078395
outer loop
vertex 60.1041259765625 -24.4530086517334 -16.586322784423828
vertex 59.84959030151367 -26.00559425354004 -17.59341812133789
vertex 59.19566345214844 -24.147632598876953 -17.35211181640625
endloop
endfacet
facet normal 0.6713650834001574 0.31528325703065246 -0.6707200553339995
outer loop
vertex 60.1041259765625 -24.4530086517334 -16.586322784423828
vertex 59.19566345214844 -24.147632598876953 -17.35211181640625
vertex 60.007240295410156 -23.973026275634766 -16.457677841186523
endloop
endfacet
facet normal 0.6662999055836372 0.3258365521550566 -0.6707272002080589
outer loop
vertex 59.84959030151367 -26.00559425354004 -17.59341812133789
vertex 60.1041259765625 -24.4530086517334 -16.586322784423828
vertex 60.72311019897461 -25.974035263061523 -16.7103328704834
endloop
endfacet
facet normal 0.7070569823456814 0.09933013458278449 -0.7001456620446809
outer loop
vertex 59.98563003540039 -23.312158584594727 -16.26349639892578
vertex 59.01375198364258 -23.198328018188477 -17.228818893432617
vertex 59.867210388183594 -13.340956687927246 -14.968463897705078
endloop
endfacet
facet normal 0.7070577332810192 0.09932990319958387 -0.7001449365223378
outer loop
vertex 59.867210388183594 -13.340956687927246 -14.968463897705078
vertex 59.01375198364258 -23.198328018188477 -17.228818893432617
vertex 58.89533615112305 -13.22712516784668 -15.933784484863281
endloop
endfacet
facet normal 0.6782922806025241 0.2948903506525704 -0.6730224834038093
outer loop
vertex 59.99261474609375 -23.900588989257812 -16.440675735473633
vertex 59.07071304321289 -23.739147186279297 -17.29905891418457
vertex 59.9899787902832 -23.67853355407715 -16.346036911010742
endloop
endfacet
facet normal 0.7047788667305602 0.1638698284308848 -0.6902415724512828
outer loop
vertex 59.9899787902832 -23.67853355407715 -16.346036911010742
vertex 59.01375198364258 -23.198328018188477 -17.228818893432617
vertex 59.98563003540039 -23.312158584594727 -16.26349639892578
endloop
endfacet
facet normal 0.7047797911025497 0.1638762418588528 -0.6902391059681169
outer loop
vertex 59.01375198364258 -23.198328018188477 -17.228818893432617
vertex 59.9899787902832 -23.67853355407715 -16.346036911010742
vertex 59.07071304321289 -23.739147186279297 -17.29905891418457
endloop
endfacet
facet normal 0.6782910466508324 0.29489081177577414 -0.6730235249703709
outer loop
vertex 60.007240295410156 -23.973026275634766 -16.457677841186523
vertex 59.19566345214844 -24.147632598876953 -17.35211181640625
vertex 59.07071304321289 -23.739147186279297 -17.29905891418457
endloop
endfacet
facet normal 0.678289050475154 0.29491723775535844 -0.6730139574186136
outer loop
vertex 60.007240295410156 -23.973026275634766 -16.457677841186523
vertex 59.07071304321289 -23.739147186279297 -17.29905891418457
vertex 59.99261474609375 -23.900588989257812 -16.440675735473633
endloop
endfacet
facet normal 0.5768529356105505 -0.31607173582417636 -0.7532193229668118
outer loop
vertex 59.88191604614258 -10.887099266052246 -15.629868507385254
vertex 60.78448486328125 -11.666979789733887 -14.611376762390137
vertex 59.45207214355469 -11.486176490783691 -15.707674980163574
endloop
endfacet
facet normal 0.5768529356105505 -0.31607173582417636 -0.7532193229668118
outer loop
vertex 60.35464096069336 -12.266057014465332 -14.689183235168457
vertex 59.45207214355469 -11.486176490783691 -15.707674980163574
vertex 60.78448486328125 -11.666979789733887 -14.611376762390137
endloop
endfacet
facet normal 0.6782888422300261 -0.11319272824963772 -0.7260245538393686
outer loop
vertex 59.88344192504883 -12.922772407531738 -14.9368896484375
vertex 59.121585845947266 -12.063376426696777 -15.78264045715332
vertex 60.109920501708984 -12.607128143310547 -14.774513244628906
endloop
endfacet
facet normal 0.6135863301333979 -0.2531260507427537 -0.7479565615119675
outer loop
vertex 60.109920501708984 -12.607128143310547 -14.774513244628906
vertex 59.396507263183594 -11.553319931030273 -15.716395378112793
vertex 60.35464096069336 -12.266057014465332 -14.689183235168457
endloop
endfacet
facet normal 0.7071007841843626 0.09518370666222448 -0.7006772031341529
outer loop
vertex 58.8951301574707 -13.192381858825684 -15.929272651672363
vertex 59.867210388183594 -13.340956687927246 -14.968463897705078
vertex 58.89533615112305 -13.22712516784668 -15.933784484863281
endloop
endfacet
facet normal 0.7053989539377531 0.021956399729117847 -0.70847034679968
outer loop
vertex 58.8951301574707 -13.192381858825684 -15.929272651672363
vertex 58.952293395996094 -12.616820335388184 -15.854519844055176
vertex 59.862586975097656 -12.951837539672852 -14.958555221557617
endloop
endfacet
facet normal 0.7053998326401553 0.02196155438396108 -0.7084693121372875
outer loop
vertex 59.862586975097656 -12.951837539672852 -14.958555221557617
vertex 58.952293395996094 -12.616820335388184 -15.854519844055176
vertex 59.88344192504883 -12.922772407531738 -14.9368896484375
endloop
endfacet
facet normal 0.5479225903765285 -0.3550621772364645 -0.7574375784519649
outer loop
vertex 59.396507263183594 -11.553319931030273 -15.716395378112793
vertex 59.45207214355469 -11.486176490783691 -15.707674980163574
vertex 60.35464096069336 -12.266057014465332 -14.689183235168457
endloop
endfacet
facet normal 0.6251150592103176 -0.24049628122503522 -0.7425582141929411
outer loop
vertex 59.121585845947266 -12.063376426696777 -15.78264045715332
vertex 59.396507263183594 -11.553319931030273 -15.716395378112793
vertex 60.109920501708984 -12.607128143310547 -14.774513244628906
endloop
endfacet
facet normal 0.6782914641389419 -0.11318862313377527 -0.7260227443195776
outer loop
vertex 59.121585845947266 -12.063376426696777 -15.78264045715332
vertex 59.88344192504883 -12.922772407531738 -14.9368896484375
vertex 58.952293395996094 -12.616820335388184 -15.854519844055176
endloop
endfacet
facet normal 0.7047660971573465 0.026426750647410832 -0.708947371211588
outer loop
vertex 59.867210388183594 -13.340956687927246 -14.968463897705078
vertex 58.8951301574707 -13.192381858825684 -15.929272651672363
vertex 59.862586975097656 -12.951837539672852 -14.958555221557617
endloop
endfacet
facet normal 0.26376977168495663 -0.5605541249204505 -0.7849869938922134
outer loop
vertex 61.631187438964844 -11.150208473205566 -14.426373481750488
vertex 61.19321823120117 -9.858099937438965 -15.496225357055664
vertex 61.946319580078125 -11.04781436920166 -14.39360237121582
endloop
endfacet
facet normal 0.26367260888250044 -0.5606093391735212 -0.7849802062195734
outer loop
vertex 61.946319580078125 -11.04781436920166 -14.39360237121582
vertex 61.19321823120117 -9.858099937438965 -15.496225357055664
vertex 64.70115661621094 -9.906725883483887 -14.283191680908203
endloop
endfacet
facet normal 0.2638992627846336 -0.5594807289807552 -0.7857089111120541
outer loop
vertex 61.19321823120117 -9.858099937438965 -15.496225357055664
vertex 64.47013092041016 -8.550859451293945 -15.326443672180176
vertex 64.91120147705078 -9.799701690673828 -14.289034843444824
endloop
endfacet
facet normal 0.26371488498444634 -0.5604283822049031 -0.785095209421657
outer loop
vertex 64.70115661621094 -9.906725883483887 -14.283191680908203
vertex 61.19321823120117 -9.858099937438965 -15.496225357055664
vertex 64.91120147705078 -9.799701690673828 -14.289034843444824
endloop
endfacet
facet normal 0.2633307807724944 -0.5597064209048744 -0.7857389021141844
outer loop
vertex 64.91120147705078 -9.799701690673828 -14.289034843444824
vertex 64.47013092041016 -8.550859451293945 -15.326443672180176
vertex 64.91120147705078 -9.542755126953125 -14.472065925598145
endloop
endfacet
facet normal 0.2633440401165201 -0.5597043209686671 -0.7857359541373373
outer loop
vertex 64.91120147705078 -9.799701690673828 -14.289034843444824
vertex 64.91120147705078 -9.542755126953125 -14.472065925598145
vertex 64.99358367919922 -9.749215126037598 -14.29738712310791
endloop
endfacet
facet normal 0.3341320131655183 -0.5290564484573453 -0.7800353018445115
outer loop
vertex 60.64715576171875 -10.140274047851562 -15.532873153686523
vertex 61.161495208740234 -9.867643356323242 -15.497464179992676
vertex 61.631187438964844 -11.150208473205566 -14.426373481750488
endloop
endfacet
facet normal 0.4496625464047046 -0.45250567098825384 -0.7700923399724913
outer loop
vertex 60.967315673828125 -11.412166595458984 -14.598569869995117
vertex 60.19633483886719 -10.507173538208008 -15.580524444580078
vertex 61.01059341430664 -11.351851463317871 -14.60874080657959
endloop
endfacet
facet normal 0.3341324178832497 -0.5290561132628308 -0.7800353558260806
outer loop
vertex 61.29867172241211 -11.258249282836914 -14.495530128479004
vertex 60.64715576171875 -10.140274047851562 -15.532873153686523
vertex 61.631187438964844 -11.150208473205566 -14.426373481750488
endloop
endfacet
facet normal 0.44966298755249273 -0.4525052404373069 -0.7700923353742343
outer loop
vertex 61.01059341430664 -11.351851463317871 -14.60874080657959
vertex 60.19633483886719 -10.507173538208008 -15.580524444580078
vertex 61.29867172241211 -11.258249282836914 -14.495530128479004
endloop
endfacet
facet normal 0.20575207110417407 -0.5817902215813785 -0.7868838690103092
outer loop
vertex 61.631187438964844 -11.150208473205566 -14.426373481750488
vertex 61.161495208740234 -9.867643356323242 -15.497464179992676
vertex 61.19321823120117 -9.858099937438965 -15.496225357055664
endloop
endfacet
facet normal 0.4496655953084378 -0.4525019805411463 -0.7700927281842416
outer loop
vertex 60.19633483886719 -10.507173538208008 -15.580524444580078
vertex 60.64715576171875 -10.140274047851562 -15.532873153686523
vertex 61.29867172241211 -11.258249282836914 -14.495530128479004
endloop
endfacet
facet normal 0.5479169514910537 -0.35507025349054433 -0.7574378716138446
outer loop
vertex 59.88191604614258 -10.887099266052246 -15.629868507385254
vertex 60.19633483886719 -10.507173538208008 -15.580524444580078
vertex 60.967315673828125 -11.412166595458984 -14.598569869995117
endloop
endfacet
facet normal 0.547918365398884 -0.35506768589153137 -0.7574380524466986
outer loop
vertex 60.78448486328125 -11.666979789733887 -14.611376762390137
vertex 59.88191604614258 -10.887099266052246 -15.629868507385254
vertex 60.967315673828125 -11.412166595458984 -14.598569869995117
endloop
endfacet
facet normal 0.3717102945229929 -0.5054420992409288 -0.7786910435214681
outer loop
vertex 64.91120147705078 -9.542755126953125 -14.472065925598145
vertex 64.47013092041016 -8.550859451293945 -15.326443672180176
vertex 67.45361328125 -7.984764099121094 -14.269718170166016
endloop
endfacet
facet normal 0.37171035713596834 -0.505440276524922 -0.7786921967403174
outer loop
vertex 67.45361328125 -7.984764099121094 -14.269718170166016
vertex 64.47013092041016 -8.550859451293945 -15.326443672180176
vertex 66.87802124023438 -7.07529878616333 -15.134801864624023
endloop
endfacet
facet normal 0.3730873395772658 -0.5079906003866452 -0.7763706505052683
outer loop
vertex 64.91120147705078 -9.542755126953125 -14.472065925598145
vertex 67.45361328125 -7.984764099121094 -14.269718170166016
vertex 64.99358367919922 -9.749215126037598 -14.29738712310791
endloop
endfacet
facet normal 0.3713434487953017 -0.5055209070769616 -0.7788149045472209
outer loop
vertex 64.99358367919922 -9.749215126037598 -14.29738712310791
vertex 67.45361328125 -7.984764099121094 -14.269718170166016
vertex 67.45361328125 -8.241710662841797 -14.102936744689941
endloop
endfacet
facet normal 0.37172251638019066 -0.5054383167966077 -0.7786876644263675
outer loop
vertex 67.45361328125 -7.984764099121094 -14.269718170166016
vertex 67.5591812133789 -8.165008544921875 -14.102328300476074
vertex 67.45361328125 -8.241710662841797 -14.102936744689941
endloop
endfacet
facet normal 0.45835430364810276 -0.4428768147548181 -0.7705656748648291
outer loop
vertex 69.91171264648438 -6.166615962982178 -13.852532386779785
vertex 69.22126007080078 -5.097170829772949 -14.877888679504395
vertex 69.91171264648438 -5.909668922424316 -14.000210762023926
endloop
endfacet
facet normal 0.45835478390677514 -0.4428764382622719 -0.7705656055793676
outer loop
vertex 66.87802124023438 -7.07529878616333 -15.134801864624023
vertex 69.22126007080078 -5.097170829772949 -14.877888679504395
vertex 69.91171264648438 -6.166615962982178 -13.852532386779785
endloop
endfacet
facet normal 0.4537064104651347 -0.44909173288876697 -0.7697188503303053
outer loop
vertex 67.45361328125 -7.984764099121094 -14.269718170166016
vertex 67.64432525634766 -8.10314655303955 -14.088233947753906
vertex 67.5591812133789 -8.165008544921875 -14.102328300476074
endloop
endfacet
facet normal 0.4583812062689472 -0.44285426616573337 -0.7705626312495532
outer loop
vertex 67.64432525634766 -8.10314655303955 -14.088233947753906
vertex 67.45361328125 -7.984764099121094 -14.269718170166016
vertex 66.87802124023438 -7.07529878616333 -15.134801864624023
endloop
endfacet
facet normal 0.45835479916495275 -0.4428767756163482 -0.7705654026116945
outer loop
vertex 67.64432525634766 -8.10314655303955 -14.088233947753906
vertex 66.87802124023438 -7.07529878616333 -15.134801864624023
vertex 69.91171264648438 -6.166615962982178 -13.852532386779785
endloop
endfacet
facet normal 0.4583588711420291 -0.44287564097501647 -0.7705636325939428
outer loop
vertex 69.91171264648438 -5.909668922424316 -14.000210762023926
vertex 70.02509307861328 -6.053234100341797 -13.850255012512207
vertex 69.91171264648438 -6.166615962982178 -13.852532386779785
endloop
endfacet
facet normal 0.536945740398988 -0.3651937203562904 -0.7604753897922761
outer loop
vertex 72.01493835449219 -3.732537031173706 -13.560688972473145
vertex 69.22126007080078 -5.097170829772949 -14.877888679504395
vertex 71.2247543334961 -2.778517723083496 -14.57674789428711
endloop
endfacet
facet normal 0.5317530613630129 -0.3738122217335044 -0.7599362503616504
outer loop
vertex 70.02509307861328 -6.053234100341797 -13.850255012512207
vertex 69.91171264648438 -5.909668922424316 -14.000210762023926
vertex 70.07840728759766 -5.999922275543213 -13.839173316955566
endloop
endfacet
facet normal 0.5369454353498309 -0.3651921687586063 -0.760476350279459
outer loop
vertex 69.91171264648438 -5.909668922424316 -14.000210762023926
vertex 69.22126007080078 -5.097170829772949 -14.877888679504395
vertex 72.01493835449219 -3.732537031173706 -13.560688972473145
endloop
endfacet
facet normal 0.5369470711832987 -0.36519232899079107 -0.7604751183266678
outer loop
vertex 72.01493835449219 -3.732537031173706 -13.560688972473145
vertex 71.2247543334961 -2.778517723083496 -14.57674789428711
vertex 72.01493835449219 -3.4755897521972656 -13.68407917022705
endloop
endfacet
facet normal 0.5369442506325988 -0.3651907143929241 -0.7604778851707542
outer loop
vertex 70.07840728759766 -5.999922275543213 -13.839173316955566
vertex 69.91171264648438 -5.909668922424316 -14.000210762023926
vertex 72.01493835449219 -3.732537031173706 -13.560688972473145
endloop
endfacet
facet normal 0.536955596348023 -0.36518998005470066 -0.7604702269110781
outer loop
vertex 72.01493835449219 -3.732537031173706 -13.560688972473145
vertex 72.01493835449219 -3.4755897521972656 -13.68407917022705
vertex 72.12545013427734 -3.5804269313812256 -13.555704116821289
endloop
endfacet
facet normal 0.6021558111202198 -0.2765270969094693 -0.748960041530235
outer loop
vertex 72.01493835449219 -3.4755897521972656 -13.68407917022705
vertex 71.2247543334961 -2.778517723083496 -14.57674789428711
vertex 72.15350341796875 -3.541818857192993 -13.548221588134766
endloop
endfacet
facet normal 0.596559371232452 -0.2883093027439463 -0.7489957693779324
outer loop
vertex 72.12545013427734 -3.5804269313812256 -13.555704116821289
vertex 72.01493835449219 -3.4755897521972656 -13.68407917022705
vertex 72.15350341796875 -3.541818857192993 -13.548221588134766
endloop
endfacet
facet normal 0.6021646746473197 -0.27651348274987725 -0.748957941719307
outer loop
vertex 72.15350341796875 -3.541818857192993 -13.548221588134766
vertex 71.2247543334961 -2.778517723083496 -14.57674789428711
vertex 73.71149444580078 -0.9994086623191833 -13.234243392944336
endloop
endfacet
facet normal 0.6021566105190237 -0.276516989281001 -0.7489631306327512
outer loop
vertex 73.71149444580078 -0.9994086623191833 -13.234243392944336
vertex 73.71149444580078 -0.7424614429473877 -13.329108238220215
vertex 73.80778503417969 -0.8104328513145447 -13.22659683227539
endloop
endfacet
facet normal 0.6021639539958746 -0.2765150709654363 -0.7489579347580436
outer loop
vertex 73.71149444580078 -0.9994086623191833 -13.234243392944336
vertex 72.84115600585938 -0.17451705038547516 -14.238547325134277
vertex 73.71149444580078 -0.7424614429473877 -13.329108238220215
endloop
endfacet
facet normal 0.6021648126240061 -0.2765138661210213 -0.7489576892457287
outer loop
vertex 73.71149444580078 -0.9994086623191833 -13.234243392944336
vertex 71.2247543334961 -2.778517723083496 -14.57674789428711
vertex 72.84115600585938 -0.17451705038547516 -14.238547325134277
endloop
endfacet
facet normal 0.6525289161996086 -0.17906584893807234 -0.7363025432982366
outer loop
vertex 74.95960998535156 1.9654700756072998 -12.881548881530762
vertex 74.03048706054688 2.6507270336151123 -13.871611595153809
vertex 74.95960998535156 2.2224173545837402 -12.944037437438965
endloop
endfacet
facet normal 0.6525362017528292 -0.17906436638056372 -0.7362964471561154
outer loop
vertex 74.95960998535156 1.9654700756072998 -12.881548881530762
vertex 74.95960998535156 2.2224173545837402 -12.944037437438965
vertex 75.03129577636719 2.186100959777832 -12.871674537658691
endloop
endfacet
facet normal 0.6525300162337455 -0.17906370295311716 -0.736302090312601
outer loop
vertex 72.84115600585938 -0.17451705038547516 -14.238547325134277
vertex 74.03048706054688 2.6507270336151123 -13.871611595153809
vertex 74.95960998535156 1.9654700756072998 -12.881548881530762
endloop
endfacet
facet normal 0.6525305662444515 -0.1790647121503066 -0.7363013574476306
outer loop
vertex 73.71149444580078 -0.7424614429473877 -13.329108238220215
vertex 72.84115600585938 -0.17451705038547516 -14.238547325134277
vertex 74.95960998535156 1.9654700756072998 -12.881548881530762
endloop
endfacet
facet normal 0.6544608295920467 -0.18028730669895665 -0.7342870757223815
outer loop
vertex 73.71149444580078 -0.7424614429473877 -13.329108238220215
vertex 74.95960998535156 1.9654700756072998 -12.881548881530762
vertex 73.80778503417969 -0.8104328513145447 -13.22659683227539
endloop
endfacet
facet normal 0.6890078132564913 -0.07609168708189164 -0.7207484224252868
outer loop
vertex 74.95960998535156 2.2224173545837402 -12.944037437438965
vertex 75.72854614257812 5.089094161987305 -12.511608123779297
vertex 75.03129577636719 2.186100959777832 -12.871674537658691
endloop
endfacet
facet normal 0.6869332909744456 -0.07522506924893191 -0.7228166037851587
outer loop
vertex 75.72854614257812 5.089094161987305 -12.511608123779297
vertex 74.76329040527344 5.627579689025879 -13.484986305236816
vertex 75.72854614257812 5.346041202545166 -12.538349151611328
endloop
endfacet
facet normal 0.6869342154142 -0.07522361144382614 -0.7228158769525099
outer loop
vertex 74.95960998535156 2.2224173545837402 -12.944037437438965
vertex 74.03048706054688 2.6507270336151123 -13.871611595153809
vertex 75.72854614257812 5.089094161987305 -12.511608123779297
endloop
endfacet
facet normal 0.6869740930310179 -0.07522107671293828 -0.7227782406259591
outer loop
vertex 75.72854614257812 5.346041202545166 -12.538349151611328
vertex 75.76632690429688 5.333464622497559 -12.501131057739258
vertex 75.72854614257812 5.089094161987305 -12.511608123779297
endloop
endfacet
facet normal 0.6869339162232904 -0.07522322188755008 -0.7228162018321048
outer loop
vertex 74.03048706054688 2.6507270336151123 -13.871611595153809
vertex 74.76329040527344 5.627579689025879 -13.484986305236816
vertex 75.72854614257812 5.089094161987305 -12.511608123779297
endloop
endfacet
facet normal 0.7046376471565491 0.032524558489659794 -0.7088215144200514
outer loop
vertex 74.76329040527344 5.627579689025879 -13.484986305236816
vertex 75.02117919921875 8.679854393005371 -13.0885648727417
vertex 75.99937438964844 8.294549942016602 -12.13382339477539
endloop
endfacet
facet normal 0.7046367858085437 0.032525372587774534 -0.7088223333272106
outer loop
vertex 75.72854614257812 5.346041202545166 -12.538349151611328
vertex 74.76329040527344 5.627579689025879 -13.484986305236816
vertex 75.99937438964844 8.294549942016602 -12.13382339477539
endloop
endfacet
facet normal 0.7068129705395768 0.03203086678945095 -0.7066749240278274
outer loop
vertex 75.76632690429688 5.333464622497559 -12.501131057739258
vertex 75.72854614257812 5.346041202545166 -12.538349151611328
vertex 75.99937438964844 8.294549942016602 -12.13382339477539
endloop
endfacet
facet normal 0.7046373938045111 0.03252312864990322 -0.708821831883872
outer loop
vertex 75.99937438964844 8.294549942016602 -12.13382339477539
vertex 75.02117919921875 8.679854393005371 -13.0885648727417
vertex 75.99937438964844 8.530290603637695 -12.123006820678711
endloop
endfacet
facet normal 0.706217744398439 0.14476068912235512 -0.6930374018634218
outer loop
vertex 75.99937438964844 8.530290603637695 -12.123006820678711
vertex 75.02117919921875 8.679854393005371 -13.0885648727417
vertex 75.76541900634766 11.502906799316406 -11.740495681762695
endloop
endfacet
facet normal 0.7049642977829556 0.14559763171345894 -0.6941373556370641
outer loop
vertex 75.76541900634766 11.502906799316406 -11.740495681762695
vertex 74.76262664794922 11.96630573272705 -12.66172981262207
vertex 75.72854614257812 11.735745429992676 -11.729104995727539
endloop
endfacet
facet normal 0.7049647916379312 0.14562468754346408 -0.6941311784733175
outer loop
vertex 74.76262664794922 11.96630573272705 -12.66172981262207
vertex 75.6669692993164 11.992216110229492 -11.737836837768555
vertex 75.72854614257812 11.735745429992676 -11.729104995727539
endloop
endfacet
facet normal 0.7049664678690746 0.14561320233971642 -0.6941318855120935
outer loop
vertex 75.02117919921875 8.679854393005371 -13.0885648727417
vertex 74.76262664794922 11.96630573272705 -12.66172981262207
vertex 75.76541900634766 11.502906799316406 -11.740495681762695
endloop
endfacet
facet normal 0.6869333725001358 0.2573733708970275 -0.6796186354851455
outer loop
vertex 74.03048706054688 14.940449714660645 -12.275455474853516
vertex 74.8604736328125 15.098702430725098 -11.376605033874512
vertex 74.95960998535156 14.859369277954102 -11.367037773132324
endloop
endfacet
facet normal 0.6869350129578361 0.257361845281519 -0.6796213420471056
outer loop
vertex 75.03245544433594 14.635167121887207 -11.378310203552246
vertex 74.03048706054688 14.940449714660645 -12.275455474853516
vertex 74.95960998535156 14.859369277954102 -11.367037773132324
endloop
endfacet
facet normal 0.6869348892992436 0.25736869538453894 -0.6796188729718269
outer loop
vertex 75.03245544433594 14.635167121887207 -11.378310203552246
vertex 74.76262664794922 11.96630573272705 -12.66172981262207
vertex 74.03048706054688 14.940449714660645 -12.275455474853516
endloop
endfacet
facet normal 0.6869361385412209 0.25736807487247954 -0.6796178452649035
outer loop
vertex 75.6669692993164 11.992216110229492 -11.737836837768555
vertex 74.76262664794922 11.96630573272705 -12.66172981262207
vertex 75.03245544433594 14.635167121887207 -11.378310203552246
endloop
endfacet
facet normal 0.6525303210147554 0.36120838059064336 -0.6661326339006858
outer loop
vertex 74.8604736328125 15.098702430725098 -11.376605033874512
vertex 74.03048706054688 14.940449714660645 -12.275455474853516
vertex 73.81851959228516 17.61420249938965 -11.033260345458984
endloop
endfacet
facet normal 0.6525303141062343 0.361208382664569 -0.6661326395435562
outer loop
vertex 72.84115600585938 17.76569366455078 -11.908520698547363
vertex 73.81851959228516 17.61420249938965 -11.033260345458984
vertex 74.03048706054688 14.940449714660645 -12.275455474853516
endloop
endfacet
facet normal 0.6525290615227007 0.3612154950942911 -0.6661300098119657
outer loop
vertex 73.81851959228516 17.61420249938965 -11.033260345458984
vertex 72.84115600585938 17.76569366455078 -11.908520698547363
vertex 73.71149444580078 17.824247360229492 -11.024201393127441
endloop
endfacet
facet normal 0.6525317223991195 0.3612069073359932 -0.6661320599968188
outer loop
vertex 72.84115600585938 17.76569366455078 -11.908520698547363
vertex 73.58210754394531 18.035388946533203 -11.036456108093262
vertex 73.71149444580078 17.824247360229492 -11.024201393127441
endloop
endfacet
facet normal 0.6021605024332084 0.45865849870917097 -0.6534792352257534
outer loop
vertex 72.15350341796875 20.36665916442871 -10.71662712097168
vertex 72.84115600585938 17.76569366455078 -11.908520698547363
vertex 72.01493835449219 20.557376861572266 -10.710451126098633
endloop
endfacet
facet normal 0.6021608002281127 0.4586660933132173 -0.6534736303122185
outer loop
vertex 72.01493835449219 20.557376861572266 -10.710451126098633
vertex 71.2247543334961 20.369693756103516 -11.570320129394531
vertex 71.8661117553711 20.731626510620117 -10.725287437438965
endloop
endfacet
facet normal 0.6021647600246823 0.4586581731433561 -0.653475540470503
outer loop
vertex 71.2247543334961 20.369693756103516 -11.570320129394531
vertex 72.01493835449219 20.557376861572266 -10.710451126098633
vertex 72.84115600585938 17.76569366455078 -11.908520698547363
endloop
endfacet
facet normal 0.602164892401344 0.4586579742832293 -0.6534755580629487
outer loop
vertex 73.58210754394531 18.035388946533203 -11.036456108093262
vertex 72.84115600585938 17.76569366455078 -11.908520698547363
vertex 72.15350341796875 20.36665916442871 -10.71662712097168
endloop
endfacet
facet normal 0.5369495553361291 0.5473341862120861 -0.6419583036521038
outer loop
vertex 69.91171264648438 22.991455078125 -10.433243751525879
vertex 69.21942901611328 22.690473556518555 -11.268903732299805
vertex 69.7563247680664 23.124170303344727 -10.450060844421387
endloop
endfacet
facet normal 0.5369477487057226 0.5473373614808507 -0.6419571075134514
outer loop
vertex 71.8661117553711 20.731626510620117 -10.725287437438965
vertex 71.2247543334961 20.369693756103516 -11.570320129394531
vertex 70.07840728759766 22.82476234436035 -10.435941696166992
endloop
endfacet
facet normal 0.5369405344356352 0.5473369450605973 -0.6419634966660545
outer loop
vertex 71.2247543334961 20.369693756103516 -11.570320129394531
vertex 69.91171264648438 22.991455078125 -10.433243751525879
vertex 70.07840728759766 22.82476234436035 -10.435941696166992
endloop
endfacet
facet normal 0.5369470660448353 0.5473376034107542 -0.6419574722350501
outer loop
vertex 71.2247543334961 20.369693756103516 -11.570320129394531
vertex 69.21942901611328 22.690473556518555 -11.268903732299805
vertex 69.91171264648438 22.991455078125 -10.433243751525879
endloop
endfacet
facet normal 0.4614476214485412 0.6223961310257118 -0.6322097347745516
outer loop
vertex 69.21942901611328 22.690473556518555 -11.268903732299805
vertex 67.64432525634766 24.92798614501953 -10.21578598022461
vertex 69.7563247680664 23.124170303344727 -10.450060844421387
endloop
endfacet
facet normal 0.46144425596750843 0.6224004762427447 -0.6322079134330707
outer loop
vertex 67.64432525634766 24.92798614501953 -10.21578598022461
vertex 67.06394958496094 24.53142738342285 -11.029805183410645
vertex 67.50509643554688 25.02914047241211 -10.217823028564453
endloop
endfacet
facet normal 0.46144847373573017 0.6223963409387182 -0.6322089060374426
outer loop
vertex 69.21942901611328 22.690473556518555 -11.268903732299805
vertex 67.06394958496094 24.53142738342285 -11.029805183410645
vertex 67.64432525634766 24.92798614501953 -10.21578598022461
endloop
endfacet
facet normal 0.37880421771634254 0.6840854461864645 -0.6233253299491168
outer loop
vertex 65.73966217041016 25.3631649017334 -10.921781539916992
vertex 66.1258544921875 25.88020133972168 -10.119650840759277
vertex 67.06394958496094 24.53142738342285 -11.029805183410645
endloop
endfacet
facet normal 0.3776836543633249 0.6839010470513538 -0.6242070290126719
outer loop
vertex 67.45361328125 25.066551208496094 -10.207736015319824
vertex 67.06394958496094 24.53142738342285 -11.029805183410645
vertex 66.1258544921875 25.88020133972168 -10.119650840759277
endloop
endfacet
facet normal 0.37561818816990816 0.6851744151649806 -0.6240568864448838
outer loop
vertex 67.06394958496094 24.53142738342285 -11.029805183410645
vertex 67.45361328125 25.066551208496094 -10.207736015319824
vertex 67.50509643554688 25.02914047241211 -10.217823028564453
endloop
endfacet
facet normal 0.6998444943442966 0.01826631944848519 -0.7140616397131145
outer loop
vertex 65.35383605957031 27.934274673461914 -9.58704662322998
vertex 64.3573989868164 28.166383743286133 -10.557706832885742
vertex 65.49150848388672 29.22800064086914 -9.419020652770996
endloop
endfacet
facet normal 0.6998467421533915 0.018261682368389102 -0.7140595552573752
outer loop
vertex 65.49150848388672 29.22800064086914 -9.419020652770996
vertex 64.3573989868164 28.166383743286133 -10.557706832885742
vertex 64.49507904052734 29.46010971069336 -10.389680862426758
endloop
endfacet
facet normal 0.6970862419357136 0.11675803049444076 -0.7074166619602645
outer loop
vertex 65.29059600830078 27.340036392211914 -9.747441291809082
vertex 64.3409652709961 27.856752395629883 -10.597921371459961
vertex 65.35383605957031 27.934274673461914 -9.58704662322998
endloop
endfacet
facet normal 0.7032479730875667 0.05473757004630085 -0.7088343154600061
outer loop
vertex 64.3573989868164 28.166383743286133 -10.557706832885742
vertex 65.35383605957031 27.934274673461914 -9.58704662322998
vertex 64.3409652709961 27.856752395629883 -10.597921371459961
endloop
endfacet
facet normal 0.6782892787674545 0.2948959633965806 -0.673023049442981
outer loop
vertex 65.24500274658203 26.911609649658203 -9.98111343383789
vertex 64.39813232421875 27.28118896484375 -10.672673225402832
vertex 65.29059600830078 27.340036392211914 -9.747441291809082
endloop
endfacet
facet normal 0.7053971499371046 0.15975174116327892 -0.6905752978900351
outer loop
vertex 64.3409652709961 27.856752395629883 -10.597921371459961
vertex 65.29059600830078 27.340036392211914 -9.747441291809082
vertex 64.39813232421875 27.28118896484375 -10.672673225402832
endloop
endfacet
facet normal 0.3341314507201628 0.7107607362398644 -0.6190115907310664
outer loop
vertex 65.73966217041016 25.3631649017334 -10.921781539916992
vertex 66.07064819335938 25.914031982421875 -10.110605239868164
vertex 66.1258544921875 25.88020133972168 -10.119650840759277
endloop
endfacet
facet normal 0.4496661320547035 0.6342070074543132 -0.6289529723109721
outer loop
vertex 66.07064819335938 25.914031982421875 -10.110605239868164
vertex 65.66315460205078 25.40372085571289 -10.91651439666748
vertex 65.6829605102539 26.151607513427734 -10.14822006225586
endloop
endfacet
facet normal 0.6251162023917181 0.4221982023340876 -0.6564894602758077
outer loop
vertex 65.19588470458984 26.45008659362793 -10.32469654083252
vertex 64.84234619140625 26.217689514160156 -10.810797691345215
vertex 65.24500274658203 26.911609649658203 -9.98111343383789
endloop
endfacet
facet normal 0.3341475199759053 0.7107524010958021 -0.6190124871361675
outer loop
vertex 65.73966217041016 25.3631649017334 -10.921781539916992
vertex 65.66315460205078 25.40372085571289 -10.91651439666748
vertex 66.07064819335938 25.914031982421875 -10.110605239868164
endloop
endfacet
facet normal 0.5479140546671611 0.5367741968539138 -0.641610201204771
outer loop
vertex 65.6829605102539 26.151607513427734 -10.14822006225586
vertex 65.21232604980469 25.770620346069336 -10.86886215209961
vertex 65.24309539794922 26.421154022216797 -10.298346519470215
endloop
endfacet
facet normal 0.625134168561007 0.4221712891191616 -0.6564896601935204
outer loop
vertex 65.24309539794922 26.421154022216797 -10.298346519470215
vertex 64.84234619140625 26.217689514160156 -10.810797691345215
vertex 65.19588470458984 26.45008659362793 -10.32469654083252
endloop
endfacet
facet normal 0.6782893227609261 0.29489698380531393 -0.673022557995683
outer loop
vertex 65.24500274658203 26.911609649658203 -9.98111343383789
vertex 64.56742858886719 26.727745056152344 -10.744553565979004
vertex 64.39813232421875 27.28118896484375 -10.672673225402832
endloop
endfacet
facet normal 0.6251168903256167 0.42219753390941644 -0.6564892350910547
outer loop
vertex 64.84234619140625 26.217689514160156 -10.810797691345215
vertex 64.56742858886719 26.727745056152344 -10.744553565979004
vertex 65.24500274658203 26.911609649658203 -9.98111343383789
endloop
endfacet
facet normal 0.5479200378129327 0.5367714489937363 -0.6416073906278194
outer loop
vertex 65.21232604980469 25.770620346069336 -10.86886215209961
vertex 64.84234619140625 26.217689514160156 -10.810797691345215
vertex 65.24309539794922 26.421154022216797 -10.298346519470215
endloop
endfacet
facet normal 0.44966066849306996 0.6342090495241068 -0.6289548192931624
outer loop
vertex 65.66315460205078 25.40372085571289 -10.91651439666748
vertex 65.21232604980469 25.770620346069336 -10.86886215209961
vertex 65.6829605102539 26.151607513427734 -10.14822006225586
endloop
endfacet
facet normal 0.23605390451907254 -0.5699168503243075 -0.7870662855679448
outer loop
vertex 69.94702911376953 31.747644424438477 -8.8899507522583
vertex 69.94702911376953 32.00459289550781 -9.076007843017578
vertex 70.02462768554688 31.817922592163086 -8.917566299438477
endloop
endfacet
facet normal 0.23605040515338968 -0.5699201677835518 -0.7870649328870449
outer loop
vertex 66.46052551269531 31.931472778320312 -10.068707466125488
vertex 69.43537139892578 32.97621154785156 -9.933018684387207
vertex 69.94702911376953 31.747644424438477 -8.8899507522583
endloop
endfacet
facet normal 0.23605040643609743 -0.5699201630353856 -0.7870649359405313
outer loop
vertex 66.85865020751953 30.66303253173828 -9.030817031860352
vertex 66.46052551269531 31.931472778320312 -10.068707466125488
vertex 69.94702911376953 31.747644424438477 -8.8899507522583
endloop
endfacet
facet normal 0.23606072590834953 -0.5699158784680416 -0.7870649434154869
outer loop
vertex 69.94702911376953 31.747644424438477 -8.8899507522583
vertex 69.43537139892578 32.97621154785156 -9.933018684387207
vertex 69.94702911376953 32.00459289550781 -9.076007843017578
endloop
endfacet
facet normal 0.6250866370276241 -0.24054208106525465 -0.7425673056675008
outer loop
vertex 65.59707641601562 30.219980239868164 -9.513091087341309
vertex 64.98002624511719 30.789541244506836 -10.217018127441406
vertex 65.65279388427734 30.239545822143555 -9.472526550292969
endloop
endfacet
facet normal 0.6251192429844165 -0.24049083595210813 -0.7425564556810791
outer loop
vertex 65.59707641601562 30.219980239868164 -9.513091087341309
vertex 65.55372619628906 29.812599182128906 -9.417647361755371
vertex 64.70510864257812 30.279483795166016 -10.283263206481934
endloop
endfacet
facet normal 0.4496649731202137 -0.45250110179414765 -0.7700936078321128
outer loop
vertex 65.35000610351562 31.236610412597656 -10.158953666687012
vertex 65.80082702636719 31.6035099029541 -10.111302375793457
vertex 66.43550872802734 30.514427185058594 -9.10076904296875
endloop
endfacet
facet normal 0.2534467754270845 -0.5636990161205602 -0.7861349446820981
outer loop
vertex 66.31517028808594 31.876140594482422 -10.07589340209961
vertex 66.46052551269531 31.931472778320312 -10.068707466125488
vertex 66.85865020751953 30.66303253173828 -9.030817031860352
endloop
endfacet
facet normal 0.6994509413331896 -0.014334987462760037 -0.7145368351614614
outer loop
vertex 64.49507904052734 29.46010971069336 -10.389680862426758
vertex 64.53581237792969 29.72603988647461 -10.355142593383789
vertex 65.51043701171875 29.405803680419922 -9.394670486450195
endloop
endfacet
facet normal 0.70035777312862 0.023143996749801783 -0.7134166699992125
outer loop
vertex 65.49150848388672 29.22800064086914 -9.419020652770996
vertex 64.49507904052734 29.46010971069336 -10.389680862426758
vertex 65.51043701171875 29.405803680419922 -9.394670486450195
endloop
endfacet
facet normal 0.6251187261024962 -0.24049341306182906 -0.7425560561667146
outer loop
vertex 64.70510864257812 30.279483795166016 -10.283263206481934
vertex 64.98002624511719 30.789541244506836 -10.217018127441406
vertex 65.59707641601562 30.219980239868164 -9.513091087341309
endloop
endfacet
facet normal 0.6782920686376545 -0.11318815747725816 -0.7260222521590884
outer loop
vertex 65.55372619628906 29.812599182128906 -9.417647361755371
vertex 65.51043701171875 29.405803680419922 -9.394670486450195
vertex 64.70510864257812 30.279483795166016 -10.283263206481934
endloop
endfacet
facet normal 0.5479180140505616 -0.35506693932593714 -0.7574386565766232
outer loop
vertex 65.65279388427734 30.239545822143555 -9.472526550292969
vertex 64.98002624511719 30.789541244506836 -10.217018127441406
vertex 66.07354736328125 30.387310028076172 -9.237428665161133
endloop
endfacet
facet normal 0.547918881338792 -0.35506512494176634 -0.7574388797272918
outer loop
vertex 65.35000610351562 31.236610412597656 -10.158953666687012
vertex 66.07354736328125 30.387310028076172 -9.237428665161133
vertex 64.98002624511719 30.789541244506836 -10.217018127441406
endloop
endfacet
facet normal 0.4496649885693242 -0.45250108221341373 -0.7700936103167192
outer loop
vertex 66.07354736328125 30.387310028076172 -9.237428665161133
vertex 65.35000610351562 31.236610412597656 -10.158953666687012
vertex 66.43550872802734 30.514427185058594 -9.10076904296875
endloop
endfacet
facet normal 0.3341367689527529 -0.5290524397943919 -0.7800359835170527
outer loop
vertex 66.43550872802734 30.514427185058594 -9.10076904296875
vertex 65.80082702636719 31.6035099029541 -10.111302375793457
vertex 66.7707290649414 30.632156372070312 -9.037022590637207
endloop
endfacet
facet normal 0.25344615990514036 -0.5636992922558605 -0.78613494512048
outer loop
vertex 66.7707290649414 30.632156372070312 -9.037022590637207
vertex 66.31517028808594 31.876140594482422 -10.07589340209961
vertex 66.85865020751953 30.66303253173828 -9.030817031860352
endloop
endfacet
facet normal 0.6782893875590706 -0.11319248946406761 -0.7260240815934882
outer loop
vertex 65.51043701171875 29.405803680419922 -9.394670486450195
vertex 64.53581237792969 29.72603988647461 -10.355142593383789
vertex 64.70510864257812 30.279483795166016 -10.283263206481934
endloop
endfacet
facet normal 0.334130284904005 -0.5290578943870423 -0.7800350614534693
outer loop
vertex 65.80082702636719 31.6035099029541 -10.111302375793457
vertex 66.31517028808594 31.876140594482422 -10.07589340209961
vertex 66.7707290649414 30.632156372070312 -9.037022590637207
endloop
endfacet
facet normal 0.36365769695496347 -0.510300808714263 -0.7793241713632274
outer loop
vertex 70.02462768554688 31.817922592163086 -8.917566299438477
vertex 69.94702911376953 32.00459289550781 -9.076007843017578
vertex 70.05183410644531 31.842559814453125 -8.921003341674805
endloop
endfacet
facet normal 0.4768391898337659 -0.426716252390842 -0.7684644604561703
outer loop
vertex 69.43537139892578 32.97621154785156 -9.933018684387207
vertex 70.04193878173828 33.525543212890625 -9.861673355102539
vertex 70.8443374633789 32.81723403930664 -8.970464706420898
endloop
endfacet
facet normal 0.4768368446564185 -0.4267107906932882 -0.7684689484188798
outer loop
vertex 70.8443374633789 32.56028366088867 -8.827786445617676
vertex 70.05183410644531 31.842559814453125 -8.921003341674805
vertex 69.94702911376953 32.00459289550781 -9.076007843017578
endloop
endfacet
facet normal 0.476857419110774 -0.4266635110726655 -0.7684824332137703
outer loop
vertex 70.92452239990234 32.7320671081543 -8.87342357635498
vertex 69.43537139892578 32.97621154785156 -9.933018684387207
vertex 70.8443374633789 32.81723403930664 -8.970464706420898
endloop
endfacet
facet normal 0.4768317367392872 -0.42672973521941604 -0.7684615982062879
outer loop
vertex 70.8443374633789 32.56028366088867 -8.827786445617676
vertex 69.43537139892578 32.97621154785156 -9.933018684387207
vertex 70.92452239990234 32.7320671081543 -8.87342357635498
endloop
endfacet
facet normal 0.476838724215236 -0.42671551965566495 -0.7684651562522415
outer loop
vertex 69.94702911376953 32.00459289550781 -9.076007843017578
vertex 69.43537139892578 32.97621154785156 -9.933018684387207
vertex 70.8443374633789 32.56028366088867 -8.827786445617676
endloop
endfacet
facet normal 0.6417042734819808 -0.20346952831393572 -0.7394699293701318
outer loop
vertex 70.8443374633789 32.81723403930664 -8.970464706420898
vertex 70.04193878173828 33.525543212890625 -9.861673355102539
vertex 72.64112854003906 36.40993881225586 -8.399782180786133
endloop
endfacet
facet normal 0.6417028237671428 -0.20346658378144436 -0.7394719976128803
outer loop
vertex 70.04193878173828 33.525543212890625 -9.861673355102539
vertex 71.6722640991211 37.01856231689453 -9.40800952911377
vertex 72.64848327636719 36.66337203979492 -8.463129997253418
endloop
endfacet
facet normal 0.6540218522861979 -0.2117312444151153 -0.726240522740612
outer loop
vertex 70.92452239990234 32.7320671081543 -8.87342357635498
vertex 70.8443374633789 32.81723403930664 -8.970464706420898
vertex 72.64112854003906 36.40993881225586 -8.399782180786133
endloop
endfacet
facet normal 0.6416988056558511 -0.20346100814096674 -0.739477018565226
outer loop
vertex 72.64112854003906 36.40993881225586 -8.399782180786133
vertex 70.04193878173828 33.525543212890625 -9.861673355102539
vertex 72.64848327636719 36.66337203979492 -8.463129997253418
endloop
endfacet
facet normal 0.7068155206496685 0.07091427068533764 -0.7038344876332111
outer loop
vertex 71.6722640991211 37.01856231689453 -9.40800952911377
vertex 71.6967544555664 37.86304473876953 -9.298330307006836
vertex 72.57621002197266 37.903255462646484 -8.41109848022461
endloop
endfacet
facet normal 0.7068976971078315 0.0706767538201298 -0.7037758466252542
outer loop
vertex 72.64848327636719 36.66337203979492 -8.463129997253418
vertex 71.6722640991211 37.01856231689453 -9.40800952911377
vertex 72.67711639404297 37.649635314941406 -8.33532428741455
endloop
endfacet
facet normal 0.706808760989774 0.07092734249696427 -0.7038399587082415
outer loop
vertex 72.67711639404297 37.649635314941406 -8.33532428741455
vertex 71.6722640991211 37.01856231689453 -9.40800952911377
vertex 72.57621002197266 37.903255462646484 -8.41109848022461
endloop
endfacet
facet normal 0.6577678755756677 0.34841708023687984 -0.6677926025794839
outer loop
vertex 64.68154907226562 57.50679016113281 -5.959211349487305
vertex 64.84846496582031 57.327537536621094 -5.888325214385986
vertex 64.0084228515625 57.188262939453125 -6.788422584533691
endloop
endfacet
facet normal 0.6577678872548972 0.3484170471184179 -0.6677926083549525
outer loop
vertex 64.84846496582031 57.327537536621094 -5.888325214385986
vertex 71.6967544555664 37.86304473876953 -9.298330307006836
vertex 64.0084228515625 57.188262939453125 -6.788422584533691
endloop
endfacet
facet normal 0.6577674102951618 0.3484169687730976 -0.667793119030559
outer loop
vertex 72.57621002197266 37.903255462646484 -8.41109848022461
vertex 71.6967544555664 37.86304473876953 -9.298330307006836
vertex 64.84846496582031 57.327537536621094 -5.888325214385986
endloop
endfacet
facet normal 0.5194946455658218 0.5667925616197134 -0.6394306102471203
outer loop
vertex 63.489036560058594 57.74603271484375 -6.7159810066223145
vertex 63.91997146606445 58.229557037353516 -5.9372782707214355
vertex 64.0084228515625 57.188262939453125 -6.788422584533691
endloop
endfacet
facet normal 0.5194933552232773 0.5667929949400419 -0.6394312744664274
outer loop
vertex 63.91997146606445 58.229557037353516 -5.9372782707214355
vertex 64.68154907226562 57.50679016113281 -5.959211349487305
vertex 64.0084228515625 57.188262939453125 -6.788422584533691
endloop
endfacet
facet normal 0.5194866444694732 0.5667862701656396 -0.6394426871656049
outer loop
vertex 64.68154907226562 57.50679016113281 -5.959211349487305
vertex 63.91997146606445 58.229557037353516 -5.9372782707214355
vertex 64.08087158203125 58.151859283447266 -5.875431537628174
endloop
endfacet
facet normal 0.30956951955137574 0.7214920553718963 -0.6193673599730348
outer loop
vertex 60.27886199951172 59.954978942871094 -5.7472429275512695
vertex 60.354766845703125 59.951229095458984 -5.713672637939453
vertex 63.91997146606445 58.229557037353516 -5.9372782707214355
endloop
endfacet
facet normal 0.3095813851941865 0.721513668799103 -0.6193362508987402
outer loop
vertex 63.489036560058594 57.74603271484375 -6.7159810066223145
vertex 60.27886199951172 59.954978942871094 -5.7472429275512695
vertex 63.91997146606445 58.229557037353516 -5.9372782707214355
endloop
endfacet
facet normal 0.30958140413363316 0.7215136842680855 -0.6193362234106298
outer loop
vertex 60.27886199951172 59.954978942871094 -5.7472429275512695
vertex 63.489036560058594 57.74603271484375 -6.7159810066223145
vertex 60.10712432861328 59.379188537597656 -6.503871440887451
endloop
endfacet
facet normal 0.03520051069086947 0.7914210309763204 -0.6102570571287809
outer loop
vertex 60.27886199951172 59.954978942871094 -5.7472429275512695
vertex 60.10712432861328 59.379188537597656 -6.503871440887451
vertex 59.18463897705078 60.009063720703125 -5.740218639373779
endloop
endfacet
facet normal 0.03520148008606494 0.7914215565506998 -0.610256319612192
outer loop
vertex 60.10712432861328 59.379188537597656 -6.503871440887451
vertex 59.289146423339844 59.419620513916016 -6.49862003326416
vertex 59.18463897705078 60.009063720703125 -5.740218639373779
endloop
endfacet
facet normal -0.24443744419540853 0.7491368064913533 -0.6156658030418396
outer loop
vertex 48.9339485168457 55.82551574707031 -6.74945068359375
vertex 41.25299835205078 53.460227966308594 -6.577949047088623
vertex 48.80958557128906 55.97705078125 -6.515688419342041
endloop
endfacet
facet normal -0.24498035249485753 0.7488133201684749 -0.6158435178109457
outer loop
vertex 59.18463897705078 60.009063720703125 -5.740218639373779
vertex 50.577022552490234 56.875450134277344 -6.126347064971924
vertex 59.13844680786133 60.011348724365234 -5.719065189361572
endloop
endfacet
facet normal -0.2449986170292743 0.7488556358373867 -0.6157847954669928
outer loop
vertex 59.289146423339844 59.419620513916016 -6.49862003326416
vertex 50.62184143066406 56.72771072387695 -6.323841571807861
vertex 59.18463897705078 60.009063720703125 -5.740218639373779
endloop
endfacet
facet normal -0.24499653919327977 0.7488512987740642 -0.6157908964151003
outer loop
vertex 50.577022552490234 56.875450134277344 -6.126347064971924
vertex 59.18463897705078 60.009063720703125 -5.740218639373779
vertex 50.62184143066406 56.72771072387695 -6.323841571807861
endloop
endfacet
facet normal -0.24499945332390252 0.7488585827967599 -0.6157808789192932
outer loop
vertex 59.289146423339844 59.419620513916016 -6.49862003326416
vertex 50.641056060791016 56.532623291015625 -6.568734645843506
vertex 50.62184143066406 56.72771072387695 -6.323841571807861
endloop
endfacet
facet normal -0.2449976770451523 0.7488534312121203 -0.6157878504844939
outer loop
vertex 59.289146423339844 59.419620513916016 -6.49862003326416
vertex 50.62184143066406 56.33753204345703 -6.798338413238525
vertex 50.641056060791016 56.532623291015625 -6.568734645843506
endloop
endfacet
facet normal -0.24499665805690982 0.7488509039549638 -0.615791329255925
outer loop
vertex 50.590240478515625 56.23336410522461 -6.912442207336426
vertex 50.62184143066406 56.33753204345703 -6.798338413238525
vertex 59.289146423339844 59.419620513916016 -6.49862003326416
endloop
endfacet
facet normal -0.2444098932636434 0.749061296508335 -0.6157686076344804
outer loop
vertex 48.7171745300293 56.149940490722656 -6.268675327301025
vertex 41.25299835205078 53.460227966308594 -6.577949047088623
vertex 48.70508575439453 56.18979263305664 -6.21539831161499
endloop
endfacet
facet normal -0.24441876432832002 0.7490825382811945 -0.6157392455304597
outer loop
vertex 48.80958557128906 55.97705078125 -6.515688419342041
vertex 41.25299835205078 53.460227966308594 -6.577949047088623
vertex 48.7171745300293 56.149940490722656 -6.268675327301025
endloop
endfacet
facet normal -0.24432009686670186 0.7492825422903536 -0.615535021006888
outer loop
vertex 49.10652542114258 55.68990707397461 -6.983025074005127
vertex 41.49095153808594 52.910091400146484 -7.344059944152832
vertex 48.9339485168457 55.82551574707031 -6.74945068359375
endloop
endfacet
facet normal -0.2446716846797653 0.7499786013559782 -0.6145468771575496
outer loop
vertex 48.9339485168457 55.82551574707031 -6.74945068359375
vertex 41.49095153808594 52.910091400146484 -7.344059944152832
vertex 41.25299835205078 53.460227966308594 -6.577949047088623
endloop
endfacet
facet normal -0.11743992884629667 0.7861317980237205 -0.6067986974677592
outer loop
vertex 40.95454025268555 52.766845703125 -7.362664699554443
vertex 25.935956954956055 50.8557014465332 -6.931928634643555
vertex 40.707115173339844 53.2884521484375 -6.639016151428223
endloop
endfacet
facet normal -0.11719172339517812 0.7833670395842034 -0.6104114851972801
outer loop
vertex 26.04712677001953 50.285587310791016 -7.6849236488342285
vertex 25.935956954956055 50.8557014465332 -6.931928634643555
vertex 40.95454025268555 52.766845703125 -7.362664699554443
endloop
endfacet
facet normal -0.14552039650417506 0.7783212226682429 -0.610769914571338
outer loop
vertex 40.95454025268555 52.766845703125 -7.362664699554443
vertex 40.707115173339844 53.2884521484375 -6.639016151428223
vertex 40.84572219848633 53.32490158081055 -6.62559175491333
endloop
endfacet
facet normal -0.06949256503943722 0.7903737512157362 -0.6086707786590427
outer loop
vertex 41.043724060058594 52.77555847167969 -7.361533164978027
vertex 40.95454025268555 52.766845703125 -7.362664699554443
vertex 40.84572219848633 53.32490158081055 -6.62559175491333
endloop
endfacet
facet normal -0.20575320047362206 0.7634930160164752 -0.6121634054637108
outer loop
vertex 41.49095153808594 52.910091400146484 -7.344059944152832
vertex 41.043724060058594 52.77555847167969 -7.361533164978027
vertex 41.25299835205078 53.460227966308594 -6.577949047088623
endloop
endfacet
facet normal -0.06948415463405959 0.7903753272490535 -0.6086696923050643
outer loop
vertex 40.84572219848633 53.32490158081055 -6.62559175491333
vertex 40.91264343261719 53.34250259399414 -6.610375881195068
vertex 41.043724060058594 52.77555847167969 -7.361533164978027
endloop
endfacet
facet normal -0.20574899024489754 0.7634959946364525 -0.6121611055819368
outer loop
vertex 41.043724060058594 52.77555847167969 -7.361533164978027
vertex 40.91264343261719 53.34250259399414 -6.610375881195068
vertex 40.979862213134766 53.36017990112305 -6.6109209060668945
endloop
endfacet
facet normal -0.20576519679708613 0.7634926254898309 -0.6121598603385402
outer loop
vertex 41.25299835205078 53.460227966308594 -6.577949047088623
vertex 41.043724060058594 52.77555847167969 -7.361533164978027
vertex 40.979862213134766 53.36017990112305 -6.6109209060668945
endloop
endfacet
facet normal 0.05441160517727469 0.7968824601949476 -0.6016790854398051
outer loop
vertex 25.33271026611328 50.2594108581543 -7.688323497772217
vertex 10.2526216506958 51.96168899536133 -6.797510147094727
vertex 25.286043167114258 50.79269790649414 -6.986241817474365
endloop
endfacet
facet normal 0.05341610723734755 0.7916820320924054 -0.6085936900343676
outer loop
vertex 25.33271026611328 50.2594108581543 -7.688323497772217
vertex 10.20279312133789 51.39347839355469 -7.541033744812012
vertex 10.2526216506958 51.96168899536133 -6.797510147094727
endloop
endfacet
facet normal -0.027612742794673843 0.7951348131967441 -0.605803734948815
outer loop
vertex 25.33271026611328 50.2594108581543 -7.688323497772217
vertex 25.286043167114258 50.79269790649414 -6.986241817474365
vertex 25.37982749938965 50.796714782714844 -6.985244274139404
endloop
endfacet
facet normal -0.06947556757794694 0.7903738084451918 -0.6086726447225681
outer loop
vertex 26.04712677001953 50.285587310791016 -7.6849236488342285
vertex 25.5559139251709 50.23760986328125 -7.691154956817627
vertex 25.647401809692383 50.80817794799805 -6.960703372955322
endloop
endfacet
facet normal -0.06949493652897128 0.7903739117285636 -0.6086702994690335
outer loop
vertex 25.647401809692383 50.80817794799805 -6.960703372955322
vertex 25.5559139251709 50.23760986328125 -7.691154956817627
vertex 25.5559139251709 50.804256439208984 -6.955349922180176
endloop
endfacet
facet normal 0.06948341081805304 0.7903745478203952 -0.608670789326049
outer loop
vertex 25.37982749938965 50.796714782714844 -6.985244274139404
vertex 25.5559139251709 50.804256439208984 -6.955349922180176
vertex 25.5559139251709 50.23760986328125 -7.691154956817627
endloop
endfacet
facet normal 0.06947696288882163 0.7903741305279193 -0.6086720672250213
outer loop
vertex 25.5559139251709 50.23760986328125 -7.691154956817627
vertex 25.33271026611328 50.2594108581543 -7.688323497772217
vertex 25.37982749938965 50.796714782714844 -6.985244274139404
endloop
endfacet
facet normal -0.06947365212277201 0.7903744400168455 -0.6086720432456069
outer loop
vertex 25.935956954956055 50.8557014465332 -6.931928634643555
vertex 26.04712677001953 50.285587310791016 -7.6849236488342285
vertex 25.647401809692383 50.80817794799805 -6.960703372955322
endloop
endfacet
facet normal 0.16998824400267631 0.7716890961720979 -0.612862085423774
outer loop
vertex 9.711543083190918 51.468692779541016 -7.531264781951904
vertex -7.127111911773682 55.60451889038086 -6.994115352630615
vertex -7.088996410369873 56.20127487182617 -6.2321343421936035
endloop
endfacet
facet normal 0.17177086895784563 0.7762802979590085 -0.606534143785937
outer loop
vertex 9.711543083190918 51.468692779541016 -7.531264781951904
vertex -7.088996410369873 56.20127487182617 -6.2321343421936035
vertex 9.862921714782715 52.01245880126953 -6.7924485206604
endloop
endfacet
facet normal 0.20705464641689508 0.7671941545329657 -0.6070761917977204
outer loop
vertex 9.845601081848145 51.428367614746094 -7.536502838134766
vertex 9.711543083190918 51.468692779541016 -7.531264781951904
vertex 9.862921714782715 52.01245880126953 -6.7924485206604
endloop
endfacet
facet normal 0.06948019976817257 0.790375873235727 -0.6086694347895553
outer loop
vertex 10.20279312133789 51.39347839355469 -7.541033744812012
vertex 9.845601081848145 51.428367614746094 -7.536502838134766
vertex 9.97640609741211 51.99413299560547 -6.78690767288208
endloop
endfacet
facet normal 0.15509225769597906 0.7753123526831142 -0.6122394526488295
outer loop
vertex 9.97640609741211 51.99413299560547 -6.78690767288208
vertex 9.845601081848145 51.428367614746094 -7.536502838134766
vertex 9.862921714782715 52.01245880126953 -6.7924485206604
endloop
endfacet
facet normal 0.06945842496272364 0.7903739393425436 -0.608674431210846
outer loop
vertex 10.20279312133789 51.39347839355469 -7.541033744812012
vertex 9.97640609741211 51.99413299560547 -6.78690767288208
vertex 10.10738754272461 51.972984313964844 -6.799422740936279
endloop
endfacet
facet normal 0.06948552458140551 0.7903741283886854 -0.6086710926662057
outer loop
vertex 10.2526216506958 51.96168899536133 -6.797510147094727
vertex 10.20279312133789 51.39347839355469 -7.541033744812012
vertex 10.10738754272461 51.972984313964844 -6.799422740936279
endloop
endfacet
facet normal -0.09377910385426033 0.7860945221692918 -0.6109508015345628
outer loop
vertex -7.127111911773682 55.60451889038086 -6.994115352630615
vertex -7.885704040527344 55.50386047363281 -7.007188320159912
vertex -8.104060173034668 56.066585540771484 -6.249627590179443
endloop
endfacet
facet normal -0.09377845209697103 0.7860950230308011 -0.6109502571310534
outer loop
vertex -7.127111911773682 55.60451889038086 -6.994115352630615
vertex -8.104060173034668 56.066585540771484 -6.249627590179443
vertex -7.088996410369873 56.20127487182617 -6.2321343421936035
endloop
endfacet
facet normal -0.3451888431686003 0.7030581699813256 -0.6217345672989664
outer loop
vertex -7.885704040527344 55.50386047363281 -7.007188320159912
vertex -11.22588062286377 53.65109634399414 -7.2478203773498535
vertex -11.70583724975586 54.10892868041992 -6.463629722595215
endloop
endfacet
facet normal -0.3451888262519164 0.7030580806164545 -0.6217346777450421
outer loop
vertex -7.885704040527344 55.50386047363281 -7.007188320159912
vertex -11.70583724975586 54.10892868041992 -6.463629722595215
vertex -8.199357032775879 56.05393981933594 -6.21101713180542
endloop
endfacet
facet normal -0.3451960485485611 0.7030543175909842 -0.6217349230846976
outer loop
vertex -8.104060173034668 56.066585540771484 -6.249627590179443
vertex -7.885704040527344 55.50386047363281 -7.007188320159912
vertex -8.199357032775879 56.05393981933594 -6.21101713180542
endloop
endfacet
facet normal -0.5608600196279907 0.5181089793937008 -0.6457546932500822
outer loop
vertex -11.7373685836792 52.99046325683594 -7.333621978759766
vertex -12.474135398864746 53.242740631103516 -6.491304874420166
vertex -11.22588062286377 53.65109634399414 -7.2478203773498535
endloop
endfacet
facet normal -0.5608602718640504 0.5181065597281949 -0.6457564155400999
outer loop
vertex -11.22588062286377 53.65109634399414 -7.2478203773498535
vertex -12.474135398864746 53.242740631103516 -6.491304874420166
vertex -11.87701416015625 54.013980865478516 -6.391138553619385
endloop
endfacet
facet normal -0.5608545994965437 0.5181140952474481 -0.6457552961683628
outer loop
vertex -11.22588062286377 53.65109634399414 -7.2478203773498535
vertex -11.87701416015625 54.013980865478516 -6.391138553619385
vertex -11.70583724975586 54.10892868041992 -6.463629722595215
endloop
endfacet
facet normal -0.6847477878180449 0.2661050165083681 -0.6784604537239993
outer loop
vertex -11.7373685836792 52.99046325683594 -7.333621978759766
vertex -14.655192375183105 45.22374725341797 -7.435011386871338
vertex -12.632173538208008 53.03861999511719 -6.411636829376221
endloop
endfacet
facet normal -0.6848992076412233 0.26542970805101695 -0.6785721372532003
outer loop
vertex -12.474135398864746 53.242740631103516 -6.491304874420166
vertex -11.7373685836792 52.99046325683594 -7.333621978759766
vertex -12.632173538208008 53.03861999511719 -6.411636829376221
endloop
endfacet
facet normal -0.6859813424678525 0.26654987588335727 -0.6770382274676738
outer loop
vertex -13.78706169128418 45.118629455566406 -8.35599422454834
vertex -14.655192375183105 45.22374725341797 -7.435011386871338
vertex -11.7373685836792 52.99046325683594 -7.333621978759766
endloop
endfacet
facet normal -0.4449634907683064 0.6379858160972647 -0.6284756083906443
outer loop
vertex -15.320751190185547 43.14638900756836 -8.612143516540527
vertex -15.781593322753906 43.61804962158203 -7.807067394256592
vertex -14.798757553100586 43.563865661621094 -8.557923316955566
endloop
endfacet
facet normal -0.4449634907683064 0.6379858160972647 -0.6284756083906443
outer loop
vertex -15.259599685668945 44.035526275634766 -7.752847194671631
vertex -14.798757553100586 43.563865661621094 -8.557923316955566
vertex -15.781593322753906 43.61804962158203 -7.807067394256592
endloop
endfacet
facet normal -0.547921523275911 0.5367673303432036 -0.6416095677335519
outer loop
vertex -14.885289192199707 44.33488464355469 -7.770689010620117
vertex -14.832310676574707 44.53954315185547 -7.644715309143066
vertex -14.183815002441406 44.21029281616211 -8.473966598510742
endloop
endfacet
facet normal -0.5479182075727493 0.5367733857611443 -0.6416073333034649
outer loop
vertex -14.885289192199707 44.33488464355469 -7.770689010620117
vertex -14.183815002441406 44.21029281616211 -8.473966598510742
vertex -14.55379581451416 43.76322555541992 -8.532031059265137
endloop
endfacet
facet normal -0.6782895095921663 0.29489540022715 -0.6730230635736696
outer loop
vertex -14.7279691696167 44.94261169433594 -7.484848976135254
vertex -14.655192375183105 45.22374725341797 -7.435011386871338
vertex -13.78706169128418 45.118629455566406 -8.35599422454834
endloop
endfacet
facet normal -0.4496648331093731 0.6342082232638961 -0.6289526750155149
outer loop
vertex -14.55379581451416 43.76322555541992 -8.532031059265137
vertex -14.798757553100586 43.563865661621094 -8.557923316955566
vertex -15.073762893676758 44.18415069580078 -7.735842227935791
endloop
endfacet
facet normal -0.6251153381891418 0.42220088395797734 -0.6564885585794907
outer loop
vertex -14.7279691696167 44.94261169433594 -7.484848976135254
vertex -13.908894538879395 44.7203483581543 -8.407722473144531
vertex -14.832310676574707 44.53954315185547 -7.644715309143066
endloop
endfacet
facet normal -0.44966204300100426 0.634209884241345 -0.6289529949167447
outer loop
vertex -15.073762893676758 44.18415069580078 -7.735842227935791
vertex -14.798757553100586 43.563865661621094 -8.557923316955566
vertex -15.259599685668945 44.035526275634766 -7.752847194671631
endloop
endfacet
facet normal -0.547917419233094 0.5367740260726935 -0.6416074708376276
outer loop
vertex -14.55379581451416 43.76322555541992 -8.532031059265137
vertex -15.073762893676758 44.18415069580078 -7.735842227935791
vertex -14.885289192199707 44.33488464355469 -7.770689010620117
endloop
endfacet
facet normal -0.6251154623900267 0.4222002226904169 -0.6564888655880355
outer loop
vertex -14.183815002441406 44.21029281616211 -8.473966598510742
vertex -14.832310676574707 44.53954315185547 -7.644715309143066
vertex -13.908894538879395 44.7203483581543 -8.407722473144531
endloop
endfacet
facet normal -0.6782892503211373 0.29489769290609086 -0.6730223202966262
outer loop
vertex -13.78706169128418 45.118629455566406 -8.35599422454834
vertex -13.908894538879395 44.7203483581543 -8.407722473144531
vertex -14.7279691696167 44.94261169433594 -7.484848976135254
endloop
endfacet
facet normal -0.02263464547746842 0.7927349541664616 -0.6091460951748828
outer loop
vertex -17.105915069580078 43.066043853759766 -7.948015213012695
vertex -17.08458709716797 42.49091339111328 -8.697275161743164
vertex -22.76674461364746 42.88649368286133 -7.971334457397461
endloop
endfacet
facet normal -0.02263502482871919 0.7927333382938706 -0.6091481839490773
outer loop
vertex -22.74541473388672 42.31135940551758 -8.720595359802246
vertex -22.76674461364746 42.88649368286133 -7.971334457397461
vertex -17.08458709716797 42.49091339111328 -8.697275161743164
endloop
endfacet
facet normal -0.20575621704542577 0.7634936031829448 -0.6121616592419683
outer loop
vertex -16.59904670715332 42.538333892822266 -8.691116333007812
vertex -16.445615768432617 43.08698654174805 -8.058402061462402
vertex -16.04095458984375 42.70621871948242 -8.6693115234375
endloop
endfacet
facet normal -0.06947725719197685 0.7903764097176187 -0.6086690740418532
outer loop
vertex -17.105915069580078 43.066043853759766 -7.948015213012695
vertex -16.723854064941406 43.078163146972656 -7.975888729095459
vertex -17.08458709716797 42.49091339111328 -8.697275161743164
endloop
endfacet
facet normal -0.44965897174722136 0.6342118509987554 -0.6289532074645648
outer loop
vertex -15.781593322753906 43.61804962158203 -7.807067394256592
vertex -15.526613235473633 42.978851318359375 -8.633903503417969
vertex -15.937477111816406 43.49338150024414 -7.82133150100708
endloop
endfacet
facet normal -0.33413302318428895 0.7107605691141811 -0.6190109338373699
outer loop
vertex -16.2874813079834 43.21345901489258 -7.953816890716553
vertex -15.937477111816406 43.49338150024414 -7.82133150100708
vertex -15.526613235473633 42.978851318359375 -8.633903503417969
endloop
endfacet
facet normal -0.20575907796469467 0.7634920759606011 -0.6121626024027362
outer loop
vertex -16.2874813079834 43.21345901489258 -7.953816890716553
vertex -16.04095458984375 42.70621871948242 -8.6693115234375
vertex -16.445615768432617 43.08698654174805 -8.058402061462402
endloop
endfacet
facet normal -0.20575238873946672 0.7634937726839673 -0.6121627345737454
outer loop
vertex -16.445615768432617 43.08698654174805 -8.058402061462402
vertex -16.59904670715332 42.538333892822266 -8.691116333007812
vertex -16.723854064941406 43.078163146972656 -7.975888729095459
endloop
endfacet
facet normal -0.06947165961154542 0.7903753871873963 -0.6086710407430198
outer loop
vertex -16.59904670715332 42.538333892822266 -8.691116333007812
vertex -17.08458709716797 42.49091339111328 -8.697275161743164
vertex -16.723854064941406 43.078163146972656 -7.975888729095459
endloop
endfacet
facet normal -0.44966117412262496 0.6342105858753427 -0.6289529086110637
outer loop
vertex -15.320751190185547 43.14638900756836 -8.612143516540527
vertex -15.526613235473633 42.978851318359375 -8.633903503417969
vertex -15.781593322753906 43.61804962158203 -7.807067394256592
endloop
endfacet
facet normal -0.334133163023715 0.7107604137866773 -0.6190110367041599
outer loop
vertex -16.04095458984375 42.70621871948242 -8.6693115234375
vertex -16.2874813079834 43.21345901489258 -7.953816890716553
vertex -15.526613235473633 42.978851318359375 -8.633903503417969
endloop
endfacet
facet normal 0.39103015870871843 0.6754299841195781 -0.6252117653503179
outer loop
vertex -24.08067512512207 43.30447769165039 -7.854546546936035
vertex -24.48468780517578 42.79484176635742 -8.657801628112793
vertex -24.609907150268555 43.65273666381836 -7.8093156814575195
endloop
endfacet
facet normal 0.39103015870871843 0.6754299841195781 -0.6252117653503179
outer loop
vertex -24.48468780517578 42.79484176635742 -8.657801628112793
vertex -25.013919830322266 43.14310073852539 -8.612570762634277
vertex -24.609907150268555 43.65273666381836 -7.8093156814575195
endloop
endfacet
facet normal 0.334130236809378 0.710761765050119 -0.6190110646769963
outer loop
vertex -23.71703338623047 43.065185546875 -7.933020114898682
vertex -23.978759765625 42.526668548583984 -8.692631721496582
vertex -24.08067512512207 43.30447769165039 -7.854546546936035
endloop
endfacet
facet normal 0.20575703189572045 0.7634926704124934 -0.6121625487171388
outer loop
vertex -23.42066764831543 42.35878372192383 -8.714435577392578
vertex -23.71703338623047 43.065185546875 -7.933020114898682
vertex -23.41427230834961 42.8659553527832 -8.07973861694336
endloop
endfacet
facet normal 0.3341324232004326 0.7107613246995561 -0.6190103901208277
outer loop
vertex -23.978759765625 42.526668548583984 -8.692631721496582
vertex -24.48468780517578 42.79484176635742 -8.657801628112793
vertex -24.08067512512207 43.30447769165039 -7.854546546936035
endloop
endfacet
facet normal 0.06947859432781896 0.7903730484300227 -0.6086732861278401
outer loop
vertex -23.42066764831543 42.35878372192383 -8.714435577392578
vertex -22.84027099609375 42.88416290283203 -7.965970516204834
vertex -22.84027099609375 42.302093505859375 -8.721797943115234
endloop
endfacet
facet normal -0.06945915452014839 0.7903741209751872 -0.6086741121043725
outer loop
vertex -22.76674461364746 42.88649368286133 -7.971334457397461
vertex -22.84027099609375 42.302093505859375 -8.721797943115234
vertex -22.84027099609375 42.88416290283203 -7.965970516204834
endloop
endfacet
facet normal 0.2057569460391873 0.7634926686902263 -0.6121625797228244
outer loop
vertex -23.42066764831543 42.35878372192383 -8.714435577392578
vertex -23.978759765625 42.526668548583984 -8.692631721496582
vertex -23.71703338623047 43.065185546875 -7.933020114898682
endloop
endfacet
facet normal 0.06946904983649124 0.7903772927758216 -0.6086688641446828
outer loop
vertex -22.84027099609375 42.88416290283203 -7.965970516204834
vertex -23.42066764831543 42.35878372192383 -8.714435577392578
vertex -23.30259132385254 42.8694953918457 -8.037782669067383
endloop
endfacet
facet normal 0.2057735211478589 0.7634898806382452 -0.6121604856223651
outer loop
vertex -23.41427230834961 42.8659553527832 -8.07973861694336
vertex -23.30259132385254 42.8694953918457 -8.037782669067383
vertex -23.42066764831543 42.35878372192383 -8.714435577392578
endloop
endfacet
facet normal -0.06948985170456051 0.7903738820703251 -0.6086709185193275
outer loop
vertex -22.74541473388672 42.31135940551758 -8.720595359802246
vertex -22.84027099609375 42.302093505859375 -8.721797943115234
vertex -22.76674461364746 42.88649368286133 -7.971334457397461
endloop
endfacet
facet normal 0.6586826770743833 0.34609913025783634 -0.6680961928920812
outer loop
vertex -26.14078712463379 44.527618408203125 -8.432753562927246
vertex -26.43893051147461 45.284889221191406 -8.33440113067627
vertex -25.76494789123535 45.60247039794922 -7.505395889282227
endloop
endfacet
facet normal 0.6586873317858468 0.34609526902502386 -0.6680936039982257
outer loop
vertex -25.597732543945312 45.42302322387695 -7.433494567871094
vertex -26.14078712463379 44.527618408203125 -8.432753562927246
vertex -25.76494789123535 45.60247039794922 -7.505395889282227
endloop
endfacet
facet normal 0.6586850041688692 0.3460977863783765 -0.6680945947596376
outer loop
vertex -25.325138092041016 44.73064041137695 -7.523419380187988
vertex -26.14078712463379 44.527618408203125 -8.432753562927246
vertex -25.597732543945312 45.42302322387695 -7.433494567871094
endloop
endfacet
facet normal 0.4472132838799405 0.6348706246233133 -0.6300314029568082
outer loop
vertex -25.013919830322266 43.14310073852539 -8.612570762634277
vertex -25.473155975341797 43.51445770263672 -8.564339637756348
vertex -25.00246238708496 43.91105651855469 -7.830583572387695
endloop
endfacet
facet normal 0.6264503939525714 0.4156538879825475 -0.6593874045822077
outer loop
vertex -25.15907096862793 44.308834075927734 -7.6315388679504395
vertex -26.118057250976562 44.47158432006836 -8.440031051635742
vertex -25.325138092041016 44.73064041137695 -7.523419380187988
endloop
endfacet
facet normal 0.5479149574381911 0.5367749319539892 -0.6416088152771091
outer loop
vertex -25.00246238708496 43.91105651855469 -7.830583572387695
vertex -25.473155975341797 43.51445770263672 -8.564339637756348
vertex -25.15907096862793 44.308834075927734 -7.6315388679504395
endloop
endfacet
facet normal 0.4509412726029481 0.6335062909884328 -0.6287461713134423
outer loop
vertex -24.609907150268555 43.65273666381836 -7.8093156814575195
vertex -25.013919830322266 43.14310073852539 -8.612570762634277
vertex -25.00246238708496 43.91105651855469 -7.830583572387695
endloop
endfacet
facet normal 0.6251167506031957 0.42220001381951794 -0.6564877732647434
outer loop
vertex -25.843135833740234 43.961524963378906 -8.50627613067627
vertex -26.118057250976562 44.47158432006836 -8.440031051635742
vertex -25.15907096862793 44.308834075927734 -7.6315388679504395
endloop
endfacet
facet normal 0.6560366731046428 0.3527716500620094 -0.6672091474600145
outer loop
vertex -26.118057250976562 44.47158432006836 -8.440031051635742
vertex -26.14078712463379 44.527618408203125 -8.432753562927246
vertex -25.325138092041016 44.73064041137695 -7.523419380187988
endloop
endfacet
facet normal 0.5479193488393715 0.5367718347190958 -0.6416076562976276
outer loop
vertex -25.473155975341797 43.51445770263672 -8.564339637756348
vertex -25.843135833740234 43.961524963378906 -8.50627613067627
vertex -25.15907096862793 44.308834075927734 -7.6315388679504395
endloop
endfacet
facet normal 0.5193203187613517 0.5669754753035399 -0.6394100538198733
outer loop
vertex -28.47074317932129 48.506141662597656 -7.128274440765381
vertex -26.43893051147461 45.284889221191406 -8.33440113067627
vertex -28.631216049194336 48.57622528076172 -7.1964640617370605
endloop
endfacet
facet normal 0.5193215942398721 0.5669758514090646 -0.6394086843913864
outer loop
vertex -26.43893051147461 45.284889221191406 -8.33440113067627
vertex -29.049243927001953 48.086097717285156 -7.970587730407715
vertex -28.631216049194336 48.57622528076172 -7.1964640617370605
endloop
endfacet
facet normal 0.519320741197955 0.5669755788969227 -0.6394096188642346
outer loop
vertex -26.43893051147461 45.284889221191406 -8.33440113067627
vertex -28.47074317932129 48.506141662597656 -7.128274440765381
vertex -25.76494789123535 45.60247039794922 -7.505395889282227
endloop
endfacet
facet normal 0.2849972892271503 0.7328116320692725 -0.617870259065077
outer loop
vertex -28.631216049194336 48.57622528076172 -7.1964640617370605
vertex -29.049243927001953 48.086097717285156 -7.970587730407715
vertex -29.610809326171875 49.00404739379883 -7.140899658203125
endloop
endfacet
facet normal 0.2849953857335824 0.7328114530599728 -0.6178713493719367
outer loop
vertex -29.049243927001953 48.086097717285156 -7.970587730407715
vertex -29.67420768737793 49.00423049926758 -7.169925212860107
vertex -29.610809326171875 49.00404739379883 -7.140899658203125
endloop
endfacet
facet normal 0.2849978821046216 0.73281179475904 -0.6178697926407429
outer loop
vertex -29.049243927001953 48.086097717285156 -7.970587730407715
vertex -29.817354202270508 48.42155838012695 -7.927019119262695
vertex -29.67420768737793 49.00423049926758 -7.169925212860107
endloop
endfacet
facet normal 0.0020525375908823015 0.7922868797188705 -0.6101453001660951
outer loop
vertex -29.817354202270508 48.42155838012695 -7.927019119262695
vertex -58.15436553955078 49.086212158203125 -7.15927791595459
vertex -29.67420768737793 49.00423049926758 -7.169925212860107
endloop
endfacet
facet normal 0.002052432801535213 0.7922876397901389 -0.6101443135483328
outer loop
vertex -67.64102935791016 48.53043746948242 -7.912878036499023
vertex -67.76880645751953 49.113887786865234 -7.1556830406188965
vertex -60.13486862182617 48.89400100708008 -7.415532112121582
endloop
endfacet
facet normal 0.0020526217705117895 0.7922883152048806 -0.6101434358687134
outer loop
vertex -29.817354202270508 48.42155838012695 -7.927019119262695
vertex -58.17329788208008 48.89400100708008 -7.408933162689209
vertex -58.15436553955078 49.086212158203125 -7.15927791595459
endloop
endfacet
facet normal 0.0020526738308982388 0.7922896041844575 -0.6101417619138847
outer loop
vertex -29.817354202270508 48.42155838012695 -7.927019119262695
vertex -58.230201721191406 48.7064094543457 -7.652718544006348
vertex -58.17329788208008 48.89400100708008 -7.408933162689209
endloop
endfacet
facet normal 0.0020524892829547688 0.7922814246543813 -0.6101523837824179
outer loop
vertex -29.817354202270508 48.42155838012695 -7.927019119262695
vertex -58.32261276245117 48.53351974487305 -7.87752628326416
vertex -58.230201721191406 48.7064094543457 -7.652718544006348
endloop
endfacet
facet normal 0.0020526650607186046 0.7923098564696416 -0.6101154627668475
outer loop
vertex -29.817354202270508 48.42155838012695 -7.927019119262695
vertex -58.34709930419922 48.503684997558594 -7.91635274887085
vertex -58.32261276245117 48.53351974487305 -7.87752628326416
endloop
endfacet
facet normal 0.002052238863583486 0.7922849835449932 -0.6101477633858513
outer loop
vertex -60.13486862182617 48.89400100708008 -7.415532112121582
vertex -67.76880645751953 49.113887786865234 -7.1556830406188965
vertex -60.154083251953125 49.08909225463867 -7.162268161773682
endloop
endfacet
facet normal 0.00205225412872476 0.7922889687685939 -0.6101425884337115
outer loop
vertex -60.07796096801758 48.7064094543457 -7.658934116363525
vertex -67.64102935791016 48.53043746948242 -7.912878036499023
vertex -60.13486862182617 48.89400100708008 -7.415532112121582
endloop
endfacet
facet normal 0.002052721118454782 0.7922819841534513 -0.6101516564935971
outer loop
vertex -59.98555374145508 48.53351974487305 -7.883120536804199
vertex -67.64102935791016 48.53043746948242 -7.912878036499023
vertex -60.07796096801758 48.7064094543457 -7.658934116363525
endloop
endfacet
facet normal 0.0020525098011171827 0.7923207560777368 -0.6101013085479492
outer loop
vertex -59.96488571166992 48.50834274291992 -7.91574764251709
vertex -67.64102935791016 48.53043746948242 -7.912878036499023
vertex -59.98555374145508 48.53351974487305 -7.883120536804199
endloop
endfacet
facet normal -0.2599696431318654 0.7431790012588185 -0.6165231193863175
outer loop
vertex -67.64102935791016 48.53043746948242 -7.912878036499023
vertex -68.7393569946289 48.7557373046875 -7.178161144256592
vertex -67.82540130615234 49.114051818847656 -7.131624221801758
endloop
endfacet
facet normal -0.2599676301877075 0.7431815526610707 -0.6165208926215459
outer loop
vertex -67.64102935791016 48.53043746948242 -7.912878036499023
vertex -68.35777282714844 48.24944305419922 -7.9493727684021
vertex -68.7393569946289 48.7557373046875 -7.178161144256592
endloop
endfacet
facet normal -0.2599339814031758 0.7431910129559653 -0.616523676409414
outer loop
vertex -67.64102935791016 48.53043746948242 -7.912878036499023
vertex -67.82540130615234 49.114051818847656 -7.131624221801758
vertex -67.76880645751953 49.113887786865234 -7.1556830406188965
endloop
endfacet
facet normal -0.48421759617690974 0.6020808971167506 -0.6348479446920686
outer loop
vertex -68.35777282714844 48.24944305419922 -7.9493727684021
vertex -71.16046142578125 45.63774871826172 -8.288572311401367
vertex -71.80018615722656 45.984596252441406 -7.471689701080322
endloop
endfacet
facet normal -0.4842178531769822 0.6020814370918265 -0.6348472365649199
outer loop
vertex -68.35777282714844 48.24944305419922 -7.9493727684021
vertex -71.80018615722656 45.984596252441406 -7.471689701080322
vertex -68.88959503173828 48.69683837890625 -7.119431018829346
endloop
endfacet
facet normal -0.4842111272389982 0.6020877834702733 -0.6348463477517942
outer loop
vertex -68.7393569946289 48.7557373046875 -7.178161144256592
vertex -68.35777282714844 48.24944305419922 -7.9493727684021
vertex -68.88959503173828 48.69683837890625 -7.119431018829346
endloop
endfacet
facet normal -0.6491106783656037 0.36919176147853894 -0.6650960610980338
outer loop
vertex -71.16046142578125 45.63774871826172 -8.288572311401367
vertex -71.97537994384766 45.821346282958984 -7.391325950622559
vertex -71.80018615722656 45.984596252441406 -7.471689701080322
endloop
endfacet
facet normal -0.6491159658870898 0.36917864748055684 -0.6650981800267515
outer loop
vertex -71.16046142578125 45.63774871826172 -8.288572311401367
vertex -72.3645248413086 44.92812728881836 -7.5073347091674805
vertex -71.97537994384766 45.821346282958984 -7.391325950622559
endloop
endfacet
facet normal -0.6491160926273088 0.3691795505959242 -0.6650975550353846
outer loop
vertex -71.16046142578125 45.63774871826172 -8.288572311401367
vertex -71.49858856201172 44.86163330078125 -8.389372825622559
vertex -72.3645248413086 44.92812728881836 -7.5073347091674805
endloop
endfacet
facet normal -0.7071078661854083 0.09180715059545344 -0.7011204694474854
outer loop
vertex -72.3645248413086 44.92812728881836 -7.5073347091674805
vertex -71.49858856201172 44.86163330078125 -8.389372825622559
vertex -72.47338104248047 44.678253173828125 -7.430268287658691
endloop
endfacet
facet normal -0.7071083442042994 0.09182321755137798 -0.7011178832943619
outer loop
vertex -71.49858856201172 44.86163330078125 -8.389372825622559
vertex -72.58096313476562 -54.90431594848633 -20.363784790039062
vertex -72.47338104248047 44.678253173828125 -7.430268287658691
endloop
endfacet
facet normal -0.7071074368403661 0.09182331599653576 -0.7011187855167254
outer loop
vertex -71.49858856201172 44.86163330078125 -8.389372825622559
vertex -71.60603332519531 -54.5975341796875 -21.30686378479004
vertex -72.58096313476562 -54.90431594848633 -20.363784790039062
endloop
endfacet
facet normal -0.6588241390973436 -0.163602476012258 -0.734292165003347
outer loop
vertex -71.60603332519531 -54.5975341796875 -21.30686378479004
vertex -71.32271575927734 -55.31829833984375 -21.400474548339844
vertex -72.16409301757812 -55.96562576293945 -20.501344680786133
endloop
endfacet
facet normal -0.6874519808150517 -0.13924443099981604 -0.7127557523506908
outer loop
vertex -72.16409301757812 -55.96562576293945 -20.501344680786133
vertex -72.23829650878906 -56.0338134765625 -20.416454315185547
vertex -71.60603332519531 -54.5975341796875 -21.30686378479004
endloop
endfacet
facet normal -0.658825634660054 -0.16359327463498383 -0.7342928731841128
outer loop
vertex -71.60603332519531 -54.5975341796875 -21.30686378479004
vertex -72.58124542236328 -55.16135025024414 -20.30626678466797
vertex -72.58096313476562 -54.90431594848633 -20.363784790039062
endloop
endfacet
facet normal -0.6578870436106874 -0.1658225891273326 -0.7346342673632215
outer loop
vertex -71.60603332519531 -54.5975341796875 -21.30686378479004
vertex -72.23829650878906 -56.0338134765625 -20.416454315185547
vertex -72.58124542236328 -55.16135025024414 -20.30626678466797
endloop
endfacet
facet normal -0.5193236327949871 -0.3848328665207135 -0.7630246583604413
outer loop
vertex -69.39881896972656 -59.1900749206543 -20.757164001464844
vertex -71.32271575927734 -55.31829833984375 -21.400474548339844
vertex -69.29138946533203 -59.04841232299805 -20.901729583740234
endloop
endfacet
facet normal -0.5193203584917588 -0.38483147521116856 -0.7630275885856204
outer loop
vertex -68.71260070800781 -58.119285583496094 -21.764259338378906
vertex -69.29138946533203 -59.04841232299805 -20.901729583740234
vertex -71.32271575927734 -55.31829833984375 -21.400474548339844
endloop
endfacet
facet normal -0.5193232320645715 -0.3848318493265345 -0.7630254441248513
outer loop
vertex -72.16409301757812 -55.96562576293945 -20.501344680786133
vertex -71.32271575927734 -55.31829833984375 -21.400474548339844
vertex -72.16409301757812 -56.222572326660156 -20.371753692626953
endloop
endfacet
facet normal -0.5193226231133597 -0.38483250895220655 -0.7630255259008111
outer loop
vertex -69.39881896972656 -59.1900749206543 -20.757164001464844
vertex -72.16409301757812 -56.222572326660156 -20.371753692626953
vertex -71.32271575927734 -55.31829833984375 -21.400474548339844
endloop
endfacet
facet normal -0.5192947693420018 -0.3848396380375668 -0.7630408871935708
outer loop
vertex -72.16409301757812 -55.96562576293945 -20.501344680786133
vertex -72.16409301757812 -56.222572326660156 -20.371753692626953
vertex -72.23829650878906 -56.0338134765625 -20.416454315185547
endloop
endfacet
facet normal -0.41105765751218415 -0.47948590132964664 -0.775322431396572
outer loop
vertex -69.39881896972656 -59.1900749206543 -20.757164001464844
vertex -69.29138946533203 -59.04841232299805 -20.901729583740234
vertex -69.37503051757812 -59.215606689453125 -20.753986358642578
endloop
endfacet
facet normal -0.285532648614942 -0.5504336284440223 -0.7845342103776508
outer loop
vertex -68.71260070800781 -58.119285583496094 -21.764259338378906
vertex -67.94635009765625 -58.45468521118164 -21.807819366455078
vertex -68.15408325195312 -59.546226501464844 -20.96638298034668
endloop
endfacet
facet normal -0.2855314836728031 -0.550432987210246 -0.7845350842520766
outer loop
vertex -68.71260070800781 -58.119285583496094 -21.764259338378906
vertex -68.21964263916016 -59.774478912353516 -20.782381057739258
vertex -69.29138946533203 -59.305362701416016 -20.721452713012695
endloop
endfacet
facet normal -0.2855349313082396 -0.5504312643565332 -0.7845350382370868
outer loop
vertex -69.29138946533203 -59.04841232299805 -20.901729583740234
vertex -68.71260070800781 -58.119285583496094 -21.764259338378906
vertex -69.29138946533203 -59.305362701416016 -20.721452713012695
endloop
endfacet
facet normal -0.2855161328646163 -0.5504344810063689 -0.7845396229594042
outer loop
vertex -69.29138946533203 -59.04841232299805 -20.901729583740234
vertex -69.29138946533203 -59.305362701416016 -20.721452713012695
vertex -69.37503051757812 -59.215606689453125 -20.753986358642578
endloop
endfacet
facet normal -0.2855252068344861 -0.5504326240873292 -0.7845376234461039
outer loop
vertex -68.15408325195312 -59.546226501464844 -20.96638298034668
vertex -68.21964263916016 -59.774478912353516 -20.782381057739258
vertex -68.71260070800781 -58.119285583496094 -21.764259338378906
endloop
endfacet
facet normal -0.0989461100447252 -0.60714265625035 -0.7884081825224079
outer loop
vertex -68.21964263916016 -59.774478912353516 -20.782381057739258
vertex -68.15408325195312 -59.546226501464844 -20.96638298034668
vertex -68.15408325195312 -59.80317687988281 -20.768508911132812
endloop
endfacet
facet normal -0.0032497382523566606 -0.6101348211381216 -0.7922909435529625
outer loop
vertex -68.15408325195312 -59.546226501464844 -20.96638298034668
vertex -67.94635009765625 -58.45468521118164 -21.807819366455078
vertex -47.67161560058594 -59.895755767822266 -20.781227111816406
endloop
endfacet
facet normal -0.003249706546424907 -0.6101335015464167 -0.7922919598847832
outer loop
vertex -68.15408325195312 -59.80317687988281 -20.768508911132812
vertex -68.15408325195312 -59.546226501464844 -20.96638298034668
vertex -47.67161560058594 -59.895755767822266 -20.781227111816406
endloop
endfacet
facet normal -0.003269137547736968 -0.6103110152686262 -0.7921551472921657
outer loop
vertex -47.67161560058594 -59.895755767822266 -20.781227111816406
vertex -67.94635009765625 -58.45468521118164 -21.807819366455078
vertex -47.66613006591797 -58.547645568847656 -21.81989288330078
endloop
endfacet
facet normal -0.39830155830853914 -0.48871655428409305 -0.7762164635059429
outer loop
vertex -46.662559509277344 -60.16637420654297 -20.853321075439453
vertex -46.006038665771484 -59.06046676635742 -21.886497497558594
vertex -46.159244537353516 -60.50642776489258 -20.897485733032227
endloop
endfacet
facet normal -0.39830155830853914 -0.48871655428409305 -0.7762164635059429
outer loop
vertex -46.159244537353516 -60.50642776489258 -20.897485733032227
vertex -46.006038665771484 -59.06046676635742 -21.886497497558594
vertex -45.502723693847656 -59.40052032470703 -21.930662155151367
endloop
endfacet
facet normal -0.33965545163060834 -0.526491714221957 -0.7793847888130949
outer loop
vertex -46.974945068359375 -59.955318450927734 -20.859756469726562
vertex -46.006038665771484 -59.06046676635742 -21.886497497558594
vertex -46.662559509277344 -60.16637420654297 -20.853321075439453
endloop
endfacet
facet normal -0.2057711383881866 -0.5817836755616391 -0.7868837229581122
outer loop
vertex -47.05900955200195 -59.898521423339844 -20.8797664642334
vertex -46.54119873046875 -58.77089309692383 -21.848888397216797
vertex -46.974945068359375 -59.955318450927734 -20.859756469726562
endloop
endfacet
facet normal -0.0694693170975898 -0.6086707432367595 -0.7903758221944832
outer loop
vertex -47.67161560058594 -59.895755767822266 -20.781227111816406
vertex -47.66613006591797 -58.547645568847656 -21.81989288330078
vertex -47.32854461669922 -59.89730453491211 -20.81018829345703
endloop
endfacet
facet normal -0.06947456879254252 -0.608671357557654 -0.7903748874932787
outer loop
vertex -47.66613006591797 -58.547645568847656 -21.81989288330078
vertex -47.09928894042969 -58.60300827026367 -21.827083587646484
vertex -47.32854461669922 -59.89730453491211 -20.81018829345703
endloop
endfacet
facet normal -0.2057539654652298 -0.5817896471689197 -0.7868837983733029
outer loop
vertex -47.09928894042969 -58.60300827026367 -21.827083587646484
vertex -47.05900955200195 -59.898521423339844 -20.8797664642334
vertex -47.32854461669922 -59.89730453491211 -20.81018829345703
endloop
endfacet
facet normal -0.3396555340490373 -0.5264916407320654 -0.7793848025392341
outer loop
vertex -46.006038665771484 -59.06046676635742 -21.886497497558594
vertex -46.974945068359375 -59.955318450927734 -20.859756469726562
vertex -46.54119873046875 -58.77089309692383 -21.848888397216797
endloop
endfacet
facet normal -0.20575781604762225 -0.5817892469952737 -0.7868830873871832
outer loop
vertex -47.09928894042969 -58.60300827026367 -21.827083587646484
vertex -46.54119873046875 -58.77089309692383 -21.848888397216797
vertex -47.05900955200195 -59.898521423339844 -20.8797664642334
endloop
endfacet
facet normal -0.673234269908233 -0.20321427574782103 -0.7109568031557312
outer loop
vertex -45.407955169677734 -61.265235900878906 -21.09778594970703
vertex -45.20355987548828 -61.50986099243164 -21.22141456604004
vertex -45.27262496948242 -61.59733200073242 -21.131011962890625
endloop
endfacet
facet normal -0.6539460675494649 -0.17435263139509483 -0.7361764059396341
outer loop
vertex -45.20355987548828 -61.50986099243164 -21.22141456604004
vertex -45.407955169677734 -61.265235900878906 -21.09778594970703
vertex -44.4107666015625 -60.7491455078125 -22.105817794799805
endloop
endfacet
facet normal -0.5467254417671424 -0.353897815735529 -0.7588462474982297
outer loop
vertex -44.702735900878906 -60.19754409790039 -22.034177780151367
vertex -45.54922103881836 -60.918575286865234 -21.088048934936523
vertex -45.072715759277344 -59.7504768371582 -21.97611427307129
endloop
endfacet
facet normal -0.4496639690305224 -0.4525040561359425 -0.7700924581738462
outer loop
vertex -45.502723693847656 -59.40052032470703 -21.930662155151367
vertex -45.072715759277344 -59.7504768371582 -21.97611427307129
vertex -46.159244537353516 -60.50642776489258 -20.897485733032227
endloop
endfacet
facet normal -0.6267321926812126 -0.23452402425230542 -0.7431051343554984
outer loop
vertex -44.42781448364258 -60.707603454589844 -22.100421905517578
vertex -45.407955169677734 -61.265235900878906 -21.09778594970703
vertex -45.54922103881836 -60.918575286865234 -21.088048934936523
endloop
endfacet
facet normal -0.5532068364805431 -0.34929920628407546 -0.7562752544943571
outer loop
vertex -45.54922103881836 -60.918575286865234 -21.088048934936523
vertex -45.878387451171875 -60.69618225097656 -20.949983596801758
vertex -45.072715759277344 -59.7504768371582 -21.97611427307129
endloop
endfacet
facet normal -0.6251149637284668 -0.2404962577266479 -0.7425583021838995
outer loop
vertex -45.54922103881836 -60.918575286865234 -21.088048934936523
vertex -44.702735900878906 -60.19754409790039 -22.034177780151367
vertex -44.42781448364258 -60.707603454589844 -22.100421905517578
endloop
endfacet
facet normal -0.6544901277294481 -0.17298649292598145 -0.7360151805294916
outer loop
vertex -45.407955169677734 -61.265235900878906 -21.09778594970703
vertex -44.42781448364258 -60.707603454589844 -22.100421905517578
vertex -44.4107666015625 -60.7491455078125 -22.105817794799805
endloop
endfacet
facet normal -0.449667063937892 -0.452500233893754 -0.7700928969517725
outer loop
vertex -45.072715759277344 -59.7504768371582 -21.97611427307129
vertex -45.878387451171875 -60.69618225097656 -20.949983596801758
vertex -46.159244537353516 -60.50642776489258 -20.897485733032227
endloop
endfacet
facet normal -0.39679513869300476 -0.48932936397480953 -0.7766018229837008
outer loop
vertex -45.20355987548828 -61.766807556152344 -21.05951499938965
vertex -45.27262496948242 -61.59733200073242 -21.131011962890625
vertex -45.20355987548828 -61.50986099243164 -21.22141456604004
endloop
endfacet
facet normal -0.39680812384109215 -0.48932637153506797 -0.7765970737609287
outer loop
vertex -45.20355987548828 -61.50986099243164 -21.22141456604004
vertex -44.4107666015625 -60.7491455078125 -22.105817794799805
vertex -45.20355987548828 -61.766807556152344 -21.05951499938965
endloop
endfacet
facet normal -0.3968068083881514 -0.4893265678160871 -0.7765976222253951
outer loop
vertex -44.4107666015625 -60.7491455078125 -22.105817794799805
vertex -43.38595962524414 -61.43816375732422 -22.19530487060547
vertex -43.68532180786133 -62.53063201904297 -21.35399055480957
endloop
endfacet
facet normal -0.3968004626763743 -0.4893256074672711 -0.7766014696719298
outer loop
vertex -43.68532180786133 -62.53063201904297 -21.35399055480957
vertex -43.76993942260742 -62.730690002441406 -21.184701919555664
vertex -44.4107666015625 -60.7491455078125 -22.105817794799805
endloop
endfacet
facet normal -0.396808421228018 -0.48932613613170733 -0.7765970701341472
outer loop
vertex -44.4107666015625 -60.7491455078125 -22.105817794799805
vertex -43.76993942260742 -62.730690002441406 -21.184701919555664
vertex -45.20355987548828 -61.766807556152344 -21.05951499938965
endloop
endfacet
facet normal -0.20753148840495797 -0.5792624020404947 -0.7882802489614331
outer loop
vertex -43.76993942260742 -62.730690002441406 -21.184701919555664
vertex -43.68532180786133 -62.53063201904297 -21.35399055480957
vertex -43.71689224243164 -62.766353607177734 -21.172460556030273
endloop
endfacet
facet normal -0.0000030757607639321504 -0.6101461011919385 -0.7922889215373495
outer loop
vertex 58.641056060791016 -62.78757858276367 -21.15611457824707
vertex 58.23834991455078 -61.43816375732422 -22.19530487060547
vertex 58.641056060791016 -62.53063201904297 -21.35399055480957
endloop
endfacet
facet normal 2.845042544183693e-9 -0.6101453899798875 -0.7922894692511638
outer loop
vertex -43.68532180786133 -62.53063201904297 -21.35399055480957
vertex -43.38595962524414 -61.43816375732422 -22.19530487060547
vertex 58.641056060791016 -62.78757858276367 -21.15611457824707
endloop
endfacet
facet normal 0 -0.6101461011948246 -0.7922889215410973
outer loop
vertex -43.68532180786133 -62.78757858276367 -21.15611457824707
vertex -43.68532180786133 -62.53063201904297 -21.35399055480957
vertex 58.641056060791016 -62.78757858276367 -21.15611457824707
endloop
endfacet
facet normal 0 -0.6101455250086082 -0.7922893652649704
outer loop
vertex 58.641056060791016 -62.78757858276367 -21.15611457824707
vertex -43.38595962524414 -61.43816375732422 -22.19530487060547
vertex 58.23834991455078 -61.43816375732422 -22.19530487060547
endloop
endfacet
facet normal 0.000012702000433723363 -0.6101461011456037 -0.792288921477183
outer loop
vertex -43.71689224243164 -62.766353607177734 -21.172460556030273
vertex -43.68532180786133 -62.53063201904297 -21.35399055480957
vertex -43.68532180786133 -62.78757858276367 -21.15611457824707
endloop
endfacet
facet normal -0.000014969390198825564 -0.610146101126463 -0.7922889214523281
outer loop
vertex 58.641056060791016 -62.78757858276367 -21.15611457824707
vertex 58.641056060791016 -62.53063201904297 -21.35399055480957
vertex 58.679779052734375 -62.74933624267578 -21.185565948486328
endloop
endfacet
facet normal 0.269963366790985 -0.5570311494167635 -0.7853891259562455
outer loop
vertex 58.641056060791016 -62.53063201904297 -21.35399055480957
vertex 58.73605728149414 -62.693748474121094 -21.205646514892578
vertex 58.679779052734375 -62.74933624267578 -21.185565948486328
endloop
endfacet
facet normal 0 -1 0
outer loop
vertex 20.61937141418457 -61.28757858276367 -3.450000047683716
vertex 22.86937141418457 -61.28757858276367 -5.699999809265137
vertex 32.6193733215332 -61.28757858276367 -3.450000047683716
endloop
endfacet
facet normal 0 -1 0
outer loop
vertex 31.36937141418457 -61.28757858276367 -6.699999809265137
vertex 32.6193733215332 -61.28757858276367 -11.449999809265137
vertex 32.6193733215332 -61.28757858276367 -3.450000047683716
endloop
endfacet
facet normal 0 0 1
outer loop
vertex 32.6193733215332 -61.28757858276367 -11.449999809265137
vertex 20.61937141418457 -62.78757858276367 -11.449999809265137
vertex 32.6193733215332 -62.78757858276367 -11.449999809265137
endloop
endfacet
facet normal -0.19509040787318935 0 0.9807852633251952
outer loop
vertex 32.6193733215332 -62.78757858276367 -11.449999809265137
vertex 33.193397521972656 -62.78757858276367 -11.335819244384766
vertex 33.193397521972656 -61.28757858276367 -11.335819244384766
endloop
endfacet
facet normal -0.19509040787318935 0 0.9807852633251952
outer loop
vertex 32.6193733215332 -61.28757858276367 -11.449999809265137
vertex 32.6193733215332 -62.78757858276367 -11.449999809265137
vertex 33.193397521972656 -61.28757858276367 -11.335819244384766
endloop
endfacet
facet normal -0.5555715285918136 0 0.8314687466274098
outer loop
vertex 33.193397521972656 -62.78757858276367 -11.335819244384766
vertex 33.680030822753906 -62.78757858276367 -11.010660171508789
vertex 33.680030822753906 -61.28757858276367 -11.010660171508789
endloop
endfacet
facet normal -0.5555715285918136 0 0.8314687466274098
outer loop
vertex 33.193397521972656 -61.28757858276367 -11.335819244384766
vertex 33.193397521972656 -62.78757858276367 -11.335819244384766
vertex 33.680030822753906 -61.28757858276367 -11.010660171508789
endloop
endfacet
facet normal 0.19509040787318935 0 0.9807852633251952
outer loop
vertex 20.61937141418457 -61.28757858276367 -11.449999809265137
vertex 20.045347213745117 -62.78757858276367 -11.335819244384766
vertex 20.61937141418457 -62.78757858276367 -11.449999809265137
endloop
endfacet
facet normal 0.5555700231666056 0 0.8314697525217963
outer loop
vertex 19.558712005615234 -62.78757858276367 -11.010660171508789
vertex 20.045347213745117 -61.28757858276367 -11.335819244384766
vertex 19.558712005615234 -61.28757858276367 -11.010660171508789
endloop
endfacet
facet normal 0.5555700231666056 0 0.8314697525217963
outer loop
vertex 19.558712005615234 -62.78757858276367 -11.010660171508789
vertex 20.045347213745117 -62.78757858276367 -11.335819244384766
vertex 20.045347213745117 -61.28757858276367 -11.335819244384766
endloop
endfacet
facet normal 0.8314697525217963 0 0.5555700231666056
outer loop
vertex 19.233552932739258 -62.78757858276367 -10.524024963378906
vertex 19.558712005615234 -62.78757858276367 -11.010660171508789
vertex 19.558712005615234 -61.28757858276367 -11.010660171508789
endloop
endfacet
facet normal 0.8314697525217963 0 0.5555700231666056
outer loop
vertex 19.233552932739258 -62.78757858276367 -10.524024963378906
vertex 19.558712005615234 -61.28757858276367 -11.010660171508789
vertex 19.233552932739258 -61.28757858276367 -10.524024963378906
endloop
endfacet
facet normal 0.9807850135586839 0 0.1950916635294606
outer loop
vertex 19.11937141418457 -62.78757858276367 -9.949999809265137
vertex 19.233552932739258 -62.78757858276367 -10.524024963378906
vertex 19.233552932739258 -61.28757858276367 -10.524024963378906
endloop
endfacet
facet normal 0.9807850135586839 0 0.1950916635294606
outer loop
vertex 19.11937141418457 -62.78757858276367 -9.949999809265137
vertex 19.233552932739258 -61.28757858276367 -10.524024963378906
vertex 19.11937141418457 -61.28757858276367 -9.949999809265137
endloop
endfacet
facet normal 0 -1 0
outer loop
vertex 20.045347213745117 -61.28757858276367 -11.335819244384766
vertex 20.61937141418457 -61.28757858276367 -11.449999809265137
vertex 20.045347213745117 -61.28757858276367 -3.564180612564087
endloop
endfacet
facet normal 0 -1 0
outer loop
vertex 19.558712005615234 -61.28757858276367 -11.010660171508789
vertex 20.045347213745117 -61.28757858276367 -11.335819244384766
vertex 19.558712005615234 -61.28757858276367 -3.8893399238586426
endloop
endfacet
facet normal 0 -1 0
outer loop
vertex 19.233552932739258 -61.28757858276367 -10.524024963378906
vertex 19.558712005615234 -61.28757858276367 -11.010660171508789
vertex 19.233552932739258 -61.28757858276367 -4.375974655151367
endloop
endfacet
facet normal 0 -1 0
outer loop
vertex 19.11937141418457 -61.28757858276367 -9.949999809265137
vertex 19.233552932739258 -61.28757858276367 -10.524024963378906
vertex 19.11937141418457 -61.28757858276367 -4.949999809265137
endloop
endfacet
facet normal 1 0 0
outer loop
vertex 19.11937141418457 -62.78757858276367 -4.949999809265137
vertex 19.11937141418457 -62.78757858276367 -9.949999809265137
vertex 19.11937141418457 -61.28757858276367 -9.949999809265137
endloop
endfacet
facet normal 1 0 0
outer loop
vertex 19.11937141418457 -62.78757858276367 -4.949999809265137
vertex 19.11937141418457 -61.28757858276367 -9.949999809265137
vertex 19.11937141418457 -61.28757858276367 -4.949999809265137
endloop
endfacet
facet normal 0 -1 0
outer loop
vertex 19.11937141418457 -61.28757858276367 -4.949999809265137
vertex 19.233552932739258 -61.28757858276367 -10.524024963378906
vertex 19.233552932739258 -61.28757858276367 -4.375974655151367
endloop
endfacet
facet normal 0 -1 0
outer loop
vertex 19.233552932739258 -61.28757858276367 -4.375974655151367
vertex 19.558712005615234 -61.28757858276367 -11.010660171508789
vertex 19.558712005615234 -61.28757858276367 -3.8893399238586426
endloop
endfacet
facet normal 0 -1 0
outer loop
vertex 19.558712005615234 -61.28757858276367 -3.8893399238586426
vertex 20.045347213745117 -61.28757858276367 -11.335819244384766
vertex 20.045347213745117 -61.28757858276367 -3.564180612564087
endloop
endfacet
facet normal 0 -1 0
outer loop
vertex 20.61937141418457 -61.28757858276367 -11.449999809265137
vertex 22.86937141418457 -61.28757858276367 -9.199999809265137
vertex 22.4866886138916 -61.28757858276367 -9.123879432678223
endloop
endfacet
facet normal 0 -1 0
outer loop
vertex 20.61937141418457 -61.28757858276367 -11.449999809265137
vertex 22.4866886138916 -61.28757858276367 -9.123879432678223
vertex 22.16226577758789 -61.28757858276367 -8.907106399536133
endloop
endfacet
facet normal 0 -1 0
outer loop
vertex 22.86937141418457 -61.28757858276367 -9.199999809265137
vertex 20.61937141418457 -61.28757858276367 -11.449999809265137
vertex 30.36937141418457 -61.28757858276367 -9.199999809265137
endloop
endfacet
facet normal 0 -1 0
outer loop
vertex 30.36937141418457 -61.28757858276367 -9.199999809265137
vertex 20.61937141418457 -61.28757858276367 -11.449999809265137
vertex 32.6193733215332 -61.28757858276367 -11.449999809265137
endloop
endfacet
facet normal 0 -1 0
outer loop
vertex 20.61937141418457 -61.28757858276367 -11.449999809265137
vertex 22.16226577758789 -61.28757858276367 -8.907106399536133
vertex 21.945491790771484 -61.28757858276367 -8.582683563232422
endloop
endfacet
facet normal 0 -1 0
outer loop
vertex 20.61937141418457 -61.28757858276367 -11.449999809265137
vertex 21.945491790771484 -61.28757858276367 -8.582683563232422
vertex 21.86937141418457 -61.28757858276367 -8.199999809265137
endloop
endfacet
facet normal 0 0 -1
outer loop
vertex 32.6193733215332 -62.78757858276367 -3.450000047683716
vertex 20.61937141418457 -61.28757858276367 -3.450000047683716
vertex 32.6193733215332 -61.28757858276367 -3.450000047683716
endloop
endfacet
facet normal 0 -1 0
outer loop
vertex 31.36937141418457 -61.28757858276367 -6.699999809265137
vertex 32.6193733215332 -61.28757858276367 -3.450000047683716
vertex 31.293251037597656 -61.28757858276367 -6.31731653213501
endloop
endfacet
facet normal 0 -1 0
outer loop
vertex 31.076478958129883 -61.28757858276367 -5.992893218994141
vertex 31.293251037597656 -61.28757858276367 -6.31731653213501
vertex 32.6193733215332 -61.28757858276367 -3.450000047683716
endloop
endfacet
facet normal 0 -1 0
outer loop
vertex 30.75205421447754 -61.28757858276367 -5.776120662689209
vertex 31.076478958129883 -61.28757858276367 -5.992893218994141
vertex 32.6193733215332 -61.28757858276367 -3.450000047683716
endloop
endfacet
facet normal 0 -1 0
outer loop
vertex 32.6193733215332 -61.28757858276367 -3.450000047683716
vertex 30.36937141418457 -61.28757858276367 -5.699999809265137
vertex 30.75205421447754 -61.28757858276367 -5.776120662689209
endloop
endfacet
facet normal -0.9807850135586839 0 -0.1950916635294606
outer loop
vertex 34.1193733215332 -61.28757858276367 -4.949999809265137
vertex 34.1193733215332 -62.78757858276367 -4.949999809265137
vertex 34.005191802978516 -61.28757858276367 -4.375974655151367
endloop
endfacet
facet normal -0.9807850135586839 0 -0.1950916635294606
outer loop
vertex 34.005191802978516 -61.28757858276367 -4.375974655151367
vertex 34.1193733215332 -62.78757858276367 -4.949999809265137
vertex 34.005191802978516 -62.78757858276367 -4.375974655151367
endloop
endfacet
facet normal 0.19509040787318935 0 -0.9807852633251952
outer loop
vertex 20.61937141418457 -62.78757858276367 -3.450000047683716
vertex 20.045347213745117 -61.28757858276367 -3.564180612564087
vertex 20.61937141418457 -61.28757858276367 -3.450000047683716
endloop
endfacet
facet normal 0 -1 0
outer loop
vertex 22.86937141418457 -61.28757858276367 -5.699999809265137
vertex 30.36937141418457 -61.28757858276367 -5.699999809265137
vertex 32.6193733215332 -61.28757858276367 -3.450000047683716
endloop
endfacet
facet normal 0 0 -1
outer loop
vertex 32.6193733215332 -62.78757858276367 -3.450000047683716
vertex 20.61937141418457 -62.78757858276367 -3.450000047683716
vertex 20.61937141418457 -61.28757858276367 -3.450000047683716
endloop
endfacet
facet normal -0.8314682470994303 0 0.555572276185017
outer loop
vertex 33.680030822753906 -61.28757858276367 -11.010660171508789
vertex 33.680030822753906 -62.78757858276367 -11.010660171508789
vertex 34.005191802978516 -61.28757858276367 -10.524024963378906
endloop
endfacet
facet normal -0.8314682470994303 0 0.555572276185017
outer loop
vertex 34.005191802978516 -61.28757858276367 -10.524024963378906
vertex 33.680030822753906 -62.78757858276367 -11.010660171508789
vertex 34.005191802978516 -62.78757858276367 -10.524024963378906
endloop
endfacet
facet normal 0 -1 0
outer loop
vertex 30.36937141418457 -61.28757858276367 -9.199999809265137
vertex 32.6193733215332 -61.28757858276367 -11.449999809265137
vertex 30.75205421447754 -61.28757858276367 -9.123879432678223
endloop
endfacet
facet normal 0 -1 0
outer loop
vertex 30.75205421447754 -61.28757858276367 -9.123879432678223
vertex 32.6193733215332 -61.28757858276367 -11.449999809265137
vertex 31.076478958129883 -61.28757858276367 -8.907106399536133
endloop
endfacet
facet normal -0.9807850135586839 0 0.1950916635294606
outer loop
vertex 34.005191802978516 -61.28757858276367 -10.524024963378906
vertex 34.005191802978516 -62.78757858276367 -10.524024963378906
vertex 34.1193733215332 -61.28757858276367 -9.949999809265137
endloop
endfacet
facet normal -0.9807850135586839 0 0.1950916635294606
outer loop
vertex 34.1193733215332 -61.28757858276367 -9.949999809265137
vertex 34.005191802978516 -62.78757858276367 -10.524024963378906
vertex 34.1193733215332 -62.78757858276367 -9.949999809265137
endloop
endfacet
facet normal 0 -1 0
outer loop
vertex 31.076478958129883 -61.28757858276367 -8.907106399536133
vertex 32.6193733215332 -61.28757858276367 -11.449999809265137
vertex 31.293251037597656 -61.28757858276367 -8.582683563232422
endloop
endfacet
facet normal 0 -1 0
outer loop
vertex 31.293251037597656 -61.28757858276367 -8.582683563232422
vertex 32.6193733215332 -61.28757858276367 -11.449999809265137
vertex 31.36937141418457 -61.28757858276367 -8.199999809265137
endloop
endfacet
facet normal -0.8314679956250159 0 -0.5555726525408883
outer loop
vertex 33.680030822753906 -61.28757858276367 -3.8893399238586426
vertex 34.005191802978516 -61.28757858276367 -4.375974655151367
vertex 34.005191802978516 -62.78757858276367 -4.375974655151367
endloop
endfacet
facet normal -0.8314679956250159 0 -0.5555726525408883
outer loop
vertex 33.680030822753906 -61.28757858276367 -3.8893399238586426
vertex 34.005191802978516 -62.78757858276367 -4.375974655151367
vertex 33.680030822753906 -62.78757858276367 -3.8893399238586426
endloop
endfacet
facet normal -0.19509040787318935 0 -0.9807852633251952
outer loop
vertex 33.193397521972656 -62.78757858276367 -3.564180612564087
vertex 32.6193733215332 -62.78757858276367 -3.450000047683716
vertex 32.6193733215332 -61.28757858276367 -3.450000047683716
endloop
endfacet
facet normal -0.19509040787318935 0 -0.9807852633251952
outer loop
vertex 32.6193733215332 -61.28757858276367 -3.450000047683716
vertex 33.193397521972656 -61.28757858276367 -3.564180612564087
vertex 33.193397521972656 -62.78757858276367 -3.564180612564087
endloop
endfacet
facet normal -0.5555718102198659 0 -0.8314685584488576
outer loop
vertex 33.680030822753906 -62.78757858276367 -3.8893399238586426
vertex 33.193397521972656 -62.78757858276367 -3.564180612564087
vertex 33.193397521972656 -61.28757858276367 -3.564180612564087
endloop
endfacet
facet normal -0.5555718102198659 0 -0.8314685584488576
outer loop
vertex 33.193397521972656 -61.28757858276367 -3.564180612564087
vertex 33.680030822753906 -61.28757858276367 -3.8893399238586426
vertex 33.680030822753906 -62.78757858276367 -3.8893399238586426
endloop
endfacet
facet normal 0 -1 0
outer loop
vertex 31.36937141418457 -61.28757858276367 -8.199999809265137
vertex 32.6193733215332 -61.28757858276367 -11.449999809265137
vertex 31.36937141418457 -61.28757858276367 -6.699999809265137
endloop
endfacet
facet normal 0 -1 0
outer loop
vertex 20.61937141418457 -61.28757858276367 -3.450000047683716
vertex 22.4866886138916 -61.28757858276367 -5.776120662689209
vertex 22.86937141418457 -61.28757858276367 -5.699999809265137
endloop
endfacet
facet normal 0 -1 0
outer loop
vertex 20.61937141418457 -61.28757858276367 -3.450000047683716
vertex 22.16226577758789 -61.28757858276367 -5.992893218994141
vertex 22.4866886138916 -61.28757858276367 -5.776120662689209
endloop
endfacet
facet normal 0 -1 0
outer loop
vertex 32.6193733215332 -61.28757858276367 -11.449999809265137
vertex 33.193397521972656 -61.28757858276367 -11.335819244384766
vertex 32.6193733215332 -61.28757858276367 -3.450000047683716
endloop
endfacet
facet normal 0 -1 0
outer loop
vertex 33.193397521972656 -61.28757858276367 -11.335819244384766
vertex 33.680030822753906 -61.28757858276367 -11.010660171508789
vertex 33.193397521972656 -61.28757858276367 -3.564180612564087
endloop
endfacet
facet normal 0 -1 0
outer loop
vertex 33.680030822753906 -61.28757858276367 -11.010660171508789
vertex 34.005191802978516 -61.28757858276367 -10.524024963378906
vertex 33.680030822753906 -61.28757858276367 -3.8893399238586426
endloop
endfacet
facet normal 0 -1 0
outer loop
vertex 20.61937141418457 -61.28757858276367 -11.449999809265137
vertex 21.86937141418457 -61.28757858276367 -8.199999809265137
vertex 20.61937141418457 -61.28757858276367 -3.450000047683716
endloop
endfacet
facet normal 0 0 1
outer loop
vertex 20.61937141418457 -61.28757858276367 -11.449999809265137
vertex 20.61937141418457 -62.78757858276367 -11.449999809265137
vertex 32.6193733215332 -61.28757858276367 -11.449999809265137
endloop
endfacet
facet normal 0 -1 0
outer loop
vertex 20.61937141418457 -61.28757858276367 -3.450000047683716
vertex 21.945491790771484 -61.28757858276367 -6.31731653213501
vertex 22.16226577758789 -61.28757858276367 -5.992893218994141
endloop
endfacet
facet normal 0 -1 0
outer loop
vertex 20.61937141418457 -61.28757858276367 -3.450000047683716
vertex 21.86937141418457 -61.28757858276367 -6.699999809265137
vertex 21.945491790771484 -61.28757858276367 -6.31731653213501
endloop
endfacet
facet normal 0.19509040787318935 0 -0.9807852633251952
outer loop
vertex 20.61937141418457 -62.78757858276367 -3.450000047683716
vertex 20.045347213745117 -62.78757858276367 -3.564180612564087
vertex 20.045347213745117 -61.28757858276367 -3.564180612564087
endloop
endfacet
facet normal 0 -1 0
outer loop
vertex 20.045347213745117 -61.28757858276367 -3.564180612564087
vertex 20.61937141418457 -61.28757858276367 -11.449999809265137
vertex 20.61937141418457 -61.28757858276367 -3.450000047683716
endloop
endfacet
facet normal 0.5555703047945764 0 -0.8314695643440364
outer loop
vertex 20.045347213745117 -62.78757858276367 -3.564180612564087
vertex 19.558712005615234 -61.28757858276367 -3.8893399238586426
vertex 20.045347213745117 -61.28757858276367 -3.564180612564087
endloop
endfacet
facet normal 0 -1 0
outer loop
vertex 20.61937141418457 -61.28757858276367 -3.450000047683716
vertex 21.86937141418457 -61.28757858276367 -8.199999809265137
vertex 21.86937141418457 -61.28757858276367 -6.699999809265137
endloop
endfacet
facet normal 0.5555703047945764 0 -0.8314695643440364
outer loop
vertex 20.045347213745117 -62.78757858276367 -3.564180612564087
vertex 19.558712005615234 -62.78757858276367 -3.8893399238586426
vertex 19.558712005615234 -61.28757858276367 -3.8893399238586426
endloop
endfacet
facet normal 0.8314695010489662 0 -0.5555703995223135
outer loop
vertex 19.558712005615234 -62.78757858276367 -3.8893399238586426
vertex 19.233552932739258 -61.28757858276367 -4.375974655151367
vertex 19.558712005615234 -61.28757858276367 -3.8893399238586426
endloop
endfacet
facet normal 0.8314695010489662 0 -0.5555703995223135
outer loop
vertex 19.558712005615234 -62.78757858276367 -3.8893399238586426
vertex 19.233552932739258 -62.78757858276367 -4.375974655151367
vertex 19.233552932739258 -61.28757858276367 -4.375974655151367
endloop
endfacet
facet normal 0.9807850135586839 0 -0.1950916635294606
outer loop
vertex 19.233552932739258 -62.78757858276367 -4.375974655151367
vertex 19.11937141418457 -61.28757858276367 -4.949999809265137
vertex 19.233552932739258 -61.28757858276367 -4.375974655151367
endloop
endfacet
facet normal 0.9807850135586839 0 -0.1950916635294606
outer loop
vertex 19.233552932739258 -62.78757858276367 -4.375974655151367
vertex 19.11937141418457 -62.78757858276367 -4.949999809265137
vertex 19.11937141418457 -61.28757858276367 -4.949999809265137
endloop
endfacet
facet normal 0.19509040787318935 0 0.9807852633251952
outer loop
vertex 20.045347213745117 -62.78757858276367 -11.335819244384766
vertex 20.61937141418457 -61.28757858276367 -11.449999809265137
vertex 20.045347213745117 -61.28757858276367 -11.335819244384766
endloop
endfacet
facet normal 0 -1 0
outer loop
vertex 33.193397521972656 -61.28757858276367 -3.564180612564087
vertex 33.680030822753906 -61.28757858276367 -11.010660171508789
vertex 33.680030822753906 -61.28757858276367 -3.8893399238586426
endloop
endfacet
facet normal 0 -1 0
outer loop
vertex 32.6193733215332 -61.28757858276367 -3.450000047683716
vertex 33.193397521972656 -61.28757858276367 -11.335819244384766
vertex 33.193397521972656 -61.28757858276367 -3.564180612564087
endloop
endfacet
facet normal 0 -1 0
outer loop
vertex 33.680030822753906 -61.28757858276367 -3.8893399238586426
vertex 34.005191802978516 -61.28757858276367 -10.524024963378906
vertex 34.005191802978516 -61.28757858276367 -4.375974655151367
endloop
endfacet
facet normal -1 0 0
outer loop
vertex 34.1193733215332 -61.28757858276367 -9.949999809265137
vertex 34.1193733215332 -62.78757858276367 -9.949999809265137
vertex 34.1193733215332 -61.28757858276367 -4.949999809265137
endloop
endfacet
facet normal 0 -1 0
outer loop
vertex 34.005191802978516 -61.28757858276367 -10.524024963378906
vertex 34.1193733215332 -61.28757858276367 -9.949999809265137
vertex 34.005191802978516 -61.28757858276367 -4.375974655151367
endloop
endfacet
facet normal 0 -1 0
outer loop
vertex 34.005191802978516 -61.28757858276367 -4.375974655151367
vertex 34.1193733215332 -61.28757858276367 -9.949999809265137
vertex 34.1193733215332 -61.28757858276367 -4.949999809265137
endloop
endfacet
facet normal -1 0 0
outer loop
vertex 34.1193733215332 -61.28757858276367 -4.949999809265137
vertex 34.1193733215332 -62.78757858276367 -9.949999809265137
vertex 34.1193733215332 -62.78757858276367 -4.949999809265137
endloop
endfacet
facet normal 1 0 0
outer loop
vertex 21.86937141418457 -61.28757858276367 -8.199999809265137
vertex 21.86937141418457 -60.087581634521484 -8.199999809265137
vertex 21.86937141418457 -61.28757858276367 -6.699999809265137
endloop
endfacet
facet normal 0 0 1
outer loop
vertex 22.86937141418457 -60.087581634521484 -9.199999809265137
vertex 22.86937141418457 -61.28757858276367 -9.199999809265137
vertex 30.36937141418457 -60.087581634521484 -9.199999809265137
endloop
endfacet
facet normal -0.9807853098383859 0 -0.19509017403555012
outer loop
vertex 31.36937141418457 -61.28757858276367 -6.699999809265137
vertex 31.293251037597656 -61.28757858276367 -6.31731653213501
vertex 31.293251037597656 -60.087581634521484 -6.31731653213501
endloop
endfacet
facet normal -1 0 0
outer loop
vertex 31.36937141418457 -60.087581634521484 -6.699999809265137
vertex 31.36937141418457 -61.28757858276367 -8.199999809265137
vertex 31.36937141418457 -61.28757858276367 -6.699999809265137
endloop
endfacet
facet normal -1 0 0
outer loop
vertex 31.36937141418457 -60.087581634521484 -8.199999809265137
vertex 31.36937141418457 -61.28757858276367 -8.199999809265137
vertex 31.36937141418457 -60.087581634521484 -6.699999809265137
endloop
endfacet
facet normal -0.8314703794967792 0 -0.5555690848305744
outer loop
vertex 31.293251037597656 -61.28757858276367 -6.31731653213501
vertex 31.076478958129883 -61.28757858276367 -5.992893218994141
vertex 31.076478958129883 -60.087581634521484 -5.992893218994141
endloop
endfacet
facet normal -0.8314703794967792 0 -0.5555690848305744
outer loop
vertex 31.293251037597656 -60.087581634521484 -6.31731653213501
vertex 31.293251037597656 -61.28757858276367 -6.31731653213501
vertex 31.076478958129883 -60.087581634521484 -5.992893218994141
endloop
endfacet
facet normal -0.5555682361196549 0 -0.8314709465849636
outer loop
vertex 31.076478958129883 -60.087581634521484 -5.992893218994141
vertex 31.076478958129883 -61.28757858276367 -5.992893218994141
vertex 30.75205421447754 -60.087581634521484 -5.776120662689209
endloop
endfacet
facet normal -0.19509158345481065 0 -0.9807850294866325
outer loop
vertex 30.36937141418457 -61.28757858276367 -5.699999809265137
vertex 30.36937141418457 -60.087581634521484 -5.699999809265137
vertex 30.75205421447754 -61.28757858276367 -5.776120662689209
endloop
endfacet
facet normal -0.19509158345481065 0 -0.9807850294866325
outer loop
vertex 30.75205421447754 -61.28757858276367 -5.776120662689209
vertex 30.36937141418457 -60.087581634521484 -5.699999809265137
vertex 30.75205421447754 -60.087581634521484 -5.776120662689209
endloop
endfacet
facet normal -0.5555682361196549 0 -0.8314709465849636
outer loop
vertex 30.75205421447754 -60.087581634521484 -5.776120662689209
vertex 31.076478958129883 -61.28757858276367 -5.992893218994141
vertex 30.75205421447754 -61.28757858276367 -5.776120662689209
endloop
endfacet
facet normal 0 0 -1
outer loop
vertex 30.36937141418457 -61.28757858276367 -5.699999809265137
vertex 22.86937141418457 -60.087581634521484 -5.699999809265137
vertex 30.36937141418457 -60.087581634521484 -5.699999809265137
endloop
endfacet
facet normal 0 0 -1
outer loop
vertex 22.86937141418457 -61.28757858276367 -5.699999809265137
vertex 22.86937141418457 -60.087581634521484 -5.699999809265137
vertex 30.36937141418457 -61.28757858276367 -5.699999809265137
endloop
endfacet
facet normal 0.19509158345481065 0 -0.9807850294866325
outer loop
vertex 22.86937141418457 -61.28757858276367 -5.699999809265137
vertex 22.4866886138916 -60.087581634521484 -5.776120662689209
vertex 22.86937141418457 -60.087581634521484 -5.699999809265137
endloop
endfacet
facet normal 0.19509158345481065 0 -0.9807850294866325
outer loop
vertex 22.4866886138916 -61.28757858276367 -5.776120662689209
vertex 22.4866886138916 -60.087581634521484 -5.776120662689209
vertex 22.86937141418457 -61.28757858276367 -5.699999809265137
endloop
endfacet
facet normal 0.5555704942502148 0 -0.831469437753771
outer loop
vertex 22.4866886138916 -61.28757858276367 -5.776120662689209
vertex 22.16226577758789 -60.087581634521484 -5.992893218994141
vertex 22.4866886138916 -60.087581634521484 -5.776120662689209
endloop
endfacet
facet normal 0.5555704942502148 0 -0.831469437753771
outer loop
vertex 22.16226577758789 -61.28757858276367 -5.992893218994141
vertex 22.16226577758789 -60.087581634521484 -5.992893218994141
vertex 22.4866886138916 -61.28757858276367 -5.776120662689209
endloop
endfacet
facet normal 0.8314681213622869 0 -0.5555724643629031
outer loop
vertex 22.16226577758789 -61.28757858276367 -5.992893218994141
vertex 21.945491790771484 -60.087581634521484 -6.31731653213501
vertex 22.16226577758789 -60.087581634521484 -5.992893218994141
endloop
endfacet
facet normal 0.8314681213622869 0 -0.5555724643629031
outer loop
vertex 21.945491790771484 -61.28757858276367 -6.31731653213501
vertex 21.945491790771484 -60.087581634521484 -6.31731653213501
vertex 22.16226577758789 -61.28757858276367 -5.992893218994141
endloop
endfacet
facet normal 0.9807853098383859 0 -0.19509017403555012
outer loop
vertex 21.945491790771484 -61.28757858276367 -6.31731653213501
vertex 21.86937141418457 -60.087581634521484 -6.699999809265137
vertex 21.945491790771484 -60.087581634521484 -6.31731653213501
endloop
endfacet
facet normal 0.9807853098383859 0 -0.19509017403555012
outer loop
vertex 21.86937141418457 -61.28757858276367 -6.699999809265137
vertex 21.86937141418457 -60.087581634521484 -6.699999809265137
vertex 21.945491790771484 -61.28757858276367 -6.31731653213501
endloop
endfacet
facet normal 1 0 0
outer loop
vertex 21.86937141418457 -61.28757858276367 -6.699999809265137
vertex 21.86937141418457 -60.087581634521484 -8.199999809265137
vertex 21.86937141418457 -60.087581634521484 -6.699999809265137
endloop
endfacet
facet normal -0.9807853563514094 0 0.19508994019846038
outer loop
vertex 31.293251037597656 -60.087581634521484 -8.582683563232422
vertex 31.293251037597656 -61.28757858276367 -8.582683563232422
vertex 31.36937141418457 -60.087581634521484 -8.199999809265137
endloop
endfacet
facet normal -0.9807853563514094 0 0.19508994019846038
outer loop
vertex 31.293251037597656 -61.28757858276367 -8.582683563232422
vertex 31.36937141418457 -61.28757858276367 -8.199999809265137
vertex 31.36937141418457 -60.087581634521484 -8.199999809265137
endloop
endfacet
facet normal -0.8314700022881474 0 0.5555696493644593
outer loop
vertex 31.076478958129883 -60.087581634521484 -8.907106399536133
vertex 31.076478958129883 -61.28757858276367 -8.907106399536133
vertex 31.293251037597656 -60.087581634521484 -8.582683563232422
endloop
endfacet
facet normal -0.8314700022881474 0 0.5555696493644593
outer loop
vertex 31.076478958129883 -61.28757858276367 -8.907106399536133
vertex 31.293251037597656 -61.28757858276367 -8.582683563232422
vertex 31.293251037597656 -60.087581634521484 -8.582683563232422
endloop
endfacet
facet normal -0.5555690810033217 0 0.8314703820540599
outer loop
vertex 31.076478958129883 -60.087581634521484 -8.907106399536133
vertex 30.75205421447754 -61.28757858276367 -9.123879432678223
vertex 31.076478958129883 -61.28757858276367 -8.907106399536133
endloop
endfacet
facet normal -0.5555690810033217 0 0.8314703820540599
outer loop
vertex 30.75205421447754 -60.087581634521484 -9.123879432678223
vertex 30.75205421447754 -61.28757858276367 -9.123879432678223
vertex 31.076478958129883 -60.087581634521484 -8.907106399536133
endloop
endfacet
facet normal -0.19509040787318935 0 0.9807852633251953
outer loop
vertex 30.36937141418457 -60.087581634521484 -9.199999809265137
vertex 30.36937141418457 -61.28757858276367 -9.199999809265137
vertex 30.75205421447754 -60.087581634521484 -9.123879432678223
endloop
endfacet
facet normal -0.19509040787318935 0 0.9807852633251953
outer loop
vertex 30.75205421447754 -61.28757858276367 -9.123879432678223
vertex 30.75205421447754 -60.087581634521484 -9.123879432678223
vertex 30.36937141418457 -61.28757858276367 -9.199999809265137
endloop
endfacet
facet normal 0.9807853563514094 0 0.19508994019846038
outer loop
vertex 21.945491790771484 -61.28757858276367 -8.582683563232422
vertex 21.945491790771484 -60.087581634521484 -8.582683563232422
vertex 21.86937141418457 -61.28757858276367 -8.199999809265137
endloop
endfacet
facet normal 0.8314677441500905 0 0.5555730288971555
outer loop
vertex 21.945491790771484 -61.28757858276367 -8.582683563232422
vertex 22.16226577758789 -61.28757858276367 -8.907106399536133
vertex 22.16226577758789 -60.087581634521484 -8.907106399536133
endloop
endfacet
facet normal 0.8314677441500905 0 0.5555730288971555
outer loop
vertex 21.945491790771484 -61.28757858276367 -8.582683563232422
vertex 22.16226577758789 -60.087581634521484 -8.907106399536133
vertex 21.945491790771484 -60.087581634521484 -8.582683563232422
endloop
endfacet
facet normal 0.5555713391342493 0 0.8314688732193027
outer loop
vertex 22.16226577758789 -61.28757858276367 -8.907106399536133
vertex 22.4866886138916 -60.087581634521484 -9.123879432678223
vertex 22.16226577758789 -60.087581634521484 -8.907106399536133
endloop
endfacet
facet normal 0.19509040787318935 0 0.9807852633251953
outer loop
vertex 22.4866886138916 -60.087581634521484 -9.123879432678223
vertex 22.4866886138916 -61.28757858276367 -9.123879432678223
vertex 22.86937141418457 -60.087581634521484 -9.199999809265137
endloop
endfacet
facet normal 0.19509040787318935 0 0.9807852633251953
outer loop
vertex 22.86937141418457 -61.28757858276367 -9.199999809265137
vertex 22.86937141418457 -60.087581634521484 -9.199999809265137
vertex 22.4866886138916 -61.28757858276367 -9.123879432678223
endloop
endfacet
facet normal 0.5555713391342493 0 0.8314688732193027
outer loop
vertex 22.16226577758789 -61.28757858276367 -8.907106399536133
vertex 22.4866886138916 -61.28757858276367 -9.123879432678223
vertex 22.4866886138916 -60.087581634521484 -9.123879432678223
endloop
endfacet
facet normal 0 0 1
outer loop
vertex 30.36937141418457 -60.087581634521484 -9.199999809265137
vertex 22.86937141418457 -61.28757858276367 -9.199999809265137
vertex 30.36937141418457 -61.28757858276367 -9.199999809265137
endloop
endfacet
facet normal 0.9807853563514094 0 0.19508994019846038
outer loop
vertex 21.86937141418457 -61.28757858276367 -8.199999809265137
vertex 21.945491790771484 -60.087581634521484 -8.582683563232422
vertex 21.86937141418457 -60.087581634521484 -8.199999809265137
endloop
endfacet
facet normal -0.9807853098383859 0 -0.19509017403555012
outer loop
vertex 31.36937141418457 -60.087581634521484 -6.699999809265137
vertex 31.36937141418457 -61.28757858276367 -6.699999809265137
vertex 31.293251037597656 -60.087581634521484 -6.31731653213501
endloop
endfacet
facet normal -0.044929858244803354 -0.09635168648220108 -0.9943327714352663
outer loop
vertex 47.17729187011719 -63.05670928955078 -1.5949000120162964
vertex 46.60014343261719 -62.78757858276367 -1.5949000120162964
vertex 47.27524948120117 -62.78757858276367 -1.6254053115844727
endloop
endfacet
facet normal 0.08716108850428063 -0.9961942303841902 0
outer loop
vertex 51.03023910522461 -64.1660385131836 -0.5
vertex 50.041053771972656 -64.2525863647461 -1.5
vertex 51.03023910522461 -64.1660385131836 -1.5
endloop
endfacet
facet normal -0.027515762688915563 -0.1026900300925275 -0.9943327614653171
outer loop
vertex 47.17729187011719 -63.05670928955078 -1.5949000120162964
vertex 47.27524948120117 -62.78757858276367 -1.6254053115844727
vertex 48.494930267333984 -62.78757858276367 -1.6591570377349854
endloop
endfacet
facet normal -0.08716108850428063 -0.9961942303841902 0
outer loop
vertex 48.251869201660156 -64.1660385131836 -0.5
vertex 48.251869201660156 -64.1660385131836 -1.5
vertex 49.24105453491211 -64.2525863647461 -0.5
endloop
endfacet
facet normal 0.04492958099481958 -0.0963533503418611 0.9943326227322167
outer loop
vertex 53.24283218383789 -62.52604293823242 -0.4050999879837036
vertex 53.02337646484375 -62.145931243896484 -0.3583499491214752
vertex 52.259891510009766 -62.107730865478516 -0.32014966011047363
endloop
endfacet
facet normal 0.0681199852083784 -0.09728500022181655 0.9929226034022246
outer loop
vertex 53.71892547607422 -62.19268035888672 -0.4050999879837036
vertex 54.141056060791016 -62.86568069458008 -0.5
vertex 54.141056060791016 -62.22478485107422 -0.4372060298919678
endloop
endfacet
facet normal 1 0 0
outer loop
vertex 54.141056060791016 -62.86568069458008 -0.5
vertex 54.141056060791016 -62.78757858276367 -1
vertex 54.141056060791016 -62.22478485107422 -0.4372060298919678
endloop
endfacet
facet normal 0.06811946999458696 -0.09728532389520796 0.9929226070355438
outer loop
vertex 53.71892547607422 -62.19268035888672 -0.4050999879837036
vertex 53.641056060791016 -63.215782165527344 -0.5
vertex 54.141056060791016 -62.86568069458008 -0.5
endloop
endfacet
facet normal 0.06811961075357942 -0.09728533362437468 0.9929225964255094
outer loop
vertex 53.641056060791016 -63.215782165527344 -0.5
vertex 53.71892547607422 -62.19268035888672 -0.4050999879837036
vertex 53.24283218383789 -62.52604293823242 -0.4050999879837036
endloop
endfacet
facet normal 0.05019170657828703 -0.10763608421820625 0.9929225881028845
outer loop
vertex 53.24283218383789 -62.52604293823242 -0.4050999879837036
vertex 52.37721633911133 -63.80512237548828 -0.5
vertex 53.641056060791016 -63.215782165527344 -0.5
endloop
endfacet
facet normal 1 0 0
outer loop
vertex 54.141056060791016 -62.86568069458008 -0.5
vertex 54.141056060791016 -62.86568069458008 -1.5
vertex 54.141056060791016 -62.78757858276367 -1
endloop
endfacet
facet normal 0.5735739099356075 -0.8191538132983204 0
outer loop
vertex 53.641056060791016 -63.215782165527344 -0.5
vertex 53.641056060791016 -63.215782165527344 -1.5
vertex 54.141056060791016 -62.86568069458008 -0.5
endloop
endfacet
facet normal 0.42261948047228126 -0.9063072187317825 0
outer loop
vertex 52.37721633911133 -63.80512237548828 -0.5
vertex 52.37721633911133 -63.80512237548828 -1.5
vertex 53.641056060791016 -63.215782165527344 -0.5
endloop
endfacet
facet normal 0.5735739099356075 -0.8191538132983204 0
outer loop
vertex 53.641056060791016 -63.215782165527344 -1.5
vertex 54.141056060791016 -62.86568069458008 -1.5
vertex 54.141056060791016 -62.86568069458008 -0.5
endloop
endfacet
facet normal 1 0 0
outer loop
vertex 54.141056060791016 -62.86568069458008 -1.5
vertex 54.141056060791016 -62.78757858276367 -1.5076520442962646
vertex 54.141056060791016 -62.78757858276367 -1
endloop
endfacet
facet normal 0.42261948047228126 -0.9063072187317825 0
outer loop
vertex 52.37721633911133 -63.80512237548828 -1.5
vertex 53.641056060791016 -63.215782165527344 -1.5
vertex 53.641056060791016 -63.215782165527344 -0.5
endloop
endfacet
facet normal 0.03966069924199264 -0.08505275285332775 0.9955867908764695
outer loop
vertex 51.7513542175293 -62.08557891845703 -0.2979988753795624
vertex 51.832035064697266 -62.30724334716797 -0.32014966011047363
vertex 52.259891510009766 -62.107730865478516 -0.32014966011047363
endloop
endfacet
facet normal 0.024289106274686563 -0.09064766472177342 0.9955867818512186
outer loop
vertex 51.832035064697266 -62.30724334716797 -0.32014966011047363
vertex 51.7513542175293 -62.08557891845703 -0.2979988753795624
vertex 50.658226013183594 -62.05624008178711 -0.2686587870121002
endloop
endfacet
facet normal 0.024289107434750767 -0.09064765939053933 0.9955867823083229
outer loop
vertex 50.658226013183594 -62.05624008178711 -0.2686587870121002
vertex 50.75344467163086 -62.59625244140625 -0.32014966011047363
vertex 51.832035064697266 -62.30724334716797 -0.32014966011047363
endloop
endfacet
facet normal 0.00817895690376607 -0.0934883108594326 0.9955867819515366
outer loop
vertex 50.658226013183594 -62.05624008178711 -0.2686587870121002
vertex 50.041053771972656 -62.65857696533203 -0.32014966011047363
vertex 50.75344467163086 -62.59625244140625 -0.32014966011047363
endloop
endfacet
facet normal 0.04492996573993881 -0.09635246026124106 0.9943326915978444
outer loop
vertex 52.259891510009766 -62.107730865478516 -0.32014966011047363
vertex 52.10481643676758 -63.05670928955078 -0.4050999879837036
vertex 53.24283218383789 -62.52604293823242 -0.4050999879837036
endloop
endfacet
facet normal 0.05019157339915261 -0.1076359953039573 0.9929226044736035
outer loop
vertex 52.10481643676758 -63.05670928955078 -0.4050999879837036
vertex 52.37721633911133 -63.80512237548828 -0.5
vertex 53.24283218383789 -62.52604293823242 -0.4050999879837036
endloop
endfacet
facet normal 0.04492982200790331 -0.0963524375519863 0.9943327002930803
outer loop
vertex 51.832035064697266 -62.30724334716797 -0.32014966011047363
vertex 52.10481643676758 -63.05670928955078 -0.4050999879837036
vertex 52.259891510009766 -62.107730865478516 -0.32014966011047363
endloop
endfacet
facet normal 0.030737766054245212 -0.11471659693575967 0.99292260127639
outer loop
vertex 52.10481643676758 -63.05670928955078 -0.4050999879837036
vertex 51.03023910522461 -64.1660385131836 -0.5
vertex 52.37721633911133 -63.80512237548828 -0.5
endloop
endfacet
facet normal 0.027516048159649344 -0.10269069656223719 0.9943326847354654
outer loop
vertex 50.75344467163086 -62.59625244140625 -0.32014966011047363
vertex 50.89194107055664 -63.38169860839844 -0.4050999879837036
vertex 51.832035064697266 -62.30724334716797 -0.32014966011047363
endloop
endfacet
facet normal 0.027515879126116617 -0.10269055023112574 0.9943327045255755
outer loop
vertex 50.89194107055664 -63.38169860839844 -0.4050999879837036
vertex 52.10481643676758 -63.05670928955078 -0.4050999879837036
vertex 51.832035064697266 -62.30724334716797 -0.32014966011047363
endloop
endfacet
facet normal -0.06812009337612583 -0.09728149645836451 -0.9929229392683246
outer loop
vertex 45.141056060791016 -62.86568069458008 -1.5
vertex 45.141056060791016 -62.78757858276367 -1.5076520442962646
vertex 45.88827896118164 -62.78757858276367 -1.5589157342910767
endloop
endfacet
facet normal -0.06811963910102185 -0.09728556540581122 -0.992922571771041
outer loop
vertex 45.141056060791016 -62.86568069458008 -1.5
vertex 45.88827896118164 -62.78757858276367 -1.5589157342910767
vertex 45.641056060791016 -63.215782165527344 -1.5
endloop
endfacet
facet normal -0.0501918151968808 -0.10763590696130851 -0.992922601827483
outer loop
vertex 46.90489196777344 -63.80512237548828 -1.5
vertex 46.60014343261719 -62.78757858276367 -1.5949000120162964
vertex 47.17729187011719 -63.05670928955078 -1.5949000120162964
endloop
endfacet
facet normal -0.0501915785178297 -0.10763631257218294 -0.992922569821913
outer loop
vertex 45.88827896118164 -62.78757858276367 -1.5589157342910767
vertex 46.60014343261719 -62.78757858276367 -1.5949000120162964
vertex 45.641056060791016 -63.215782165527344 -1.5
endloop
endfacet
facet normal -0.05019176915157082 -0.10763589352393312 -0.9929226056117064
outer loop
vertex 46.60014343261719 -62.78757858276367 -1.5949000120162964
vertex 46.90489196777344 -63.80512237548828 -1.5
vertex 45.641056060791016 -63.215782165527344 -1.5
endloop
endfacet
facet normal -0.030738289537328156 -0.11471709768415557 -0.9929225272171254
outer loop
vertex 48.39017105102539 -63.38169860839844 -1.5949000120162964
vertex 48.251869201660156 -64.1660385131836 -1.5
vertex 47.17729187011719 -63.05670928955078 -1.5949000120162964
endloop
endfacet
facet normal -0.027515714715842476 -0.10269025962142168 -0.9943327390881591
outer loop
vertex 48.39017105102539 -63.38169860839844 -1.5949000120162964
vertex 47.17729187011719 -63.05670928955078 -1.5949000120162964
vertex 48.494930267333984 -62.78757858276367 -1.6591570377349854
endloop
endfacet
facet normal -1 0 0
outer loop
vertex 45.141056060791016 -62.78757858276367 -1
vertex 45.141056060791016 -62.78757858276367 -1.5076520442962646
vertex 45.141056060791016 -62.86568069458008 -1.5
endloop
endfacet
facet normal -0.5735739099356075 -0.8191538132983204 0
outer loop
vertex 45.641056060791016 -63.215782165527344 -1.5
vertex 45.641056060791016 -63.215782165527344 -0.5
vertex 45.141056060791016 -62.86568069458008 -1.5
endloop
endfacet
facet normal -1 0 0
outer loop
vertex 45.141056060791016 -62.78757858276367 -1
vertex 45.141056060791016 -62.86568069458008 -1.5
vertex 45.141056060791016 -62.86568069458008 -0.5
endloop
endfacet
facet normal -0.5735739099356075 -0.8191538132983204 0
outer loop
vertex 45.141056060791016 -62.86568069458008 -0.5
vertex 45.141056060791016 -62.86568069458008 -1.5
vertex 45.641056060791016 -63.215782165527344 -0.5
endloop
endfacet
facet normal 0.00926591429267736 -0.10590871189101453 0.994332684556787
outer loop
vertex 50.75344467163086 -62.59625244140625 -0.32014966011047363
vertex 50.041053771972656 -63.45614242553711 -0.4050999879837036
vertex 50.89194107055664 -63.38169860839844 -0.4050999879837036
endloop
endfacet
facet normal 0.030738419534266304 -0.1147172220353652 0.992922508825852
outer loop
vertex 50.89194107055664 -63.38169860839844 -0.4050999879837036
vertex 51.03023910522461 -64.1660385131836 -0.5
vertex 52.10481643676758 -63.05670928955078 -0.4050999879837036
endloop
endfacet
facet normal 0.010351590897672172 -0.11831191308552862 0.9929225225504402
outer loop
vertex 50.89194107055664 -63.38169860839844 -0.4050999879837036
vertex 50.041053771972656 -64.2525863647461 -0.5
vertex 51.03023910522461 -64.1660385131836 -0.5
endloop
endfacet
facet normal 0.008179080891097194 -0.09348843680247414 0.9955867691065439
outer loop
vertex 50.041053771972656 -62.05064392089844 -0.2630630135536194
vertex 50.041053771972656 -62.65857696533203 -0.32014966011047363
vertex 50.658226013183594 -62.05624008178711 -0.2686587870121002
endloop
endfacet
facet normal -0.00817913299765836 -0.09348827994818783 0.9955867834075219
outer loop
vertex 48.62388610839844 -62.05624008178711 -0.2686587870121002
vertex 48.52866744995117 -62.59625244140625 -0.32014966011047363
vertex 49.24105453491211 -62.05064392089844 -0.2630630135536194
endloop
endfacet
facet normal -0.42262052825064694 -0.9063067301422538 0
outer loop
vertex 45.641056060791016 -63.215782165527344 -1.5
vertex 46.90489196777344 -63.80512237548828 -1.5
vertex 46.90489196777344 -63.80512237548828 -0.5
endloop
endfacet
facet normal -0.25881548273982163 -0.965926780814236 0
outer loop
vertex 46.90489196777344 -63.80512237548828 -1.5
vertex 48.251869201660156 -64.1660385131836 -1.5
vertex 48.251869201660156 -64.1660385131836 -0.5
endloop
endfacet
facet normal -0.42262052825064694 -0.9063067301422538 0
outer loop
vertex 45.641056060791016 -63.215782165527344 -0.5
vertex 45.641056060791016 -63.215782165527344 -1.5
vertex 46.90489196777344 -63.80512237548828 -0.5
endloop
endfacet
facet normal -0.25881548273982163 -0.965926780814236 0
outer loop
vertex 46.90489196777344 -63.80512237548828 -0.5
vertex 46.90489196777344 -63.80512237548828 -1.5
vertex 48.251869201660156 -64.1660385131836 -0.5
endloop
endfacet
facet normal -0.02428902127803763 -0.09064767465022112 0.9955867830208788
outer loop
vertex 48.62388610839844 -62.05624008178711 -0.2686587870121002
vertex 47.53075408935547 -62.08557891845703 -0.2979988753795624
vertex 48.52866744995117 -62.59625244140625 -0.32014966011047363
endloop
endfacet
facet normal -1 0 0
outer loop
vertex 45.141056060791016 -62.22478485107422 -0.4372060298919678
vertex 45.141056060791016 -62.78757858276367 -1
vertex 45.141056060791016 -62.86568069458008 -0.5
endloop
endfacet
facet normal -0.06811970065101544 -0.0972856533088889 0.9929225589357303
outer loop
vertex 45.141056060791016 -62.86568069458008 -0.5
vertex 45.641056060791016 -63.215782165527344 -0.5
vertex 46.039276123046875 -62.52604293823242 -0.4050999879837036
endloop
endfacet
facet normal -0.06812059794204042 -0.09728499614224934 0.9929225617648244
outer loop
vertex 45.56318283081055 -62.19268035888672 -0.4050999879837036
vertex 45.141056060791016 -62.22478485107422 -0.4372060298919678
vertex 45.141056060791016 -62.86568069458008 -0.5
endloop
endfacet
facet normal -0.0681197482257337 -0.09728552995586051 0.992922567757864
outer loop
vertex 45.56318283081055 -62.19268035888672 -0.4050999879837036
vertex 45.141056060791016 -62.86568069458008 -0.5
vertex 46.039276123046875 -62.52604293823242 -0.4050999879837036
endloop
endfacet
facet normal -0.050191781208217705 -0.10763591937932698 0.9929226021994432
outer loop
vertex 45.641056060791016 -63.215782165527344 -0.5
vertex 46.90489196777344 -63.80512237548828 -0.5
vertex 47.17729187011719 -63.05670928955078 -0.4050999879837036
endloop
endfacet
facet normal -0.05019173482004852 -0.10763634147160292 0.9929225587881275
outer loop
vertex 46.039276123046875 -62.52604293823242 -0.4050999879837036
vertex 45.641056060791016 -63.215782165527344 -0.5
vertex 47.17729187011719 -63.05670928955078 -0.4050999879837036
endloop
endfacet
facet normal -0.04492984564579062 -0.09635220271894271 0.9943327219806523
outer loop
vertex 46.039276123046875 -62.52604293823242 -0.4050999879837036
vertex 47.17729187011719 -63.05670928955078 -0.4050999879837036
vertex 47.450077056884766 -62.30724334716797 -0.32014966011047363
endloop
endfacet
facet normal -0.044929708987724734 -0.09635305423934903 0.994332645641803
outer loop
vertex 46.039276123046875 -62.52604293823242 -0.4050999879837036
vertex 47.450077056884766 -62.30724334716797 -0.32014966011047363
vertex 47.022216796875 -62.107730865478516 -0.32014966011047363
endloop
endfacet
facet normal -0.03073812088894997 -0.11471646827852612 0.9929226051560707
outer loop
vertex 47.17729187011719 -63.05670928955078 -0.4050999879837036
vertex 46.90489196777344 -63.80512237548828 -0.5
vertex 48.39017105102539 -63.38169860839844 -0.4050999879837036
endloop
endfacet
facet normal -0.030737917911201697 -0.11471716368199743 0.9929225310965816
outer loop
vertex 48.39017105102539 -63.38169860839844 -0.4050999879837036
vertex 46.90489196777344 -63.80512237548828 -0.5
vertex 48.251869201660156 -64.1660385131836 -0.5
endloop
endfacet
facet normal -0.027515841608460975 -0.1026907331921093 0.9943326866683228
outer loop
vertex 47.17729187011719 -63.05670928955078 -0.4050999879837036
vertex 48.39017105102539 -63.38169860839844 -0.4050999879837036
vertex 48.52866744995117 -62.59625244140625 -0.32014966011047363
endloop
endfacet
facet normal -0.027515963639905126 -0.1026903811320796 0.9943327196506788
outer loop
vertex 47.450077056884766 -62.30724334716797 -0.32014966011047363
vertex 47.17729187011719 -63.05670928955078 -0.4050999879837036
vertex 48.52866744995117 -62.59625244140625 -0.32014966011047363
endloop
endfacet
facet normal -0.024289209785864532 -0.0906480413678896 0.9955867450323671
outer loop
vertex 47.450077056884766 -62.30724334716797 -0.32014966011047363
vertex 48.52866744995117 -62.59625244140625 -0.32014966011047363
vertex 47.53075408935547 -62.08557891845703 -0.2979988753795624
endloop
endfacet
facet normal -0.0609786261601738 -0.0870869038199372 0.9943326799088295
outer loop
vertex 46.25873565673828 -62.145931243896484 -0.3583499491214752
vertex 45.56318283081055 -62.19268035888672 -0.4050999879837036
vertex 46.039276123046875 -62.52604293823242 -0.4050999879837036
endloop
endfacet
facet normal -0.04492983746721477 -0.09635275701113633 0.9943326686383801
outer loop
vertex 47.022216796875 -62.107730865478516 -0.32014966011047363
vertex 46.25873565673828 -62.145931243896484 -0.3583499491214752
vertex 46.039276123046875 -62.52604293823242 -0.4050999879837036
endloop
endfacet
facet normal -0.03966066673982234 -0.08505344146775805 0.9955867333428281
outer loop
vertex 47.53075408935547 -62.08557891845703 -0.2979988753795624
vertex 47.022216796875 -62.107730865478516 -0.32014966011047363
vertex 47.450077056884766 -62.30724334716797 -0.32014966011047363
endloop
endfacet
facet normal -0.008179011723514984 -0.0934884368553664 0.9955867696698096
outer loop
vertex 48.52866744995117 -62.59625244140625 -0.32014966011047363
vertex 49.24105453491211 -62.65857696533203 -0.32014966011047363
vertex 49.24105453491211 -62.05064392089844 -0.2630630135536194
endloop
endfacet
facet normal 0.009265546907230283 -0.10590841102817652 0.9943327200258457
outer loop
vertex 50.041053771972656 -62.65857696533203 -0.32014966011047363
vertex 50.041053771972656 -63.45614242553711 -0.4050999879837036
vertex 50.75344467163086 -62.59625244140625 -0.32014966011047363
endloop
endfacet
facet normal -0.010351063877468076 -0.11831136060080781 -0.9929225938759729
outer loop
vertex 48.39017105102539 -63.38169860839844 -1.5949000120162964
vertex 49.24105453491211 -63.45614242553711 -1.5949000120162964
vertex 49.24105453491211 -64.2525863647461 -1.5
endloop
endfacet
facet normal -0.01035158662083029 -0.11831186420402334 -0.9929225284195138
outer loop
vertex 48.251869201660156 -64.1660385131836 -1.5
vertex 48.39017105102539 -63.38169860839844 -1.5949000120162964
vertex 49.24105453491211 -64.2525863647461 -1.5
endloop
endfacet
facet normal -0.009265853322310233 -0.10590819732606105 -0.9943327399323396
outer loop
vertex 48.39017105102539 -63.38169860839844 -1.5949000120162964
vertex 48.494930267333984 -62.78757858276367 -1.6591570377349854
vertex 49.24105453491211 -62.78757858276367 -1.6661099195480347
endloop
endfacet
facet normal -0.0092659044802313 -0.10590812492613437 -0.9943327471670605
outer loop
vertex 49.24105453491211 -63.45614242553711 -1.5949000120162964
vertex 48.39017105102539 -63.38169860839844 -1.5949000120162964
vertex 49.24105453491211 -62.78757858276367 -1.6661099195480347
endloop
endfacet
facet normal 0.010351542507243293 -0.11831136001457823 -0.9929225889560684
outer loop
vertex 50.041053771972656 -63.45614242553711 -1.5949000120162964
vertex 51.03023910522461 -64.1660385131836 -1.5
vertex 50.041053771972656 -64.2525863647461 -1.5
endloop
endfacet
facet normal 0.009265862942902197 -0.10590812496689979 -0.9943327475497922
outer loop
vertex 50.041053771972656 -63.45614242553711 -1.5949000120162964
vertex 50.041053771972656 -62.78757858276367 -1.6661099195480347
vertex 50.89194107055664 -63.38169860839844 -1.5949000120162964
endloop
endfacet
facet normal 0.010351017476558772 -0.11831136065763857 0.9929225943529225
outer loop
vertex 50.041053771972656 -63.45614242553711 -0.4050999879837036
vertex 50.041053771972656 -64.2525863647461 -0.5
vertex 50.89194107055664 -63.38169860839844 -0.4050999879837036
endloop
endfacet
facet normal -0.009265929478457342 -0.10590841065271965 0.9943327165008277
outer loop
vertex 49.24105453491211 -62.65857696533203 -0.32014966011047363
vertex 48.39017105102539 -63.38169860839844 -0.4050999879837036
vertex 49.24105453491211 -63.45614242553711 -0.4050999879837036
endloop
endfacet
facet normal 0.010351073729262748 -0.11831200362186535 -0.9929225171540986
outer loop
vertex 51.03023910522461 -64.1660385131836 -1.5
vertex 50.041053771972656 -63.45614242553711 -1.5949000120162964
vertex 50.89194107055664 -63.38169860839844 -1.5949000120162964
endloop
endfacet
facet normal 0.030737955621381072 -0.11471730442037902 -0.9929225136689872
outer loop
vertex 51.03023910522461 -64.1660385131836 -1.5
vertex 50.89194107055664 -63.38169860839844 -1.5949000120162964
vertex 52.37721633911133 -63.80512237548828 -1.5
endloop
endfacet
facet normal 0.00926580594504671 -0.10590820563200387 -0.99433273948915
outer loop
vertex 50.89194107055664 -63.38169860839844 -1.5949000120162964
vertex 50.041053771972656 -62.78757858276367 -1.6661099195480347
vertex 50.78718185424805 -62.78757858276367 -1.6591570377349854
endloop
endfacet
facet normal 0.027515762057422326 -0.10269025122592364 -0.9943327386451459
outer loop
vertex 50.89194107055664 -63.38169860839844 -1.5949000120162964
vertex 50.78718185424805 -62.78757858276367 -1.6591570377349854
vertex 52.00686264038086 -62.78757858276367 -1.6254053115844727
endloop
endfacet
facet normal 0.030738209004710124 -0.11471643632919659 -0.9929226061194862
outer loop
vertex 52.37721633911133 -63.80512237548828 -1.5
vertex 50.89194107055664 -63.38169860839844 -1.5949000120162964
vertex 52.10481643676758 -63.05670928955078 -1.5949000120162964
endloop
endfacet
facet normal 0.05019165176549849 -0.10763596667221456 -0.9929226036160064
outer loop
vertex 52.37721633911133 -63.80512237548828 -1.5
vertex 52.10481643676758 -63.05670928955078 -1.5949000120162964
vertex 53.641056060791016 -63.215782165527344 -1.5
endloop
endfacet
facet normal 0.027515835928854173 -0.10269038901691817 -0.9943327223704802
outer loop
vertex 52.10481643676758 -63.05670928955078 -1.5949000120162964
vertex 50.89194107055664 -63.38169860839844 -1.5949000120162964
vertex 52.00686264038086 -62.78757858276367 -1.6254053115844727
endloop
endfacet
facet normal 0.04492985548786129 -0.09635231741218338 -0.9943327104219903
outer loop
vertex 52.10481643676758 -63.05670928955078 -1.5949000120162964
vertex 52.00686264038086 -62.78757858276367 -1.6254053115844727
vertex 52.681968688964844 -62.78757858276367 -1.5949000120162964
endloop
endfacet
facet normal 0.050191579607739935 -0.10763611316511784 -0.9929225913832286
outer loop
vertex 52.10481643676758 -63.05670928955078 -1.5949000120162964
vertex 52.681968688964844 -62.78757858276367 -1.5949000120162964
vertex 53.39383316040039 -62.78757858276367 -1.5589157342910767
endloop
endfacet
facet normal -0.009265627246703552 -0.10590876221492196 0.9943326818715296
outer loop
vertex 48.52866744995117 -62.59625244140625 -0.32014966011047363
vertex 48.39017105102539 -63.38169860839844 -0.4050999879837036
vertex 49.24105453491211 -62.65857696533203 -0.32014966011047363
endloop
endfacet
facet normal -0.010351542507243293 -0.11831136001457823 0.9929225889560684
outer loop
vertex 49.24105453491211 -63.45614242553711 -0.4050999879837036
vertex 48.251869201660156 -64.1660385131836 -0.5
vertex 49.24105453491211 -64.2525863647461 -0.5
endloop
endfacet
facet normal -0.010351115158903051 -0.11831194674117147 0.9929225234998355
outer loop
vertex 48.39017105102539 -63.38169860839844 -0.4050999879837036
vertex 48.251869201660156 -64.1660385131836 -0.5
vertex 49.24105453491211 -63.45614242553711 -0.4050999879837036
endloop
endfacet
facet normal 0.06097892785455547 -0.08708733468614809 0.9943326236702543
outer loop
vertex 53.02337646484375 -62.145931243896484 -0.3583499491214752
vertex 53.24283218383789 -62.52604293823242 -0.4050999879837036
vertex 53.71892547607422 -62.19268035888672 -0.4050999879837036
endloop
endfacet
facet normal 0.050191616130828544 -0.10763629091773538 -0.9929225702680187
outer loop
vertex 53.641056060791016 -63.215782165527344 -1.5
vertex 52.10481643676758 -63.05670928955078 -1.5949000120162964
vertex 53.39383316040039 -62.78757858276367 -1.5589157342910767
endloop
endfacet
facet normal 0.06812006781441063 -0.09728531718798292 -0.992922566679091
outer loop
vertex 53.641056060791016 -63.215782165527344 -1.5
vertex 53.39383316040039 -62.78757858276367 -1.5589157342910767
vertex 54.141056060791016 -62.78757858276367 -1.5076520442962646
endloop
endfacet
facet normal 0.06811680533969541 -0.09728151834865552 -0.992923162695933
outer loop
vertex 53.641056060791016 -63.215782165527344 -1.5
vertex 54.141056060791016 -62.78757858276367 -1.5076520442962646
vertex 54.141056060791016 -62.86568069458008 -1.5
endloop
endfacet
facet normal -0.030737766054245212 -0.11471659693575967 -0.99292260127639
outer loop
vertex 46.90489196777344 -63.80512237548828 -1.5
vertex 47.17729187011719 -63.05670928955078 -1.5949000120162964
vertex 48.251869201660156 -64.1660385131836 -1.5
endloop
endfacet
facet normal -0.08716108850428063 -0.9961942303841902 0
outer loop
vertex 48.251869201660156 -64.1660385131836 -1.5
vertex 49.24105453491211 -64.2525863647461 -1.5
vertex 49.24105453491211 -64.2525863647461 -0.5
endloop
endfacet
facet normal 0.25881548273982163 -0.965926780814236 0
outer loop
vertex 51.03023910522461 -64.1660385131836 -0.5
vertex 51.03023910522461 -64.1660385131836 -1.5
vertex 52.37721633911133 -63.80512237548828 -0.5
endloop
endfacet
facet normal 0.25881548273982163 -0.965926780814236 0
outer loop
vertex 51.03023910522461 -64.1660385131836 -1.5
vertex 52.37721633911133 -63.80512237548828 -1.5
vertex 52.37721633911133 -63.80512237548828 -0.5
endloop
endfacet
facet normal 0.08716108850428063 -0.9961942303841902 0
outer loop
vertex 50.041053771972656 -64.2525863647461 -0.5
vertex 50.041053771972656 -64.2525863647461 -1.5
vertex 51.03023910522461 -64.1660385131836 -0.5
endloop
endfacet
facet normal -1 0 0
outer loop
vertex -63.654083251953125 -59.258506774902344 -0.4349960684776306
vertex -63.654083251953125 -59.82351303100586 -1
vertex -63.654083251953125 -59.92195510864258 -0.5
endloop
endfacet
facet normal 0.06811960468927723 -0.09728551626042414 0.9929225789470796
outer loop
vertex -55.10235595703125 -59.26726150512695 -0.4050999879837036
vertex -55.154083251953125 -60.272056579589844 -0.5
vertex -54.654083251953125 -59.92195510864258 -0.5
endloop
endfacet
facet normal -0.06811925002815714 -0.09728545542368656 0.992922609239314
outer loop
vertex -63.654083251953125 -59.258506774902344 -0.4349960684776306
vertex -63.654083251953125 -59.92195510864258 -0.5
vertex -63.25845718383789 -59.23039627075195 -0.4050999879837036
endloop
endfacet
facet normal -0.030738062168052558 -0.11471648956975991 -0.9929226045140398
outer loop
vertex -61.89024353027344 -60.86139678955078 -1.5
vertex -61.61784362792969 -60.11298370361328 -1.5949000120162964
vertex -60.54326629638672 -61.22231674194336 -1.5
endloop
endfacet
facet normal -0.030738278794330765 -0.11471669678733101 -0.9929225738671498
outer loop
vertex -60.40496826171875 -60.43797302246094 -1.5949000120162964
vertex -60.54326629638672 -61.22231674194336 -1.5
vertex -61.61784362792969 -60.11298370361328 -1.5949000120162964
endloop
endfacet
facet normal -0.010351017476558772 -0.11831136065763857 -0.9929225943529225
outer loop
vertex -60.40496826171875 -60.43797302246094 -1.5949000120162964
vertex -59.554080963134766 -60.51241683959961 -1.5949000120162964
vertex -59.554080963134766 -61.308860778808594 -1.5
endloop
endfacet
facet normal 0.06811982194616842 -0.09728536745615322 0.9929225786217893
outer loop
vertex -55.10235595703125 -59.26726150512695 -0.4050999879837036
vertex -54.654083251953125 -59.92195510864258 -0.5
vertex -54.654083251953125 -59.30360412597656 -0.43941470980644226
endloop
endfacet
facet normal -0.01035109264277009 -0.11831143307198261 -0.9929225849408173
outer loop
vertex -60.54326629638672 -61.22231674194336 -1.5
vertex -60.40496826171875 -60.43797302246094 -1.5949000120162964
vertex -59.554080963134766 -61.308860778808594 -1.5
endloop
endfacet
facet normal -0.0681194413592991 -0.09728528299951024 -0.9929226130069765
outer loop
vertex -63.154083251953125 -60.272056579589844 -1.5
vertex -63.654083251953125 -59.92195510864258 -1.5
vertex -62.897090911865234 -59.826934814453125 -1.5612434148788452
endloop
endfacet
facet normal -0.05019187625407484 -0.10763581405069925 -0.9929226088128614
outer loop
vertex -63.154083251953125 -60.272056579589844 -1.5
vertex -62.897090911865234 -59.826934814453125 -1.5612434148788452
vertex -62.22475814819336 -59.82997512817383 -1.5949000120162964
endloop
endfacet
facet normal -0.5735739099356075 -0.8191538132983204 0
outer loop
vertex -63.654083251953125 -59.92195510864258 -0.5
vertex -63.654083251953125 -59.92195510864258 -1.5
vertex -63.154083251953125 -60.272056579589844 -0.5
endloop
endfacet
facet normal -1 0 0
outer loop
vertex -63.654083251953125 -59.82351303100586 -1
vertex -63.654083251953125 -59.92195510864258 -1.5
vertex -63.654083251953125 -59.92195510864258 -0.5
endloop
endfacet
facet normal -0.5735739099356075 -0.8191538132983204 0
outer loop
vertex -63.154083251953125 -60.272056579589844 -1.5
vertex -63.154083251953125 -60.272056579589844 -0.5
vertex -63.654083251953125 -59.92195510864258 -1.5
endloop
endfacet
facet normal -0.050191725631974306 -0.10763612507882701 -0.9929225827103036
outer loop
vertex -63.154083251953125 -60.272056579589844 -1.5
vertex -62.22475814819336 -59.82997512817383 -1.5949000120162964
vertex -61.89024353027344 -60.86139678955078 -1.5
endloop
endfacet
facet normal -0.05019145374240682 -0.10763603902146118 -0.992922605783046
outer loop
vertex -61.61784362792969 -60.11298370361328 -1.5949000120162964
vertex -61.89024353027344 -60.86139678955078 -1.5
vertex -62.22475814819336 -59.82997512817383 -1.5949000120162964
endloop
endfacet
facet normal -0.04493002033044132 -0.0963528461706302 -0.9943326517357887
outer loop
vertex -61.61784362792969 -60.11298370361328 -1.5949000120162964
vertex -62.22475814819336 -59.82997512817383 -1.5949000120162964
vertex -61.5160026550293 -59.83317947387695 -1.6266154050827026
endloop
endfacet
facet normal -0.027515575249764737 -0.10269121989254809 -0.9943326437745343
outer loop
vertex -61.61784362792969 -60.11298370361328 -1.5949000120162964
vertex -61.5160026550293 -59.83317947387695 -1.6266154050827026
vertex -60.299293518066406 -59.83867645263672 -1.6597169637680054
endloop
endfacet
facet normal -0.027515789197585294 -0.102690214613633 -0.9943327416752604
outer loop
vertex -60.40496826171875 -60.43797302246094 -1.5949000120162964
vertex -61.61784362792969 -60.11298370361328 -1.5949000120162964
vertex -60.299293518066406 -59.83867645263672 -1.6597169637680054
endloop
endfacet
facet normal -0.009265869515354101 -0.10590820008953672 -0.9943327394870989
outer loop
vertex -59.554080963134766 -60.51241683959961 -1.5949000120162964
vertex -60.40496826171875 -60.43797302246094 -1.5949000120162964
vertex -59.554080963134766 -59.842044830322266 -1.6663025617599487
endloop
endfacet
facet normal -0.009265832421299929 -0.10590825242722095 -0.9943327342581819
outer loop
vertex -59.554080963134766 -59.842044830322266 -1.6663025617599487
vertex -60.40496826171875 -60.43797302246094 -1.5949000120162964
vertex -60.299293518066406 -59.83867645263672 -1.6597169637680054
endloop
endfacet
facet normal 0.010351066279839425 -0.11831138805961072 -0.9929225905790836
outer loop
vertex -58.75408172607422 -60.51241683959961 -1.5949000120162964
vertex -57.9031982421875 -60.43797302246094 -1.5949000120162964
vertex -57.764896392822266 -61.22231674194336 -1.5
endloop
endfacet
facet normal 0.01035108629984877 -0.1183113605733453 -0.9929225936454951
outer loop
vertex -58.75408172607422 -60.51241683959961 -1.5949000120162964
vertex -57.764896392822266 -61.22231674194336 -1.5
vertex -58.75408172607422 -61.308860778808594 -1.5
endloop
endfacet
facet normal 0.030738158599630198 -0.1147166090169944 -0.9929225877285429
outer loop
vertex -57.9031982421875 -60.43797302246094 -1.5949000120162964
vertex -56.6903190612793 -60.11298370361328 -1.5949000120162964
vertex -56.41792297363281 -60.86139678955078 -1.5
endloop
endfacet
facet normal 0.030738170396299697 -0.11471656860160676 -0.9929225920327128
outer loop
vertex -57.764896392822266 -61.22231674194336 -1.5
vertex -57.9031982421875 -60.43797302246094 -1.5949000120162964
vertex -56.41792297363281 -60.86139678955078 -1.5
endloop
endfacet
facet normal 0.0501917523134086 -0.10763618229714661 -0.9929225751589118
outer loop
vertex -56.41792297363281 -60.86139678955078 -1.5
vertex -56.6903190612793 -60.11298370361328 -1.5949000120162964
vertex -55.154083251953125 -60.272056579589844 -1.5
endloop
endfacet
facet normal 0.009265913250006067 -0.10590822516355895 -0.9943327364088685
outer loop
vertex -57.9031982421875 -60.43797302246094 -1.5949000120162964
vertex -58.75408172607422 -60.51241683959961 -1.5949000120162964
vertex -58.75408172607422 -59.84566116333008 -1.6659173965454102
endloop
endfacet
facet normal 0.009265855519750798 -0.10590830711369772 -0.9943327282181743
outer loop
vertex -57.9031982421875 -60.43797302246094 -1.5949000120162964
vertex -58.75408172607422 -59.84566116333008 -1.6659173965454102
vertex -58.007041931152344 -59.849037170410156 -1.658596396446228
endloop
endfacet
facet normal 0.027515745476843184 -0.10269040786914467 -0.9943327229265476
outer loop
vertex -57.9031982421875 -60.43797302246094 -1.5949000120162964
vertex -58.007041931152344 -59.849037170410156 -1.658596396446228
vertex -56.78437805175781 -59.85456466674805 -1.6241912841796875
endloop
endfacet
facet normal 0.027515763797297327 -0.10269044279628715 -0.9943327188124474
outer loop
vertex -56.6903190612793 -60.11298370361328 -1.5949000120162964
vertex -57.9031982421875 -60.43797302246094 -1.5949000120162964
vertex -56.78437805175781 -59.85456466674805 -1.6241912841796875
endloop
endfacet
facet normal 0.044929833730444055 -0.09635209618318616 -0.9943327328425132
outer loop
vertex -56.6903190612793 -60.11298370361328 -1.5949000120162964
vertex -56.78437805175781 -59.85456466674805 -1.6241912841796875
vertex -56.142364501953125 -59.85746765136719 -1.5949000120162964
endloop
endfacet
facet normal 0.050191742866155784 -0.10763626825898323 -0.9929225663179068
outer loop
vertex -55.154083251953125 -60.272056579589844 -1.5
vertex -56.6903190612793 -60.11298370361328 -1.5949000120162964
vertex -56.142364501953125 -59.85746765136719 -1.5949000120162964
endloop
endfacet
facet normal 0.05019136393648213 -0.10763715394435136 -0.9929224894607612
outer loop
vertex -55.154083251953125 -60.272056579589844 -1.5
vertex -56.142364501953125 -59.85746765136719 -1.5949000120162964
vertex -55.39148712158203 -59.860862731933594 -1.5565757751464844
endloop
endfacet
facet normal 0.06812034556380213 -0.09728580972862737 -0.9929224993652391
outer loop
vertex -55.154083251953125 -60.272056579589844 -1.5
vertex -55.39148712158203 -59.860862731933594 -1.5565757751464844
vertex -54.654083251953125 -59.864192962646484 -1.5056592226028442
endloop
endfacet
facet normal 0.06811661339893746 -0.09728124422704523 -0.9929232027204812
outer loop
vertex -55.154083251953125 -60.272056579589844 -1.5
vertex -54.654083251953125 -59.864192962646484 -1.5056592226028442
vertex -54.654083251953125 -59.92195510864258 -1.5
endloop
endfacet
facet normal -0.42261948047228126 -0.9063072187317825 0
outer loop
vertex -63.154083251953125 -60.272056579589844 -1.5
vertex -61.89024353027344 -60.86139678955078 -1.5
vertex -61.89024353027344 -60.86139678955078 -0.5
endloop
endfacet
facet normal -0.25881803504136525 -0.9659260969335732 0
outer loop
vertex -61.89024353027344 -60.86139678955078 -1.5
vertex -60.54326629638672 -61.22231674194336 -1.5
vertex -60.54326629638672 -61.22231674194336 -0.5
endloop
endfacet
facet normal -0.42261948047228126 -0.9063072187317825 0
outer loop
vertex -63.154083251953125 -60.272056579589844 -0.5
vertex -63.154083251953125 -60.272056579589844 -1.5
vertex -61.89024353027344 -60.86139678955078 -0.5
endloop
endfacet
facet normal -0.25881803504136525 -0.9659260969335732 0
outer loop
vertex -61.89024353027344 -60.86139678955078 -0.5
vertex -61.89024353027344 -60.86139678955078 -1.5
vertex -60.54326629638672 -61.22231674194336 -0.5
endloop
endfacet
facet normal -0.0871572759617764 -0.9961945639517026 0
outer loop
vertex -60.54326629638672 -61.22231674194336 -1.5
vertex -59.554080963134766 -61.308860778808594 -1.5
vertex -59.554080963134766 -61.308860778808594 -0.5
endloop
endfacet
facet normal -0.0871572759617764 -0.9961945639517026 0
outer loop
vertex -60.54326629638672 -61.22231674194336 -0.5
vertex -60.54326629638672 -61.22231674194336 -1.5
vertex -59.554080963134766 -61.308860778808594 -0.5
endloop
endfacet
facet normal -0.05019165176549849 -0.10763596667221456 0.9929226036160064
outer loop
vertex -63.154083251953125 -60.272056579589844 -0.5
vertex -61.89024353027344 -60.86139678955078 -0.5
vertex -61.61784362792969 -60.11298370361328 -0.4050999879837036
endloop
endfacet
facet normal -0.030738209004710124 -0.11471643632919659 0.9929226061194862
outer loop
vertex -61.61784362792969 -60.11298370361328 -0.4050999879837036
vertex -61.89024353027344 -60.86139678955078 -0.5
vertex -60.40496826171875 -60.43797302246094 -0.4050999879837036
endloop
endfacet
facet normal -0.030738125009298393 -0.11471672409746315 0.9929225754726594
outer loop
vertex -60.40496826171875 -60.43797302246094 -0.4050999879837036
vertex -61.89024353027344 -60.86139678955078 -0.5
vertex -60.54326629638672 -61.22231674194336 -0.5
endloop
endfacet
facet normal -0.01035108629984877 -0.1183113605733453 0.9929225936454951
outer loop
vertex -60.54326629638672 -61.22231674194336 -0.5
vertex -59.554080963134766 -61.308860778808594 -0.5
vertex -59.554080963134766 -60.51241683959961 -0.4050999879837036
endloop
endfacet
facet normal -0.01035102485037157 -0.11831144493977097 0.9929225842334389
outer loop
vertex -60.40496826171875 -60.43797302246094 -0.4050999879837036
vertex -60.54326629638672 -61.22231674194336 -0.5
vertex -59.554080963134766 -60.51241683959961 -0.4050999879837036
endloop
endfacet
facet normal -0.06811970065101544 -0.0972856533088889 0.9929225589357303
outer loop
vertex -63.654083251953125 -59.92195510864258 -0.5
vertex -63.154083251953125 -60.272056579589844 -0.5
vertex -62.755863189697266 -59.58231735229492 -0.4050999879837036
endloop
endfacet
facet normal -0.06811992671928806 -0.09728506715285669 0.9929226008570975
outer loop
vertex -63.25845718383789 -59.23039627075195 -0.4050999879837036
vertex -63.654083251953125 -59.92195510864258 -0.5
vertex -62.755863189697266 -59.58231735229492 -0.4050999879837036
endloop
endfacet
facet normal -0.05019160218279296 -0.10763641783310961 0.9929225572150029
outer loop
vertex -62.755863189697266 -59.58231735229492 -0.4050999879837036
vertex -63.154083251953125 -60.272056579589844 -0.5
vertex -61.61784362792969 -60.11298370361328 -0.4050999879837036
endloop
endfacet
facet normal -0.06097880941780717 -0.08708652306040855 0.9943327020184118
outer loop
vertex -62.526363372802734 -59.184818267822266 -0.35621148347854614
vertex -63.25845718383789 -59.23039627075195 -0.4050999879837036
vertex -62.755863189697266 -59.58231735229492 -0.4050999879837036
endloop
endfacet
facet normal -0.0449294355464794 -0.09635277717038698 0.9943326848459867
outer loop
vertex -61.79856872558594 -59.152042388916016 -0.32014966011047363
vertex -62.526363372802734 -59.184818267822266 -0.35621148347854614
vertex -62.755863189697266 -59.58231735229492 -0.4050999879837036
endloop
endfacet
facet normal -1 0 0
outer loop
vertex -63.654083251953125 -59.82351303100586 -1.5096449851989746
vertex -63.654083251953125 -59.92195510864258 -1.5
vertex -63.654083251953125 -59.82351303100586 -1
endloop
endfacet
facet normal -0.06811976409196017 -0.09728285120107126 -0.9929228291273425
outer loop
vertex -63.654083251953125 -59.92195510864258 -1.5
vertex -63.654083251953125 -59.82351303100586 -1.5096449851989746
vertex -62.897090911865234 -59.826934814453125 -1.5612434148788452
endloop
endfacet
facet normal 0.5735739099356075 -0.8191538132983204 0
outer loop
vertex -55.154083251953125 -60.272056579589844 -0.5
vertex -55.154083251953125 -60.272056579589844 -1.5
vertex -54.654083251953125 -59.92195510864258 -0.5
endloop
endfacet
facet normal -0.044929807083696406 -0.09635244300050845 0.9943327004394735
outer loop
vertex -62.755863189697266 -59.58231735229492 -0.4050999879837036
vertex -61.61784362792969 -60.11298370361328 -0.4050999879837036
vertex -61.345062255859375 -59.36351776123047 -0.32014966011047363
endloop
endfacet
facet normal -0.027515997446134484 -0.10269050729791639 0.9943327056852957
outer loop
vertex -61.345062255859375 -59.36351776123047 -0.32014966011047363
vertex -61.61784362792969 -60.11298370361328 -0.4050999879837036
vertex -60.26647186279297 -59.65252685546875 -0.32014966011047363
endloop
endfacet
facet normal -0.044929925962996636 -0.0963517022599508 0.9943327668464765
outer loop
vertex -61.79856872558594 -59.152042388916016 -0.32014966011047363
vertex -62.755863189697266 -59.58231735229492 -0.4050999879837036
vertex -61.345062255859375 -59.36351776123047 -0.32014966011047363
endloop
endfacet
facet normal -0.039661050526610564 -0.085052660331648 0.9955867847865574
outer loop
vertex -61.260528564453125 -59.13126754760742 -0.29694104194641113
vertex -61.79856872558594 -59.152042388916016 -0.32014966011047363
vertex -61.345062255859375 -59.36351776123047 -0.32014966011047363
endloop
endfacet
facet normal -0.02751592422463865 -0.10269071854092318 0.9943326858952254
outer loop
vertex -61.61784362792969 -60.11298370361328 -0.4050999879837036
vertex -60.40496826171875 -60.43797302246094 -0.4050999879837036
vertex -60.26647186279297 -59.65252685546875 -0.32014966011047363
endloop
endfacet
facet normal -0.009265887941016196 -0.10590841069348539 0.9943327168835613
outer loop
vertex -60.40496826171875 -60.43797302246094 -0.4050999879837036
vertex -59.554080963134766 -60.51241683959961 -0.4050999879837036
vertex -59.554080963134766 -59.71485137939453 -0.32014966011047363
endloop
endfacet
facet normal -0.009265578380794868 -0.10590877078192316 0.9943326814143904
outer loop
vertex -60.26647186279297 -59.65252685546875 -0.32014966011047363
vertex -60.40496826171875 -60.43797302246094 -0.4050999879837036
vertex -59.554080963134766 -59.71485137939453 -0.32014966011047363
endloop
endfacet
facet normal -0.024289115050766585 -0.09064768781373313 0.9955867795345992
outer loop
vertex -61.260528564453125 -59.13126754760742 -0.29694104194641113
vertex -61.345062255859375 -59.36351776123047 -0.32014966011047363
vertex -60.26647186279297 -59.65252685546875 -0.32014966011047363
endloop
endfacet
facet normal -0.024288873555191492 -0.09064722939532864 0.9955868271649493
outer loop
vertex -60.17035675048828 -59.107425689697266 -0.26817384362220764
vertex -61.260528564453125 -59.13126754760742 -0.29694104194641113
vertex -60.26647186279297 -59.65252685546875 -0.32014966011047363
endloop
endfacet
facet normal -0.008179659604244995 -0.09348769163866658 0.9955868343247778
outer loop
vertex -60.17035675048828 -59.107425689697266 -0.26817384362220764
vertex -60.26647186279297 -59.65252685546875 -0.32014966011047363
vertex -59.554080963134766 -59.104915618896484 -0.26287487149238586
endloop
endfacet
facet normal -0.008178979438846047 -0.0934885684432036 0.9955867575785544
outer loop
vertex -59.554080963134766 -59.104915618896484 -0.26287487149238586
vertex -60.26647186279297 -59.65252685546875 -0.32014966011047363
vertex -59.554080963134766 -59.71485137939453 -0.32014966011047363
endloop
endfacet
facet normal 0.0871572759617764 -0.9961945639517026 0
outer loop
vertex -57.764896392822266 -61.22231674194336 -1.5
vertex -57.764896392822266 -61.22231674194336 -0.5
vertex -58.75408172607422 -61.308860778808594 -1.5
endloop
endfacet
facet normal 0.2588187189266581 -0.9659259136875683 0
outer loop
vertex -57.764896392822266 -61.22231674194336 -1.5
vertex -56.41792297363281 -60.86139678955078 -1.5
vertex -56.41792297363281 -60.86139678955078 -0.5
endloop
endfacet
facet normal 0.0871572759617764 -0.9961945639517026 0
outer loop
vertex -58.75408172607422 -61.308860778808594 -0.5
vertex -58.75408172607422 -61.308860778808594 -1.5
vertex -57.764896392822266 -61.22231674194336 -0.5
endloop
endfacet
facet normal 0.2588187189266581 -0.9659259136875683 0
outer loop
vertex -57.764896392822266 -61.22231674194336 -0.5
vertex -57.764896392822266 -61.22231674194336 -1.5
vertex -56.41792297363281 -60.86139678955078 -0.5
endloop
endfacet
facet normal 0.42261948047228126 -0.9063072187317825 0
outer loop
vertex -56.41792297363281 -60.86139678955078 -1.5
vertex -55.154083251953125 -60.272056579589844 -1.5
vertex -55.154083251953125 -60.272056579589844 -0.5
endloop
endfacet
facet normal 0.42261948047228126 -0.9063072187317825 0
outer loop
vertex -56.41792297363281 -60.86139678955078 -0.5
vertex -56.41792297363281 -60.86139678955078 -1.5
vertex -55.154083251953125 -60.272056579589844 -0.5
endloop
endfacet
facet normal 0.010351088366339644 -0.11831138419302538 0.9929225908095567
outer loop
vertex -58.75408172607422 -61.308860778808594 -0.5
vertex -57.764896392822266 -61.22231674194336 -0.5
vertex -57.9031982421875 -60.43797302246094 -0.4050999879837036
endloop
endfacet
facet normal 0.010351063877468076 -0.11831136060080781 0.9929225938759729
outer loop
vertex -58.75408172607422 -60.51241683959961 -0.4050999879837036
vertex -58.75408172607422 -61.308860778808594 -0.5
vertex -57.9031982421875 -60.43797302246094 -0.4050999879837036
endloop
endfacet
facet normal 0.030738148798137778 -0.11471657243725038 0.9929225922581844
outer loop
vertex -57.9031982421875 -60.43797302246094 -0.4050999879837036
vertex -57.764896392822266 -61.22231674194336 -0.5
vertex -56.6903190612793 -60.11298370361328 -0.4050999879837036
endloop
endfacet
facet normal 0.030738179222037084 -0.11471660153975158 0.9929225879540073
outer loop
vertex -56.6903190612793 -60.11298370361328 -0.4050999879837036
vertex -57.764896392822266 -61.22231674194336 -0.5
vertex -56.41792297363281 -60.86139678955078 -0.5
endloop
endfacet
facet normal 1 0 0
outer loop
vertex -54.654083251953125 -59.92195510864258 -1.5
vertex -54.654083251953125 -59.864192962646484 -1.5056592226028442
vertex -54.654083251953125 -59.864192962646484 -1
endloop
endfacet
facet normal 1 0 0
outer loop
vertex -54.654083251953125 -59.92195510864258 -0.5
vertex -54.654083251953125 -59.92195510864258 -1.5
vertex -54.654083251953125 -59.864192962646484 -1
endloop
endfacet
facet normal 0.009265596518211124 -0.10590841097948898 0.9943327195687374
outer loop
vertex -58.75408172607422 -59.71485137939453 -0.32014966011047363
vertex -58.75408172607422 -60.51241683959961 -0.4050999879837036
vertex -58.04169464111328 -59.65252685546875 -0.32014966011047363
endloop
endfacet
facet normal 0.00926595520625241 -0.1059087047181873 0.9943326849395183
outer loop
vertex -58.04169464111328 -59.65252685546875 -0.32014966011047363
vertex -58.75408172607422 -60.51241683959961 -0.4050999879837036
vertex -57.9031982421875 -60.43797302246094 -0.4050999879837036
endloop
endfacet
facet normal 0.027516048159649344 -0.10269069656223719 0.9943326847354654
outer loop
vertex -58.04169464111328 -59.65252685546875 -0.32014966011047363
vertex -57.9031982421875 -60.43797302246094 -0.4050999879837036
vertex -56.963104248046875 -59.36351776123047 -0.32014966011047363
endloop
endfacet
facet normal 0.027515766447171405 -0.10269045268577248 0.9943327177177748
outer loop
vertex -56.963104248046875 -59.36351776123047 -0.32014966011047363
vertex -57.9031982421875 -60.43797302246094 -0.4050999879837036
vertex -56.6903190612793 -60.11298370361328 -0.4050999879837036
endloop
endfacet
facet normal 0.04492980853966122 -0.09635221626581747 0.9943327223446157
outer loop
vertex -56.963104248046875 -59.36351776123047 -0.32014966011047363
vertex -56.6903190612793 -60.11298370361328 -0.4050999879837036
vertex -56.56037139892578 -59.17572021484375 -0.32014966011047363
endloop
endfacet
facet normal 0.008178986457263011 -0.0934881480548998 0.9955867969965235
outer loop
vertex -58.75408172607422 -59.71485137939453 -0.32014966011047363
vertex -58.04169464111328 -59.65252685546875 -0.32014966011047363
vertex -58.136016845703125 -59.117591857910156 -0.2691430151462555
endloop
endfacet
facet normal 0.008179324193749237 -0.09348849454076985 0.9955867616859084
outer loop
vertex -58.75408172607422 -59.10890579223633 -0.26324960589408875
vertex -58.75408172607422 -59.71485137939453 -0.32014966011047363
vertex -58.136016845703125 -59.117591857910156 -0.2691430151462555
endloop
endfacet
facet normal 0.024289076107046025 -0.0906475424746289 0.9955867937177434
outer loop
vertex -58.136016845703125 -59.117591857910156 -0.2691430151462555
vertex -58.04169464111328 -59.65252685546875 -0.32014966011047363
vertex -56.963104248046875 -59.36351776123047 -0.32014966011047363
endloop
endfacet
facet normal 0.02428897804120956 -0.09064800200557904 0.9955867542701189
outer loop
vertex -57.039920806884766 -59.152462005615234 -0.2990590035915375
vertex -58.136016845703125 -59.117591857910156 -0.2691430151462555
vertex -56.963104248046875 -59.36351776123047 -0.32014966011047363
endloop
endfacet
facet normal 0.03966096834323582 -0.08505316010296117 0.9955867453650521
outer loop
vertex -57.039920806884766 -59.152462005615234 -0.2990590035915375
vertex -56.963104248046875 -59.36351776123047 -0.32014966011047363
vertex -56.56037139892578 -59.17572021484375 -0.32014966011047363
endloop
endfacet
facet normal 0.05019167394674883 -0.10763621092861023 0.9929225760165568
outer loop
vertex -56.6903190612793 -60.11298370361328 -0.4050999879837036
vertex -56.41792297363281 -60.86139678955078 -0.5
vertex -55.552303314208984 -59.58231735229492 -0.4050999879837036
endloop
endfacet
facet normal 0.04492985484266004 -0.09635222244165963 0.9943327196539247
outer loop
vertex -56.56037139892578 -59.17572021484375 -0.32014966011047363
vertex -56.6903190612793 -60.11298370361328 -0.4050999879837036
vertex -55.552303314208984 -59.58231735229492 -0.4050999879837036
endloop
endfacet
facet normal 0.05019180712641518 -0.1076362998436059 0.9929225596456968
outer loop
vertex -55.552303314208984 -59.58231735229492 -0.4050999879837036
vertex -56.41792297363281 -60.86139678955078 -0.5
vertex -55.154083251953125 -60.272056579589844 -0.5
endloop
endfacet
facet normal 0.06811991356930182 -0.09728553003284561 0.9929225564068626
outer loop
vertex -55.154083251953125 -60.272056579589844 -0.5
vertex -55.10235595703125 -59.26726150512695 -0.4050999879837036
vertex -55.552303314208984 -59.58231735229492 -0.4050999879837036
endloop
endfacet
facet normal 0.04492973204069252 -0.09635252199675276 0.9943326961754889
outer loop
vertex -55.552303314208984 -59.58231735229492 -0.4050999879837036
vertex -55.76167297363281 -59.21968078613281 -0.3604993522167206
vertex -56.56037139892578 -59.17572021484375 -0.32014966011047363
endloop
endfacet
facet normal 0.06097859515421626 -0.08708664822660082 0.9943327041959721
outer loop
vertex -55.76167297363281 -59.21968078613281 -0.3604993522167206
vertex -55.552303314208984 -59.58231735229492 -0.4050999879837036
vertex -55.10235595703125 -59.26726150512695 -0.4050999879837036
endloop
endfacet
facet normal 1 0 0
outer loop
vertex -54.654083251953125 -59.92195510864258 -0.5
vertex -54.654083251953125 -59.864192962646484 -1
vertex -54.654083251953125 -59.30360412597656 -0.43941470980644226
endloop
endfacet
facet normal 0.5735739099356075 -0.8191538132983204 0
outer loop
vertex -55.154083251953125 -60.272056579589844 -1.5
vertex -54.654083251953125 -59.92195510864258 -1.5
vertex -54.654083251953125 -59.92195510864258 -0.5
endloop
endfacet
facet normal 0 0 1
outer loop
vertex 55.641056060791016 -60.087581634521484 -5
vertex 43.641056060791016 -60.087581634521484 -5
vertex 43.641056060791016 -62.78757858276367 -5
endloop
endfacet
facet normal 0.9807861986664705 0.19508570553829574 0
outer loop
vertex 43.641056060791016 -61.087581634521484 0
vertex 43.679115295410156 -61.27892303466797 0
vertex 43.679115295410156 -61.27892303466797 -4
endloop
endfacet
facet normal -1 0 0
outer loop
vertex 50.041053771972656 -61.78757858276367 0
vertex 50.041053771972656 -61.587581634521484 0
vertex 50.041053771972656 -61.587581634521484 -4
endloop
endfacet
facet normal -0.007193270138980207 0.9999741280976762 0
outer loop
vertex 55.3323974609375 -61.54951858520508 0
vertex 50.041053771972656 -61.587581634521484 -4
vertex 50.041053771972656 -61.587581634521484 0
endloop
endfacet
facet normal -1 0 0
outer loop
vertex 50.041053771972656 -62.05064392089844 -0.2630630135536194
vertex 50.041053771972656 -62.78757858276367 -1.6661099195480347
vertex 50.041053771972656 -62.65857696533203 -0.32014966011047363
endloop
endfacet
facet normal -1 0 0
outer loop
vertex 50.041053771972656 -62.78757858276367 -1.6661099195480347
vertex 50.041053771972656 -63.45614242553711 -0.4050999879837036
vertex 50.041053771972656 -62.65857696533203 -0.32014966011047363
endloop
endfacet
facet normal -1 0 0
outer loop
vertex 50.041053771972656 -63.45614242553711 -0.4050999879837036
vertex 50.041053771972656 -64.2525863647461 -1.5
vertex 50.041053771972656 -64.2525863647461 -0.5
endloop
endfacet
facet normal 1 0 0
outer loop
vertex 49.24105453491211 -62.65857696533203 -0.32014966011047363
vertex 49.24105453491211 -62.78757858276367 -1.6661099195480347
vertex 49.24105453491211 -62.05064392089844 -0.2630630135536194
endloop
endfacet
facet normal 1 0 0
outer loop
vertex 49.24105453491211 -63.45614242553711 -0.4050999879837036
vertex 49.24105453491211 -62.78757858276367 -1.6661099195480347
vertex 49.24105453491211 -62.65857696533203 -0.32014966011047363
endloop
endfacet
facet normal 1 0 0
outer loop
vertex 49.24105453491211 -64.2525863647461 -0.5
vertex 49.24105453491211 -64.2525863647461 -1.5
vertex 49.24105453491211 -63.45614242553711 -0.4050999879837036
endloop
endfacet
facet normal -1 0 0
outer loop
vertex 50.041053771972656 -62.78757858276367 -1.6661099195480347
vertex 50.041053771972656 -63.45614242553711 -1.5949000120162964
vertex 50.041053771972656 -63.45614242553711 -0.4050999879837036
endloop
endfacet
facet normal -1 0 0
outer loop
vertex 50.041053771972656 -63.45614242553711 -1.5949000120162964
vertex 50.041053771972656 -64.2525863647461 -1.5
vertex 50.041053771972656 -63.45614242553711 -0.4050999879837036
endloop
endfacet
facet normal 1 0 0
outer loop
vertex 49.24105453491211 -63.45614242553711 -0.4050999879837036
vertex 49.24105453491211 -63.45614242553711 -1.5949000120162964
vertex 49.24105453491211 -62.78757858276367 -1.6661099195480347
endloop
endfacet
facet normal 1 0 0
outer loop
vertex 49.24105453491211 -64.2525863647461 -1.5
vertex 49.24105453491211 -63.45614242553711 -1.5949000120162964
vertex 49.24105453491211 -63.45614242553711 -0.4050999879837036
endloop
endfacet
facet normal -1 0 0
outer loop
vertex 55.641056060791016 -60.087581634521484 -5
vertex 55.641056060791016 -61.087581634521484 0
vertex 55.641056060791016 -60.087581634521484 0
endloop
endfacet
facet normal -0.980782457176804 0.19510451479714808 0
outer loop
vertex 55.641056060791016 -61.087581634521484 -4
vertex 55.60299301147461 -61.27892303466797 -4
vertex 55.60299301147461 -61.27892303466797 0
endloop
endfacet
facet normal -0.8314782854783427 0.5555572524753821 0
outer loop
vertex 55.60299301147461 -61.27892303466797 -4
vertex 55.49460983276367 -61.44113540649414 -4
vertex 55.49460983276367 -61.44113540649414 0
endloop
endfacet
facet normal -0.5555572524753821 0.8314782854783427 0
outer loop
vertex 55.49460983276367 -61.44113540649414 -4
vertex 55.3323974609375 -61.54951858520508 -4
vertex 55.3323974609375 -61.54951858520508 0
endloop
endfacet
facet normal -0.007193270138980207 0.9999741280976762 0
outer loop
vertex 55.3323974609375 -61.54951858520508 -4
vertex 50.041053771972656 -61.587581634521484 -4
vertex 55.3323974609375 -61.54951858520508 0
endloop
endfacet
facet normal -1 0 0
outer loop
vertex 50.041053771972656 -61.78757858276367 0
vertex 50.041053771972656 -62.78757858276367 -4
vertex 50.041053771972656 -62.05064392089844 -0.2630630135536194
endloop
endfacet
facet normal 1 0 0
outer loop
vertex 49.24105453491211 -62.78757858276367 -1.6661099195480347
vertex 49.24105453491211 -61.587581634521484 -4
vertex 49.24105453491211 -61.587581634521484 0
endloop
endfacet
facet normal -1 0 0
outer loop
vertex 50.041053771972656 -62.78757858276367 -4
vertex 50.041053771972656 -62.78757858276367 -1.6661099195480347
vertex 50.041053771972656 -62.05064392089844 -0.2630630135536194
endloop
endfacet
facet normal -1 0 0
outer loop
vertex 50.041053771972656 -61.587581634521484 -4
vertex 50.041053771972656 -62.78757858276367 -4
vertex 50.041053771972656 -61.78757858276367 0
endloop
endfacet
facet normal 1 0 0
outer loop
vertex 49.24105453491211 -62.05064392089844 -0.2630630135536194
vertex 49.24105453491211 -62.78757858276367 -1.6661099195480347
vertex 49.24105453491211 -61.78757858276367 0
endloop
endfacet
facet normal 0 0 -1
outer loop
vertex 43.641056060791016 -62.78757858276367 -4
vertex 44.141056060791016 -61.587581634521484 -4
vertex 49.24105453491211 -62.78757858276367 -4
endloop
endfacet
facet normal 0 0 -1
outer loop
vertex 43.641056060791016 -62.78757858276367 -4
vertex 43.679115295410156 -61.27892303466797 -4
vertex 43.78750228881836 -61.44113540649414 -4
endloop
endfacet
facet normal 0 0 -1
outer loop
vertex 43.641056060791016 -62.78757858276367 -4
vertex 43.94971466064453 -61.54951858520508 -4
vertex 44.141056060791016 -61.587581634521484 -4
endloop
endfacet
facet normal 0 0 -1
outer loop
vertex 43.94971466064453 -61.54951858520508 -4
vertex 43.641056060791016 -62.78757858276367 -4
vertex 43.78750228881836 -61.44113540649414 -4
endloop
endfacet
facet normal 0 0 -1
outer loop
vertex 43.679115295410156 -61.27892303466797 -4
vertex 43.641056060791016 -62.78757858276367 -4
vertex 43.641056060791016 -61.087581634521484 -4
endloop
endfacet
facet normal 0 0 -1
outer loop
vertex 49.24105453491211 -62.78757858276367 -4
vertex 44.141056060791016 -61.587581634521484 -4
vertex 49.24105453491211 -61.587581634521484 -4
endloop
endfacet
facet normal -0.980782457176804 0.19510451479714808 0
outer loop
vertex 55.641056060791016 -61.087581634521484 0
vertex 55.641056060791016 -61.087581634521484 -4
vertex 55.60299301147461 -61.27892303466797 0
endloop
endfacet
facet normal -0.8314782854783427 0.5555572524753821 0
outer loop
vertex 55.60299301147461 -61.27892303466797 0
vertex 55.60299301147461 -61.27892303466797 -4
vertex 55.49460983276367 -61.44113540649414 0
endloop
endfacet
facet normal -0.5555572524753821 0.8314782854783427 0
outer loop
vertex 55.49460983276367 -61.44113540649414 0
vertex 55.49460983276367 -61.44113540649414 -4
vertex 55.3323974609375 -61.54951858520508 0
endloop
endfacet
facet normal 1 0 0
outer loop
vertex 43.641056060791016 -61.087581634521484 -4
vertex 43.641056060791016 -60.087581634521484 -5
vertex 43.641056060791016 -60.087581634521484 0
endloop
endfacet
facet normal 0 0 1
outer loop
vertex 55.641056060791016 -60.087581634521484 -5
vertex 43.641056060791016 -62.78757858276367 -5
vertex 55.641056060791016 -62.78757858276367 -5
endloop
endfacet
facet normal -1 0 0
outer loop
vertex 55.641056060791016 -60.087581634521484 -5
vertex 55.641056060791016 -62.78757858276367 -5
vertex 55.641056060791016 -61.087581634521484 -4
endloop
endfacet
facet normal -1 0 0
outer loop
vertex 55.641056060791016 -61.087581634521484 -4
vertex 55.641056060791016 -62.78757858276367 -5
vertex 55.641056060791016 -62.78757858276367 -4
endloop
endfacet
facet normal 0 0 -1
outer loop
vertex 50.041053771972656 -62.78757858276367 -4
vertex 50.041053771972656 -61.587581634521484 -4
vertex 55.641056060791016 -62.78757858276367 -4
endloop
endfacet
facet normal 1 0 0
outer loop
vertex 49.24105453491211 -62.78757858276367 -1.6661099195480347
vertex 49.24105453491211 -62.78757858276367 -4
vertex 49.24105453491211 -61.587581634521484 -4
endloop
endfacet
facet normal 1 0 0
outer loop
vertex 43.641056060791016 -62.78757858276367 -5
vertex 43.641056060791016 -60.087581634521484 -5
vertex 43.641056060791016 -61.087581634521484 -4
endloop
endfacet
facet normal 0 0 -1
outer loop
vertex 55.641056060791016 -62.78757858276367 -4
vertex 50.041053771972656 -61.587581634521484 -4
vertex 55.3323974609375 -61.54951858520508 -4
endloop
endfacet
facet normal 1 0 0
outer loop
vertex 43.641056060791016 -62.78757858276367 -4
vertex 43.641056060791016 -62.78757858276367 -5
vertex 43.641056060791016 -61.087581634521484 -4
endloop
endfacet
facet normal 0 0 -1
outer loop
vertex 55.641056060791016 -62.78757858276367 -4
vertex 55.3323974609375 -61.54951858520508 -4
vertex 55.49460983276367 -61.44113540649414 -4
endloop
endfacet
facet normal 1 0 0
outer loop
vertex 49.24105453491211 -61.587581634521484 0
vertex 49.24105453491211 -61.78757858276367 0
vertex 49.24105453491211 -62.78757858276367 -1.6661099195480347
endloop
endfacet
facet normal 0 0 -1
outer loop
vertex 55.641056060791016 -62.78757858276367 -4
vertex 55.49460983276367 -61.44113540649414 -4
vertex 55.60299301147461 -61.27892303466797 -4
endloop
endfacet
facet normal 0 0 -1
outer loop
vertex 55.641056060791016 -61.087581634521484 -4
vertex 55.641056060791016 -62.78757858276367 -4
vertex 55.60299301147461 -61.27892303466797 -4
endloop
endfacet
facet normal -1 0 0
outer loop
vertex 55.641056060791016 -61.087581634521484 -4
vertex 55.641056060791016 -61.087581634521484 0
vertex 55.641056060791016 -60.087581634521484 -5
endloop
endfacet
facet normal 0.5555572524753821 0.8314782854783427 0
outer loop
vertex 43.94971466064453 -61.54951858520508 -4
vertex 43.78750228881836 -61.44113540649414 -4
vertex 43.78750228881836 -61.44113540649414 0
endloop
endfacet
facet normal 0.19510451479714808 0.980782457176804 0
outer loop
vertex 44.141056060791016 -61.587581634521484 -4
vertex 43.94971466064453 -61.54951858520508 -4
vertex 43.94971466064453 -61.54951858520508 0
endloop
endfacet
facet normal 0.8314692529919772 0.5555707707654927 0
outer loop
vertex 43.78750228881836 -61.44113540649414 -4
vertex 43.679115295410156 -61.27892303466797 -4
vertex 43.679115295410156 -61.27892303466797 0
endloop
endfacet
facet normal 0.9807861986664705 0.19508570553829574 0
outer loop
vertex 43.679115295410156 -61.27892303466797 -4
vertex 43.641056060791016 -61.087581634521484 -4
vertex 43.641056060791016 -61.087581634521484 0
endloop
endfacet
facet normal 0 1 0
outer loop
vertex 49.24105453491211 -61.587581634521484 -4
vertex 44.141056060791016 -61.587581634521484 -4
vertex 49.24105453491211 -61.587581634521484 0
endloop
endfacet
facet normal 0.8314692529919772 0.5555707707654927 0
outer loop
vertex 43.679115295410156 -61.27892303466797 0
vertex 43.78750228881836 -61.44113540649414 0
vertex 43.78750228881836 -61.44113540649414 -4
endloop
endfacet
facet normal 0.5555572524753821 0.8314782854783427 0
outer loop
vertex 43.94971466064453 -61.54951858520508 0
vertex 43.94971466064453 -61.54951858520508 -4
vertex 43.78750228881836 -61.44113540649414 0
endloop
endfacet
facet normal 0 1 0
outer loop
vertex 49.24105453491211 -61.587581634521484 0
vertex 44.141056060791016 -61.587581634521484 -4
vertex 44.141056060791016 -61.587581634521484 0
endloop
endfacet
facet normal 0.19510451479714808 0.980782457176804 0
outer loop
vertex 44.141056060791016 -61.587581634521484 -4
vertex 43.94971466064453 -61.54951858520508 0
vertex 44.141056060791016 -61.587581634521484 0
endloop
endfacet
facet normal 1 0 0
outer loop
vertex 43.641056060791016 -60.087581634521484 0
vertex 43.641056060791016 -61.087581634521484 0
vertex 43.641056060791016 -61.087581634521484 -4
endloop
endfacet
facet normal 0 0 1
outer loop
vertex -65.00763702392578 -56.79030227661133 -5
vertex -65.15408325195312 -59.816734313964844 -5
vertex -64.84542083740234 -56.681915283203125 -5
endloop
endfacet
facet normal 1 0 0
outer loop
vertex -59.554080963134766 -59.842044830322266 -1.6663025617599487
vertex -59.554080963134766 -58.643856048583984 -4
vertex -59.554080963134766 -58.643856048583984 0
endloop
endfacet
facet normal -1 0 0
outer loop
vertex -58.75408172607422 -58.84565353393555 0
vertex -58.75408172607422 -59.84566116333008 -1.6659173965454102
vertex -58.75408172607422 -59.10890579223633 -0.26324960589408875
endloop
endfacet
facet normal 1 0 0
outer loop
vertex -59.554080963134766 -59.104915618896484 -0.26287487149238586
vertex -59.554080963134766 -59.842044830322266 -1.6663025617599487
vertex -59.554080963134766 -58.643856048583984 0
endloop
endfacet
facet normal -0.0071932753245719 0.9999741280603738 0
outer loop
vertex -53.46274185180664 -58.60579299926758 0
vertex -58.75408172607422 -58.643856048583984 -4
vertex -58.75408172607422 -58.643856048583984 0
endloop
endfacet
facet normal -0.9807861986664705 0.19508570553829574 0
outer loop
vertex -53.154083251953125 -58.143856048583984 0
vertex -53.154083251953125 -58.143856048583984 -4
vertex -53.192142486572266 -58.33519744873047 0
endloop
endfacet
facet normal -0.83146321751404 0.5555798033776966 0
outer loop
vertex -53.192142486572266 -58.33519744873047 0
vertex -53.192142486572266 -58.33519744873047 -4
vertex -53.30052947998047 -58.497406005859375 0
endloop
endfacet
facet normal -0.5555707707654927 0.8314692529919772 0
outer loop
vertex -53.30052947998047 -58.497406005859375 0
vertex -53.30052947998047 -58.497406005859375 -4
vertex -53.46274185180664 -58.60579299926758 0
endloop
endfacet
facet normal -0.8314510455747649 -0.5555980190863088 0
outer loop
vertex -53.21882629394531 -56.91257858276367 0
vertex -53.192142486572266 -56.952510833740234 -5
vertex -53.192142486572266 -56.952510833740234 0
endloop
endfacet
facet normal -1 0 0
outer loop
vertex -53.154083251953125 -59.870975494384766 -5
vertex -53.154083251953125 -59.870975494384766 -4
vertex -53.154083251953125 -58.143856048583984 -4
endloop
endfacet
facet normal -1 0 0
outer loop
vertex -53.154083251953125 -57.143856048583984 -5
vertex -53.154083251953125 -59.870975494384766 -5
vertex -53.154083251953125 -58.143856048583984 -4
endloop
endfacet
facet normal -0.19508570553829574 -0.9807861986664705 0
outer loop
vertex -53.654083251953125 -56.643856048583984 -5
vertex -53.46274185180664 -56.681915283203125 -5
vertex -53.46274185180664 -56.681915283203125 -4.099999904632568
endloop
endfacet
facet normal -0.5555707707654927 -0.8314692529919772 0
outer loop
vertex -53.46274185180664 -56.681915283203125 -5
vertex -53.30052947998047 -56.79030227661133 -5
vertex -53.30052947998047 -56.79030227661133 -4.099999904632568
endloop
endfacet
facet normal 0 0 1
outer loop
vertex -65.15408325195312 -59.816734313964844 -5
vertex -65.11602020263672 -56.952510833740234 -5
vertex -65.15408325195312 -57.143856048583984 -5
endloop
endfacet
facet normal 0 0 1
outer loop
vertex -65.11602020263672 -56.952510833740234 -5
vertex -65.15408325195312 -59.816734313964844 -5
vertex -65.00763702392578 -56.79030227661133 -5
endloop
endfacet
facet normal -0.0071932753245719 0.9999741280603738 0
outer loop
vertex -53.46274185180664 -58.60579299926758 -4
vertex -58.75408172607422 -58.643856048583984 -4
vertex -53.46274185180664 -58.60579299926758 0
endloop
endfacet
facet normal -0.9807861986664705 0.19508570553829574 0
outer loop
vertex -53.154083251953125 -58.143856048583984 -4
vertex -53.192142486572266 -58.33519744873047 -4
vertex -53.192142486572266 -58.33519744873047 0
endloop
endfacet
facet normal 1 0 0
outer loop
vertex -65.15408325195312 -59.816734313964844 -4
vertex -65.15408325195312 -59.816734313964844 -5
vertex -65.15408325195312 -58.143856048583984 -4
endloop
endfacet
facet normal 1 0 0
outer loop
vertex -65.15408325195312 -58.143856048583984 -4
vertex -65.15408325195312 -59.816734313964844 -5
vertex -65.15408325195312 -57.143856048583984 -5
endloop
endfacet
facet normal 0.8314722502276307 -0.5555662850634364 0.000001487536599116487
outer loop
vertex -65.00763702392578 -56.79030227661133 -5
vertex -65.08934020996094 -56.91257858276367 -4.099999904632568
vertex -65.11602020263672 -56.952510833740234 -5
endloop
endfacet
facet normal 0.5555617383814266 -0.831475288175546 0
outer loop
vertex -65.00763702392578 -56.79030227661133 -5
vertex -64.84542083740234 -56.681915283203125 -5
vertex -64.84542083740234 -56.681915283203125 -4.099999904632568
endloop
endfacet
facet normal 0.19508944693220684 -0.980785454467839 0
outer loop
vertex -64.84542083740234 -56.681915283203125 -5
vertex -64.65408325195312 -56.643856048583984 -5
vertex -64.65408325195312 -56.643856048583984 -4.099999904632568
endloop
endfacet
facet normal 0.8314671925425486 -0.5555738544292851 0
outer loop
vertex -65.08934020996094 -56.91257858276367 -4.099999904632568
vertex -65.00763702392578 -56.79030227661133 -5
vertex -65.00763702392578 -56.79030227661133 -4.099999904632568
endloop
endfacet
facet normal 0.5555617383814266 -0.831475288175546 0
outer loop
vertex -65.00763702392578 -56.79030227661133 -4.099999904632568
vertex -65.00763702392578 -56.79030227661133 -5
vertex -64.84542083740234 -56.681915283203125 -4.099999904632568
endloop
endfacet
facet normal 0.19508944693220684 -0.980785454467839 0
outer loop
vertex -64.84542083740234 -56.681915283203125 -4.099999904632568
vertex -64.84542083740234 -56.681915283203125 -5
vertex -64.65408325195312 -56.643856048583984 -4.099999904632568
endloop
endfacet
facet normal 0 0 -1
outer loop
vertex -65.15408325195312 -59.816734313964844 -4
vertex -65.11602020263672 -58.33519744873047 -4
vertex -65.00763702392578 -58.497406005859375 -4
endloop
endfacet
facet normal 0 0 -1
outer loop
vertex -65.11602020263672 -58.33519744873047 -4
vertex -65.15408325195312 -59.816734313964844 -4
vertex -65.15408325195312 -58.143856048583984 -4
endloop
endfacet
facet normal 0 0 -1
outer loop
vertex -65.15408325195312 -59.816734313964844 -4
vertex -65.00763702392578 -58.497406005859375 -4
vertex -64.84542083740234 -58.60579299926758 -4
endloop
endfacet
facet normal 0 0 -1
outer loop
vertex -65.15408325195312 -59.816734313964844 -4
vertex -64.84542083740234 -58.60579299926758 -4
vertex -64.65408325195312 -58.643856048583984 -4
endloop
endfacet
facet normal 0.9807832014732841 -0.19510077321173103 0
outer loop
vertex -65.15408325195312 -57.143856048583984 -5
vertex -65.11602020263672 -56.952510833740234 -5
vertex -65.11602020263672 -56.952510833740234 0
endloop
endfacet
facet normal 1 0 0
outer loop
vertex -65.15408325195312 -58.143856048583984 -4
vertex -65.15408325195312 -57.143856048583984 -5
vertex -65.15408325195312 -57.143856048583984 0
endloop
endfacet
facet normal 0.8314877372926076 -0.5555431060971052 0
outer loop
vertex -65.11602020263672 -56.952510833740234 0
vertex -65.11602020263672 -56.952510833740234 -5
vertex -65.08934020996094 -56.91257858276367 -4.099999904632568
endloop
endfacet
facet normal 0 0 1
outer loop
vertex -64.65408325195312 -56.643856048583984 -5
vertex -65.15408325195312 -59.816734313964844 -5
vertex -53.654083251953125 -56.643856048583984 -5
endloop
endfacet
facet normal 0 -1 0
outer loop
vertex -64.65408325195312 -56.643856048583984 -4.099999904632568
vertex -64.65408325195312 -56.643856048583984 -5
vertex -53.654083251953125 -56.643856048583984 -4.099999904632568
endloop
endfacet
facet normal 0 0 1
outer loop
vertex -53.154083251953125 -59.870975494384766 -5
vertex -53.154083251953125 -57.143856048583984 -5
vertex -65.15408325195312 -59.816734313964844 -5
endloop
endfacet
facet normal 0 0 1
outer loop
vertex -65.15408325195312 -59.816734313964844 -5
vertex -53.154083251953125 -57.143856048583984 -5
vertex -53.192142486572266 -56.952510833740234 -5
endloop
endfacet
facet normal 0 0 1
outer loop
vertex -53.654083251953125 -56.643856048583984 -5
vertex -65.15408325195312 -59.816734313964844 -5
vertex -53.46274185180664 -56.681915283203125 -5
endloop
endfacet
facet normal 0 0 1
outer loop
vertex -65.15408325195312 -59.816734313964844 -5
vertex -53.192142486572266 -56.952510833740234 -5
vertex -53.30052947998047 -56.79030227661133 -5
endloop
endfacet
facet normal 0 0 1
outer loop
vertex -53.46274185180664 -56.681915283203125 -5
vertex -65.15408325195312 -59.816734313964844 -5
vertex -53.30052947998047 -56.79030227661133 -5
endloop
endfacet
facet normal 0 -1 0
outer loop
vertex -53.654083251953125 -56.643856048583984 -4.099999904632568
vertex -64.65408325195312 -56.643856048583984 -5
vertex -53.654083251953125 -56.643856048583984 -5
endloop
endfacet
facet normal 0 0 -1
outer loop
vertex -65.15408325195312 -59.816734313964844 -4
vertex -64.65408325195312 -58.643856048583984 -4
vertex -59.554080963134766 -59.842044830322266 -4
endloop
endfacet
facet normal 0 0 -1
outer loop
vertex -59.554080963134766 -59.842044830322266 -4
vertex -64.65408325195312 -58.643856048583984 -4
vertex -59.554080963134766 -58.643856048583984 -4
endloop
endfacet
facet normal 1 0 0
outer loop
vertex -59.554080963134766 -59.842044830322266 -4
vertex -59.554080963134766 -58.643856048583984 -4
vertex -59.554080963134766 -59.842044830322266 -1.6663025617599487
endloop
endfacet
facet normal 0 0 -1
outer loop
vertex -58.75408172607422 -59.84566116333008 -4
vertex -58.75408172607422 -58.643856048583984 -4
vertex -53.154083251953125 -59.870975494384766 -4
endloop
endfacet
facet normal 0 0 -1
outer loop
vertex -53.154083251953125 -59.870975494384766 -4
vertex -58.75408172607422 -58.643856048583984 -4
vertex -53.46274185180664 -58.60579299926758 -4
endloop
endfacet
facet normal 0.5555617383814266 0.831475288175546 0
outer loop
vertex -64.84542083740234 -58.60579299926758 -4
vertex -65.00763702392578 -58.497406005859375 -4
vertex -65.00763702392578 -58.497406005859375 0
endloop
endfacet
facet normal 0.19510825652323827 0.9807817128375009 0
outer loop
vertex -64.65408325195312 -58.643856048583984 -4
vertex -64.84542083740234 -58.60579299926758 -4
vertex -64.84542083740234 -58.60579299926758 0
endloop
endfacet
facet normal 0.8314722502285505 0.555566285064051 0
outer loop
vertex -65.00763702392578 -58.497406005859375 -4
vertex -65.11602020263672 -58.33519744873047 -4
vertex -65.11602020263672 -58.33519744873047 0
endloop
endfacet
facet normal 0.980782457176804 0.19510451479714808 0
outer loop
vertex -65.11602020263672 -58.33519744873047 -4
vertex -65.15408325195312 -58.143856048583984 -4
vertex -65.15408325195312 -58.143856048583984 0
endloop
endfacet
facet normal -0.8314632175134717 -0.555579803377317 -0.0000011690975772147865
outer loop
vertex -53.30052947998047 -56.79030227661133 -5
vertex -53.192142486572266 -56.952510833740234 -5
vertex -53.21882629394531 -56.91257858276367 -4.099999904632568
endloop
endfacet
facet normal 0.9807832014732841 -0.19510077321173103 0
outer loop
vertex -65.15408325195312 -57.143856048583984 0
vertex -65.15408325195312 -57.143856048583984 -5
vertex -65.11602020263672 -56.952510833740234 0
endloop
endfacet
facet normal 0.8314722502285505 0.555566285064051 0
outer loop
vertex -65.00763702392578 -58.497406005859375 0
vertex -65.00763702392578 -58.497406005859375 -4
vertex -65.11602020263672 -58.33519744873047 0
endloop
endfacet
facet normal 0.5555617383814266 0.831475288175546 0
outer loop
vertex -64.84542083740234 -58.60579299926758 0
vertex -64.84542083740234 -58.60579299926758 -4
vertex -65.00763702392578 -58.497406005859375 0
endloop
endfacet
facet normal -1 0 0
outer loop
vertex -58.75408172607422 -59.84566116333008 -1.6659173965454102
vertex -58.75408172607422 -59.71485137939453 -0.32014966011047363
vertex -58.75408172607422 -59.10890579223633 -0.26324960589408875
endloop
endfacet
facet normal -1 0 0
outer loop
vertex -58.75408172607422 -59.84566116333008 -1.6659173965454102
vertex -58.75408172607422 -60.51241683959961 -0.4050999879837036
vertex -58.75408172607422 -59.71485137939453 -0.32014966011047363
endloop
endfacet
facet normal 1 0 0
outer loop
vertex -59.554080963134766 -59.71485137939453 -0.32014966011047363
vertex -59.554080963134766 -59.842044830322266 -1.6663025617599487
vertex -59.554080963134766 -59.104915618896484 -0.26287487149238586
endloop
endfacet
facet normal 1 0 0
outer loop
vertex -59.554080963134766 -60.51241683959961 -0.4050999879837036
vertex -59.554080963134766 -60.51241683959961 -1.5949000120162964
vertex -59.554080963134766 -59.71485137939453 -0.32014966011047363
endloop
endfacet
facet normal -1 0 0
outer loop
vertex -58.75408172607422 -58.84565353393555 0
vertex -58.75408172607422 -58.643856048583984 0
vertex -58.75408172607422 -58.643856048583984 -4
endloop
endfacet
facet normal 1 0 0
outer loop
vertex -59.554080963134766 -60.51241683959961 -1.5949000120162964
vertex -59.554080963134766 -59.842044830322266 -1.6663025617599487
vertex -59.554080963134766 -59.71485137939453 -0.32014966011047363
endloop
endfacet
facet normal -1 0 0
outer loop
vertex -58.75408172607422 -59.84566116333008 -1.6659173965454102
vertex -58.75408172607422 -60.51241683959961 -1.5949000120162964
vertex -58.75408172607422 -60.51241683959961 -0.4050999879837036
endloop
endfacet
facet normal 0 1 0
outer loop
vertex -59.554080963134766 -58.643856048583984 0
vertex -64.65408325195312 -58.643856048583984 -4
vertex -64.65408325195312 -58.643856048583984 0
endloop
endfacet
facet normal 0.19510825652323827 0.9807817128375009 0
outer loop
vertex -64.65408325195312 -58.643856048583984 -4
vertex -64.84542083740234 -58.60579299926758 0
vertex -64.65408325195312 -58.643856048583984 0
endloop
endfacet
facet normal -0.19508570553829574 -0.9807861986664705 0
outer loop
vertex -53.654083251953125 -56.643856048583984 -4.099999904632568
vertex -53.654083251953125 -56.643856048583984 -5
vertex -53.46274185180664 -56.681915283203125 -4.099999904632568
endloop
endfacet
facet normal -0.8314671925425486 -0.5555738544292851 0
outer loop
vertex -53.30052947998047 -56.79030227661133 -4.099999904632568
vertex -53.30052947998047 -56.79030227661133 -5
vertex -53.21882629394531 -56.91257858276367 -4.099999904632568
endloop
endfacet
facet normal -0.5555707707654927 -0.8314692529919772 0
outer loop
vertex -53.46274185180664 -56.681915283203125 -4.099999904632568
vertex -53.46274185180664 -56.681915283203125 -5
vertex -53.30052947998047 -56.79030227661133 -4.099999904632568
endloop
endfacet
facet normal 0 0 -1
outer loop
vertex -53.154083251953125 -59.870975494384766 -4
vertex -53.46274185180664 -58.60579299926758 -4
vertex -53.30052947998047 -58.497406005859375 -4
endloop
endfacet
facet normal -1 0 0
outer loop
vertex -58.75408172607422 -60.51241683959961 -0.4050999879837036
vertex -58.75408172607422 -61.308860778808594 -1.5
vertex -58.75408172607422 -61.308860778808594 -0.5
endloop
endfacet
facet normal 1 0 0
outer loop
vertex -59.554080963134766 -61.308860778808594 -0.5
vertex -59.554080963134766 -61.308860778808594 -1.5
vertex -59.554080963134766 -60.51241683959961 -0.4050999879837036
endloop
endfacet
facet normal 0.980782457176804 0.19510451479714808 0
outer loop
vertex -65.11602020263672 -58.33519744873047 0
vertex -65.11602020263672 -58.33519744873047 -4
vertex -65.15408325195312 -58.143856048583984 0
endloop
endfacet
facet normal -1 0 0
outer loop
vertex -58.75408172607422 -60.51241683959961 -1.5949000120162964
vertex -58.75408172607422 -61.308860778808594 -1.5
vertex -58.75408172607422 -60.51241683959961 -0.4050999879837036
endloop
endfacet
facet normal 1 0 0
outer loop
vertex -59.554080963134766 -61.308860778808594 -1.5
vertex -59.554080963134766 -60.51241683959961 -1.5949000120162964
vertex -59.554080963134766 -60.51241683959961 -0.4050999879837036
endloop
endfacet
facet normal 1 0 0
outer loop
vertex -65.15408325195312 -58.143856048583984 0
vertex -65.15408325195312 -58.143856048583984 -4
vertex -65.15408325195312 -57.143856048583984 0
endloop
endfacet
facet normal 0.8314877372926076 -0.5555431060971052 0
outer loop
vertex -65.11602020263672 -56.952510833740234 0
vertex -65.08934020996094 -56.91257858276367 -4.099999904632568
vertex -65.08934020996094 -56.91257858276367 0
endloop
endfacet
facet normal 0 0 -1
outer loop
vertex -53.154083251953125 -59.870975494384766 -4
vertex -53.30052947998047 -58.497406005859375 -4
vertex -53.192142486572266 -58.33519744873047 -4
endloop
endfacet
facet normal 0 0 -1
outer loop
vertex -53.154083251953125 -58.143856048583984 -4
vertex -53.154083251953125 -59.870975494384766 -4
vertex -53.192142486572266 -58.33519744873047 -4
endloop
endfacet
facet normal -0.9807869428222868 -0.19508196428504695 0
outer loop
vertex -53.192142486572266 -56.952510833740234 -5
vertex -53.154083251953125 -57.143856048583984 -5
vertex -53.154083251953125 -57.143856048583984 0
endloop
endfacet
facet normal -1 0 0
outer loop
vertex -53.154083251953125 -57.143856048583984 -5
vertex -53.154083251953125 -58.143856048583984 -4
vertex -53.154083251953125 -58.143856048583984 0
endloop
endfacet
facet normal -0.9807869428222868 -0.19508196428504695 0
outer loop
vertex -53.192142486572266 -56.952510833740234 -5
vertex -53.154083251953125 -57.143856048583984 0
vertex -53.192142486572266 -56.952510833740234 0
endloop
endfacet
facet normal -0.8314510455747648 -0.5555980190863087 0
outer loop
vertex -53.21882629394531 -56.91257858276367 -4.099999904632568
vertex -53.192142486572266 -56.952510833740234 -5
vertex -53.21882629394531 -56.91257858276367 0
endloop
endfacet
facet normal -0.5555707707654927 0.8314692529919772 0
outer loop
vertex -53.30052947998047 -58.497406005859375 -4
vertex -53.46274185180664 -58.60579299926758 -4
vertex -53.46274185180664 -58.60579299926758 0
endloop
endfacet
facet normal 0 1 0
outer loop
vertex -59.554080963134766 -58.643856048583984 -4
vertex -64.65408325195312 -58.643856048583984 -4
vertex -59.554080963134766 -58.643856048583984 0
endloop
endfacet
facet normal -1 0 0
outer loop
vertex -58.75408172607422 -58.643856048583984 -4
vertex -58.75408172607422 -59.84566116333008 -4
vertex -58.75408172607422 -58.84565353393555 0
endloop
endfacet
facet normal -0.83146321751404 0.5555798033776966 0
outer loop
vertex -53.192142486572266 -58.33519744873047 -4
vertex -53.30052947998047 -58.497406005859375 -4
vertex -53.30052947998047 -58.497406005859375 0
endloop
endfacet
facet normal -1 0 0
outer loop
vertex -53.154083251953125 -57.143856048583984 0
vertex -53.154083251953125 -57.143856048583984 -5
vertex -53.154083251953125 -58.143856048583984 0
endloop
endfacet
facet normal 0 0 1
outer loop
vertex -64.84542083740234 -56.681915283203125 -5
vertex -65.15408325195312 -59.816734313964844 -5
vertex -64.65408325195312 -56.643856048583984 -5
endloop
endfacet
facet normal -1 0 0
outer loop
vertex -58.75408172607422 -58.84565353393555 0
vertex -58.75408172607422 -59.84566116333008 -4
vertex -58.75408172607422 -59.84566116333008 -1.6659173965454102
endloop
endfacet
facet normal 1 0 0
outer loop
vertex -59.554080963134766 -58.643856048583984 0
vertex -59.554080963134766 -58.842037200927734 0
vertex -59.554080963134766 -59.104915618896484 -0.26287487149238586
endloop
endfacet
facet normal 0 0 -1
outer loop
vertex -59.536766052246094 48.16521072387695 -3.5
vertex -59.709651947021484 48.25762176513672 -3.5
vertex -60.154083251953125 49.08909225463867 -3.5
endloop
endfacet
facet normal 0 0 -1
outer loop
vertex -59.86119079589844 48.38198471069336 -3.5
vertex -59.98555374145508 48.53351974487305 -3.5
vertex -60.154083251953125 49.08909225463867 -3.5
endloop
endfacet
facet normal 0 0 -1
outer loop
vertex -59.98555374145508 48.53351974487305 -3.5
vertex -60.07796096801758 48.7064094543457 -3.5
vertex -60.13486862182617 48.89400100708008 -3.5
endloop
endfacet
facet normal 0 0 -1
outer loop
vertex -58.5985107421875 48.25762176513672 -3.5
vertex -58.771400451660156 48.16521072387695 -3.5
vertex -60.154083251953125 49.08909225463867 -3.5
endloop
endfacet
facet normal 0 0 -1
outer loop
vertex -58.44697570800781 48.38198471069336 -3.5
vertex -58.5985107421875 48.25762176513672 -3.5
vertex -60.154083251953125 49.08909225463867 -3.5
endloop
endfacet
facet normal 0 0 -1
outer loop
vertex -58.32261276245117 48.53351974487305 -3.5
vertex -58.44697570800781 48.38198471069336 -3.5
vertex -60.154083251953125 49.08909225463867 -3.5
endloop
endfacet
facet normal 0 0 -1
outer loop
vertex -58.230201721191406 48.7064094543457 -3.5
vertex -58.32261276245117 48.53351974487305 -3.5
vertex -60.154083251953125 49.08909225463867 -3.5
endloop
endfacet
facet normal 0 0 -1
outer loop
vertex -58.17329788208008 48.89400100708008 -3.5
vertex -58.230201721191406 48.7064094543457 -3.5
vertex -60.154083251953125 49.08909225463867 -3.5
endloop
endfacet
facet normal 0 0 -1
outer loop
vertex -58.771400451660156 48.16521072387695 -3.5
vertex -58.95899200439453 48.108306884765625 -3.5
vertex -60.154083251953125 49.08909225463867 -3.5
endloop
endfacet
facet normal 0 0 -1
outer loop
vertex -58.15436553955078 49.086212158203125 -3.5
vertex -58.17329788208008 48.89400100708008 -3.5
vertex -60.154083251953125 49.08909225463867 -3.5
endloop
endfacet
facet normal 0.634387877656003 0.7730148903372509 0
outer loop
vertex -59.709651947021484 48.25762176513672 -7.948310375213623
vertex -59.86119079589844 48.38198471069336 -7.932158470153809
vertex -59.86119079589844 48.38198471069336 -3.5
endloop
endfacet
facet normal 0.47140310582223166 0.881917860019375 0
outer loop
vertex -59.536766052246094 48.16521072387695 -7.960312366485596
vertex -59.709651947021484 48.25762176513672 -7.948310375213623
vertex -59.709651947021484 48.25762176513672 -3.5
endloop
endfacet
facet normal 0.09801622777686082 0.9951848165503705 0
outer loop
vertex -59.34917449951172 48.108306884765625 -7.967703342437744
vertex -59.34917449951172 48.108306884765625 -3.5
vertex -59.154083251953125 48.08909225463867 -7.970198631286621
endloop
endfacet
facet normal 0.2902779678676651 0.9569423709767578 0
outer loop
vertex -59.34917449951172 48.108306884765625 -7.967703342437744
vertex -59.536766052246094 48.16521072387695 -7.960312366485596
vertex -59.536766052246094 48.16521072387695 -3.5
endloop
endfacet
facet normal -0.09801622777686082 0.9951848165503705 0
outer loop
vertex -59.154083251953125 48.08909225463867 -7.970198631286621
vertex -59.154083251953125 48.08909225463867 -3.5
vertex -58.95899200439453 48.108306884765625 -7.967703342437744
endloop
endfacet
facet normal -0.2902779678676651 0.9569423709767578 0
outer loop
vertex -58.95899200439453 48.108306884765625 -7.967703342437744
vertex -58.95899200439453 48.108306884765625 -3.5
vertex -58.771400451660156 48.16521072387695 -7.960312366485596
endloop
endfacet
facet normal -0.4713950159280179 0.8819221841853303 0
outer loop
vertex -58.771400451660156 48.16521072387695 -7.960312366485596
vertex -58.771400451660156 48.16521072387695 -3.5
vertex -58.5985107421875 48.25762176513672 -7.948310375213623
endloop
endfacet
facet normal 0 0 -1
outer loop
vertex -58.95899200439453 48.108306884765625 -3.5
vertex -59.154083251953125 48.08909225463867 -3.5
vertex -60.154083251953125 49.08909225463867 -3.5
endloop
endfacet
facet normal 0 0 -1
outer loop
vertex -59.154083251953125 48.08909225463867 -3.5
vertex -59.34917449951172 48.108306884765625 -3.5
vertex -60.154083251953125 49.08909225463867 -3.5
endloop
endfacet
facet normal 0.7729231540635708 0.6344996437449131 0
outer loop
vertex -59.96488571166992 48.50834274291992 -7.91574764251709
vertex -59.98555374145508 48.53351974487305 -7.883120536804199
vertex -59.98555374145508 48.53351974487305 -3.5
endloop
endfacet
facet normal 0.7730238521338841 0.6343769573610947 0.000001170833675317232
outer loop
vertex -59.86119079589844 48.38198471069336 -7.932158470153809
vertex -59.96488571166992 48.50834274291992 -7.91574764251709
vertex -59.98555374145508 48.53351974487305 -3.5
endloop
endfacet
facet normal 0.8819302739048787 0.4713798807438282 0
outer loop
vertex -59.98555374145508 48.53351974487305 -7.883120536804199
vertex -60.07796096801758 48.7064094543457 -7.658934116363525
vertex -60.07796096801758 48.7064094543457 -3.5
endloop
endfacet
facet normal 0.9569369653840533 0.29029578757115887 0
outer loop
vertex -60.07796096801758 48.7064094543457 -7.658934116363525
vertex -60.13486862182617 48.89400100708008 -7.415532112121582
vertex -60.13486862182617 48.89400100708008 -3.5
endloop
endfacet
facet normal 0.9951848165503704 0.09801622777686082 0
outer loop
vertex -60.13486862182617 48.89400100708008 -7.415532112121582
vertex -60.154083251953125 49.08909225463867 -7.162268161773682
vertex -60.154083251953125 49.08909225463867 -3.5
endloop
endfacet
facet normal -0.6343974203505326 0.7730070588633648 0
outer loop
vertex -58.5985107421875 48.25762176513672 -7.948310375213623
vertex -58.5985107421875 48.25762176513672 -3.5
vertex -58.44697570800781 48.38198471069336 -7.932158470153809
endloop
endfacet
facet normal -0.7730118253303423 0.6343916124125951 0
outer loop
vertex -58.44697570800781 48.38198471069336 -7.932158470153809
vertex -58.44697570800781 48.38198471069336 -3.5
vertex -58.34709930419922 48.503684997558594 -7.91635274887085
endloop
endfacet
facet normal -0.7729876159060871 0.634421110663748 0
outer loop
vertex -58.34709930419922 48.503684997558594 -7.91635274887085
vertex -58.32261276245117 48.53351974487305 -3.5
vertex -58.32261276245117 48.53351974487305 -7.87752628326416
endloop
endfacet
facet normal -0.8819221841853303 0.47139501592801786 0
outer loop
vertex -58.32261276245117 48.53351974487305 -7.87752628326416
vertex -58.32261276245117 48.53351974487305 -3.5
vertex -58.230201721191406 48.7064094543457 -7.652718544006348
endloop
endfacet
facet normal 0 0 -1
outer loop
vertex -59.34917449951172 48.108306884765625 -3.5
vertex -59.536766052246094 48.16521072387695 -3.5
vertex -60.154083251953125 49.08909225463867 -3.5
endloop
endfacet
facet normal -0.9569423709767579 0.2902779678676651 0
outer loop
vertex -58.230201721191406 48.7064094543457 -7.652718544006348
vertex -58.230201721191406 48.7064094543457 -3.5
vertex -58.17329788208008 48.89400100708008 -7.408933162689209
endloop
endfacet
facet normal -0.9951841223590094 0.09802327583042778 0
outer loop
vertex -58.17329788208008 48.89400100708008 -7.408933162689209
vertex -58.17329788208008 48.89400100708008 -3.5
vertex -58.15436553955078 49.086212158203125 -7.15927791595459
endloop
endfacet
facet normal 0.47140310582223166 0.881917860019375 0
outer loop
vertex -59.536766052246094 48.16521072387695 -3.5
vertex -59.536766052246094 48.16521072387695 -7.960312366485596
vertex -59.709651947021484 48.25762176513672 -3.5
endloop
endfacet
facet normal 0.634387877656003 0.7730148903372509 0
outer loop
vertex -59.709651947021484 48.25762176513672 -3.5
vertex -59.709651947021484 48.25762176513672 -7.948310375213623
vertex -59.86119079589844 48.38198471069336 -3.5
endloop
endfacet
facet normal 0.2902779678676651 0.9569423709767578 0
outer loop
vertex -59.34917449951172 48.108306884765625 -3.5
vertex -59.34917449951172 48.108306884765625 -7.967703342437744
vertex -59.536766052246094 48.16521072387695 -3.5
endloop
endfacet
facet normal 0.09801622777686082 0.9951848165503705 0
outer loop
vertex -59.154083251953125 48.08909225463867 -3.5
vertex -59.154083251953125 48.08909225463867 -7.970198631286621
vertex -59.34917449951172 48.108306884765625 -3.5
endloop
endfacet
facet normal -0.09801622777686082 0.9951848165503705 0
outer loop
vertex -58.95899200439453 48.108306884765625 -3.5
vertex -58.95899200439453 48.108306884765625 -7.967703342437744
vertex -59.154083251953125 48.08909225463867 -3.5
endloop
endfacet
facet normal -0.2902779678676651 0.9569423709767578 0
outer loop
vertex -58.771400451660156 48.16521072387695 -3.5
vertex -58.771400451660156 48.16521072387695 -7.960312366485596
vertex -58.95899200439453 48.108306884765625 -3.5
endloop
endfacet
facet normal -0.47139501592801797 0.8819221841853304 0
outer loop
vertex -58.5985107421875 48.25762176513672 -3.5
vertex -58.5985107421875 48.25762176513672 -7.948310375213623
vertex -58.771400451660156 48.16521072387695 -3.5
endloop
endfacet
facet normal 0.8819302739048787 0.4713798807438282 0
outer loop
vertex -59.98555374145508 48.53351974487305 -3.5
vertex -59.98555374145508 48.53351974487305 -7.883120536804199
vertex -60.07796096801758 48.7064094543457 -3.5
endloop
endfacet
facet normal 0.7730070588633648 0.6343974203505326 0
outer loop
vertex -59.86119079589844 48.38198471069336 -3.5
vertex -59.86119079589844 48.38198471069336 -7.932158470153809
vertex -59.98555374145508 48.53351974487305 -3.5
endloop
endfacet
facet normal 0.9569369653840532 0.2902957875711588 0
outer loop
vertex -60.07796096801758 48.7064094543457 -3.5
vertex -60.07796096801758 48.7064094543457 -7.658934116363525
vertex -60.13486862182617 48.89400100708008 -3.5
endloop
endfacet
facet normal 0.9951848165503705 0.09801622777686082 0
outer loop
vertex -60.13486862182617 48.89400100708008 -3.5
vertex -60.13486862182617 48.89400100708008 -7.415532112121582
vertex -60.154083251953125 49.08909225463867 -3.5
endloop
endfacet
facet normal -0.6343974203505326 0.7730070588633648 0
outer loop
vertex -58.44697570800781 48.38198471069336 -3.5
vertex -58.44697570800781 48.38198471069336 -7.932158470153809
vertex -58.5985107421875 48.25762176513672 -3.5
endloop
endfacet
facet normal -0.7730070588633371 0.6343974203505098 2.678421224325463e-7
outer loop
vertex -58.32261276245117 48.53351974487305 -3.5
vertex -58.34709930419922 48.503684997558594 -7.91635274887085
vertex -58.44697570800781 48.38198471069336 -3.5
endloop
endfacet
facet normal -0.8819221841853304 0.4713950159280179 0
outer loop
vertex -58.230201721191406 48.7064094543457 -3.5
vertex -58.230201721191406 48.7064094543457 -7.652718544006348
vertex -58.32261276245117 48.53351974487305 -3.5
endloop
endfacet
facet normal -0.9569423709767578 0.290277967867665 0
outer loop
vertex -58.17329788208008 48.89400100708008 -3.5
vertex -58.17329788208008 48.89400100708008 -7.408933162689209
vertex -58.230201721191406 48.7064094543457 -3.5
endloop
endfacet
facet normal -0.9951841223590094 0.09802327583042778 0
outer loop
vertex -58.15436553955078 49.086212158203125 -3.5
vertex -58.15436553955078 49.086212158203125 -7.15927791595459
vertex -58.17329788208008 48.89400100708008 -3.5
endloop
endfacet
facet normal 0 0 -1
outer loop
vertex -59.709651947021484 48.25762176513672 -3.5
vertex -59.86119079589844 48.38198471069336 -3.5
vertex -60.154083251953125 49.08909225463867 -3.5
endloop
endfacet
facet normal 0 0 -1
outer loop
vertex -60.154083251953125 49.08909225463867 -3.5
vertex -59.98555374145508 48.53351974487305 -3.5
vertex -60.13486862182617 48.89400100708008 -3.5
endloop
endfacet
facet normal 0 0 -1
outer loop
vertex 50.34815979003906 55.82551574707031 -3.5
vertex 50.196624755859375 55.70115280151367 -3.5
vertex 48.70508575439453 56.18979263305664 -3.5
endloop
endfacet
facet normal -0.9951848165503705 0.09801622777686082 0
outer loop
vertex 50.62184143066406 56.33753204345703 -6.798338413238525
vertex 50.62184143066406 56.33753204345703 -3.5
vertex 50.641056060791016 56.532623291015625 -6.568734645843506
endloop
endfacet
facet normal 0 0 -1
outer loop
vertex 50.023738861083984 55.608741760253906 -3.5
vertex 49.836143493652344 55.55183792114258 -3.5
vertex 48.70508575439453 56.18979263305664 -3.5
endloop
endfacet
facet normal 0 0 -1
outer loop
vertex 49.836143493652344 55.55183792114258 -3.5
vertex 49.641056060791016 55.532623291015625 -3.5
vertex 48.70508575439453 56.18979263305664 -3.5
endloop
endfacet
facet normal 0 0 -1
outer loop
vertex 49.641056060791016 55.532623291015625 -3.5
vertex 49.44596481323242 55.55183792114258 -3.5
vertex 48.70508575439453 56.18979263305664 -3.5
endloop
endfacet
facet normal 0 0 -1
outer loop
vertex 49.44596481323242 55.55183792114258 -3.5
vertex 49.25837326049805 55.608741760253906 -3.5
vertex 48.70508575439453 56.18979263305664 -3.5
endloop
endfacet
facet normal 0 0 -1
outer loop
vertex 49.25837326049805 55.608741760253906 -3.5
vertex 49.08548355102539 55.70115280151367 -3.5
vertex 48.70508575439453 56.18979263305664 -3.5
endloop
endfacet
facet normal 0 0 -1
outer loop
vertex 49.08548355102539 55.70115280151367 -3.5
vertex 48.80958557128906 55.97705078125 -3.5
vertex 48.70508575439453 56.18979263305664 -3.5
endloop
endfacet
facet normal 0 0 -1
outer loop
vertex 48.70508575439453 56.18979263305664 -3.5
vertex 48.80958557128906 55.97705078125 -3.5
vertex 48.7171745300293 56.149940490722656 -3.5
endloop
endfacet
facet normal 0 0 -1
outer loop
vertex 48.9339485168457 55.82551574707031 -3.5
vertex 48.80958557128906 55.97705078125 -3.5
vertex 49.08548355102539 55.70115280151367 -3.5
endloop
endfacet
facet normal 0 0 -1
outer loop
vertex 50.4725227355957 55.97705078125 -3.5
vertex 50.34815979003906 55.82551574707031 -3.5
vertex 48.70508575439453 56.18979263305664 -3.5
endloop
endfacet
facet normal -0.9569356251448699 -0.2903002055262743 0
outer loop
vertex 50.577022552490234 56.875450134277344 -6.126347064971924
vertex 50.62184143066406 56.72771072387695 -3.5
vertex 50.577022552490234 56.875450134277344 -3.5
endloop
endfacet
facet normal -0.9951846295964323 -0.09801812595133512 0
outer loop
vertex 50.62184143066406 56.72771072387695 -3.5
vertex 50.62184143066406 56.72771072387695 -6.323841571807861
vertex 50.641056060791016 56.532623291015625 -3.5
endloop
endfacet
facet normal -0.9951848165503705 0.09801622777686082 0
outer loop
vertex 50.641056060791016 56.532623291015625 -3.5
vertex 50.641056060791016 56.532623291015625 -6.568734645843506
vertex 50.62184143066406 56.33753204345703 -3.5
endloop
endfacet
facet normal -0.956936965384038 0.2902957875711542 1.7746332126089282e-7
outer loop
vertex 50.62184143066406 56.33753204345703 -3.5
vertex 50.590240478515625 56.23336410522461 -6.912442207336426
vertex 50.56493377685547 56.149940490722656 -3.5
endloop
endfacet
facet normal 0.9569419337583515 0.29027940921606354 0
outer loop
vertex 48.7171745300293 56.149940490722656 -3.5
vertex 48.70508575439453 56.18979263305664 -6.21539831161499
vertex 48.70508575439453 56.18979263305664 -3.5
endloop
endfacet
facet normal -0.95693562514487 -0.2903002055262743 0
outer loop
vertex 50.577022552490234 56.875450134277344 -6.126347064971924
vertex 50.62184143066406 56.72771072387695 -6.323841571807861
vertex 50.62184143066406 56.72771072387695 -3.5
endloop
endfacet
facet normal -0.9951846295964324 -0.09801812595133513 0
outer loop
vertex 50.62184143066406 56.72771072387695 -6.323841571807861
vertex 50.641056060791016 56.532623291015625 -6.568734645843506
vertex 50.641056060791016 56.532623291015625 -3.5
endloop
endfacet
facet normal 0.9569419337583515 0.29027940921606354 0
outer loop
vertex 48.7171745300293 56.149940490722656 -3.5
vertex 48.7171745300293 56.149940490722656 -6.268675327301025
vertex 48.70508575439453 56.18979263305664 -6.21539831161499
endloop
endfacet
facet normal -0.8819221841853304 0.4713950159280179 0
outer loop
vertex 50.56493377685547 56.149940490722656 -3.5
vertex 50.56493377685547 56.149940490722656 -6.923277378082275
vertex 50.4725227355957 55.97705078125 -3.5
endloop
endfacet
facet normal 0.8819221841853303 0.47139501592801786 0
outer loop
vertex 48.80958557128906 55.97705078125 -3.5
vertex 48.80958557128906 55.97705078125 -6.515688419342041
vertex 48.7171745300293 56.149940490722656 -3.5
endloop
endfacet
facet normal -0.7730070588633648 0.6343974203505326 0
outer loop
vertex 50.4725227355957 55.97705078125 -3.5
vertex 50.4725227355957 55.97705078125 -6.9457316398620605
vertex 50.34815979003906 55.82551574707031 -3.5
endloop
endfacet
facet normal -0.6343974203505326 0.7730070588633648 0
outer loop
vertex 50.34815979003906 55.82551574707031 -3.5
vertex 50.34815979003906 55.82551574707031 -6.965412616729736
vertex 50.196624755859375 55.70115280151367 -3.5
endloop
endfacet
facet normal -0.4714031058222316 0.881917860019375 0
outer loop
vertex 50.196624755859375 55.70115280151367 -3.5
vertex 50.196624755859375 55.70115280151367 -6.981564521789551
vertex 50.023738861083984 55.608741760253906 -3.5
endloop
endfacet
facet normal -0.2902725625063676 0.9569440106171242 0
outer loop
vertex 50.023738861083984 55.608741760253906 -3.5
vertex 50.023738861083984 55.608741760253906 -6.993566513061523
vertex 49.836143493652344 55.55183792114258 -3.5
endloop
endfacet
facet normal -0.09801812595133512 0.9951846295964324 0
outer loop
vertex 49.836143493652344 55.55183792114258 -3.5
vertex 49.836143493652344 55.55183792114258 -7.000957489013672
vertex 49.641056060791016 55.532623291015625 -3.5
endloop
endfacet
facet normal 0.09801622777686082 0.9951848165503705 0
outer loop
vertex 49.641056060791016 55.532623291015625 -3.5
vertex 49.641056060791016 55.532623291015625 -7.003452777862549
vertex 49.44596481323242 55.55183792114258 -3.5
endloop
endfacet
facet normal 0.290277967867665 0.9569423709767578 0
outer loop
vertex 49.44596481323242 55.55183792114258 -3.5
vertex 49.44596481323242 55.55183792114258 -7.000957489013672
vertex 49.25837326049805 55.608741760253906 -3.5
endloop
endfacet
facet normal 0.7730070588633648 0.6343974203505326 0
outer loop
vertex 48.9339485168457 55.82551574707031 -3.5
vertex 48.9339485168457 55.82551574707031 -6.74945068359375
vertex 48.80958557128906 55.97705078125 -3.5
endloop
endfacet
facet normal 0.6343968535615003 0.7730063682364664 0.0013367337568122078
outer loop
vertex 49.08548355102539 55.70115280151367 -3.5
vertex 49.10652542114258 55.68990707397461 -6.983025074005127
vertex 48.9339485168457 55.82551574707031 -3.5
endloop
endfacet
facet normal 0.4713950159280179 0.8819221841853304 0
outer loop
vertex 49.25837326049805 55.608741760253906 -3.5
vertex 49.25837326049805 55.608741760253906 -6.993566513061523
vertex 49.08548355102539 55.70115280151367 -3.5
endloop
endfacet
facet normal 0.8819221841853304 0.4713950159280179 0
outer loop
vertex 48.80958557128906 55.97705078125 -6.515688419342041
vertex 48.7171745300293 56.149940490722656 -6.268675327301025
vertex 48.7171745300293 56.149940490722656 -3.5
endloop
endfacet
facet normal 0 0 -1
outer loop
vertex 50.56493377685547 56.149940490722656 -3.5
vertex 50.4725227355957 55.97705078125 -3.5
vertex 48.70508575439453 56.18979263305664 -3.5
endloop
endfacet
facet normal 0 0 -1
outer loop
vertex 50.56493377685547 56.149940490722656 -3.5
vertex 48.70508575439453 56.18979263305664 -3.5
vertex 50.62184143066406 56.72771072387695 -3.5
endloop
endfacet
facet normal 0 0 -1
outer loop
vertex 50.577022552490234 56.875450134277344 -3.5
vertex 50.62184143066406 56.72771072387695 -3.5
vertex 48.70508575439453 56.18979263305664 -3.5
endloop
endfacet
facet normal 0 0 -1
outer loop
vertex 50.62184143066406 56.33753204345703 -3.5
vertex 50.56493377685547 56.149940490722656 -3.5
vertex 50.641056060791016 56.532623291015625 -3.5
endloop
endfacet
facet normal 0 0 -1
outer loop
vertex 50.641056060791016 56.532623291015625 -3.5
vertex 50.56493377685547 56.149940490722656 -3.5
vertex 50.62184143066406 56.72771072387695 -3.5
endloop
endfacet
facet normal -0.9569353504040246 0.2903011111710162 0
outer loop
vertex 50.590240478515625 56.23336410522461 -6.912442207336426
vertex 50.62184143066406 56.33753204345703 -3.5
vertex 50.62184143066406 56.33753204345703 -6.798338413238525
endloop
endfacet
facet normal -0.9569389819151115 0.2902891401538639 0
outer loop
vertex 50.590240478515625 56.23336410522461 -6.912442207336426
vertex 50.56493377685547 56.149940490722656 -6.923277378082275
vertex 50.56493377685547 56.149940490722656 -3.5
endloop
endfacet
facet normal -0.8819221841853303 0.4713950159280179 0
outer loop
vertex 50.56493377685547 56.149940490722656 -6.923277378082275
vertex 50.4725227355957 55.97705078125 -6.9457316398620605
vertex 50.4725227355957 55.97705078125 -3.5
endloop
endfacet
facet normal -0.7730070588633648 0.6343974203505326 0
outer loop
vertex 50.4725227355957 55.97705078125 -6.9457316398620605
vertex 50.34815979003906 55.82551574707031 -6.965412616729736
vertex 50.34815979003906 55.82551574707031 -3.5
endloop
endfacet
facet normal -0.6343974203505326 0.7730070588633648 0
outer loop
vertex 50.34815979003906 55.82551574707031 -6.965412616729736
vertex 50.196624755859375 55.70115280151367 -6.981564521789551
vertex 50.196624755859375 55.70115280151367 -3.5
endloop
endfacet
facet normal -0.4714031058222316 0.881917860019375 0
outer loop
vertex 50.196624755859375 55.70115280151367 -6.981564521789551
vertex 50.023738861083984 55.608741760253906 -6.993566513061523
vertex 50.023738861083984 55.608741760253906 -3.5
endloop
endfacet
facet normal -0.2902725625063676 0.9569440106171242 0
outer loop
vertex 50.023738861083984 55.608741760253906 -6.993566513061523
vertex 49.836143493652344 55.55183792114258 -7.000957489013672
vertex 49.836143493652344 55.55183792114258 -3.5
endloop
endfacet
facet normal -0.09801812595133513 0.9951846295964324 0
outer loop
vertex 49.836143493652344 55.55183792114258 -7.000957489013672
vertex 49.641056060791016 55.532623291015625 -7.003452777862549
vertex 49.641056060791016 55.532623291015625 -3.5
endloop
endfacet
facet normal 0.09801622777686082 0.9951848165503705 0
outer loop
vertex 49.641056060791016 55.532623291015625 -7.003452777862549
vertex 49.44596481323242 55.55183792114258 -7.000957489013672
vertex 49.44596481323242 55.55183792114258 -3.5
endloop
endfacet
facet normal 0.290277967867665 0.9569423709767578 0
outer loop
vertex 49.44596481323242 55.55183792114258 -7.000957489013672
vertex 49.25837326049805 55.608741760253906 -6.993566513061523
vertex 49.25837326049805 55.608741760253906 -3.5
endloop
endfacet
facet normal 0.7730070588633648 0.6343974203505326 0
outer loop
vertex 48.9339485168457 55.82551574707031 -6.74945068359375
vertex 48.80958557128906 55.97705078125 -6.515688419342041
vertex 48.80958557128906 55.97705078125 -3.5
endloop
endfacet
facet normal 0.6178568604449564 0.7862905951371297 0
outer loop
vertex 49.10652542114258 55.68990707397461 -6.983025074005127
vertex 48.9339485168457 55.82551574707031 -6.74945068359375
vertex 48.9339485168457 55.82551574707031 -3.5
endloop
endfacet
facet normal 0.47140106084350397 0.8819189530991332 3.84618903642051e-7
outer loop
vertex 49.25837326049805 55.608741760253906 -6.993566513061523
vertex 49.10652542114258 55.68990707397461 -6.983025074005127
vertex 49.08548355102539 55.70115280151367 -3.5
endloop
endfacet
facet normal 0 0 -1
outer loop
vertex 50.196624755859375 55.70115280151367 -3.5
vertex 50.023738861083984 55.608741760253906 -3.5
vertex 48.70508575439453 56.18979263305664 -3.5
endloop
endfacet
facet normal 0.0003572325177125872 0.12403444223937847 0.9922778489532529
outer loop
vertex -60.15177536010742 49.8919677734375 -1.2000000476837158
vertex -57.95408630371094 49.085636138916016 -1.100000023841858
vertex -58.15178298950195 49.886207580566406 -1.2000000476837158
endloop
endfacet
facet normal 0.0003570339489551815 0.12403390930287674 0.9922779156414825
outer loop
vertex -60.15177536010742 49.8919677734375 -1.2000000476837158
vertex -60.35407638549805 49.09254455566406 -1.100000023841858
vertex -57.95408630371094 49.085636138916016 -1.100000023841858
endloop
endfacet
facet normal 0.9708364652175913 0.23974269082458566 0
outer loop
vertex -57.95408630371094 49.085636138916016 -2.5
vertex -58.15178298950195 49.886207580566406 -1.2000000476837158
vertex -57.95408630371094 49.085636138916016 -1.100000023841858
endloop
endfacet
facet normal 0.9708364652175911 0.2397426908245856 0
outer loop
vertex -58.15178298950195 49.886207580566406 -1.2000000476837158
vertex -57.95408630371094 49.085636138916016 -2.5
vertex -58.15178298950195 49.886207580566406 -2.4000000953674316
endloop
endfacet
facet normal 0.0028800954770865426 0.9999958525164206 0
outer loop
vertex -58.15178298950195 49.886207580566406 -1.2000000476837158
vertex -60.15177536010742 49.8919677734375 -2.4000000953674316
vertex -60.15177536010742 49.8919677734375 -1.2000000476837158
endloop
endfacet
facet normal -0.9694407779088612 0.2453254534846764 0
outer loop
vertex -60.15177536010742 49.8919677734375 -2.4000000953674316
vertex -60.35407638549805 49.09254455566406 -1.100000023841858
vertex -60.15177536010742 49.8919677734375 -1.2000000476837158
endloop
endfacet
facet normal 0.0028800954770865426 0.9999958525164206 0
outer loop
vertex -58.15178298950195 49.886207580566406 -2.4000000953674316
vertex -60.15177536010742 49.8919677734375 -2.4000000953674316
vertex -58.15178298950195 49.886207580566406 -1.2000000476837158
endloop
endfacet
facet normal -0.9694407779088612 0.24532545348467638 0
outer loop
vertex -60.15177536010742 49.8919677734375 -2.4000000953674316
vertex -60.35407638549805 49.09254455566406 -2.5
vertex -60.35407638549805 49.09254455566406 -1.100000023841858
endloop
endfacet
facet normal 0.0003570349259745297 0.12403424872026148 -0.9922778732141828
outer loop
vertex -57.95408630371094 49.085636138916016 -2.5
vertex -60.35407638549805 49.09254455566406 -2.5
vertex -58.15178298950195 49.886207580566406 -2.4000000953674316
endloop
endfacet
facet normal 0.00035723042217921064 0.12403371465076135 -0.9922779399021018
outer loop
vertex -60.35407638549805 49.09254455566406 -2.5
vertex -60.15177536010742 49.8919677734375 -2.4000000953674316
vertex -58.15178298950195 49.886207580566406 -2.4000000953674316
endloop
endfacet
facet normal -0.0426602219891871 0.1164678331302935 -0.9922778589214653
outer loop
vertex 50.30489730834961 57.62775421142578 -2.4000000953674316
vertex 48.51426315307617 56.11989974975586 -2.5
vertex 48.42691421508789 56.93988037109375 -2.4000000953674316
endloop
endfacet
facet normal -0.9943739836935575 -0.10592629774236731 0
outer loop
vertex 48.42691421508789 56.93988037109375 -2.4000000953674316
vertex 48.51426315307617 56.11989974975586 -2.5
vertex 48.51426315307617 56.11989974975586 -1.100000023841858
endloop
endfacet
facet normal -0.3439373105871057 0.9389926125301034 0
outer loop
vertex 50.30489730834961 57.62775421142578 -2.4000000953674316
vertex 48.42691421508789 56.93988037109375 -2.4000000953674316
vertex 50.30489730834961 57.62775421142578 -1.2000000476837158
endloop
endfacet
facet normal 0.8275401733464964 0.5614065028993256 0
outer loop
vertex 50.30489730834961 57.62775421142578 -1.2000000476837158
vertex 50.767845153808594 56.94534683227539 -2.5
vertex 50.30489730834961 57.62775421142578 -2.4000000953674316
endloop
endfacet
facet normal -0.9943739836935575 -0.1059262977423673 0
outer loop
vertex 48.42691421508789 56.93988037109375 -2.4000000953674316
vertex 48.51426315307617 56.11989974975586 -1.100000023841858
vertex 48.42691421508789 56.93988037109375 -1.2000000476837158
endloop
endfacet
facet normal -0.3439373105871057 0.9389926125301034 0
outer loop
vertex 50.30489730834961 57.62775421142578 -1.2000000476837158
vertex 48.42691421508789 56.93988037109375 -2.4000000953674316
vertex 48.42691421508789 56.93988037109375 -1.2000000476837158
endloop
endfacet
facet normal 0.8275401733464964 0.5614065028993256 0
outer loop
vertex 50.767845153808594 56.94534683227539 -2.5
vertex 50.30489730834961 57.62775421142578 -1.2000000476837158
vertex 50.767845153808594 56.94534683227539 -1.100000023841858
endloop
endfacet
facet normal -0.04266015550093315 0.1164676516089018 0.992277883085854
outer loop
vertex 48.42691421508789 56.93988037109375 -1.2000000476837158
vertex 50.767845153808594 56.94534683227539 -1.100000023841858
vertex 50.30489730834961 57.62775421142578 -1.2000000476837158
endloop
endfacet
facet normal -0.04266000740931585 0.11646758088392808 -0.9922778977538916
outer loop
vertex 48.51426315307617 56.11989974975586 -2.5
vertex 50.30489730834961 57.62775421142578 -2.4000000953674316
vertex 50.767845153808594 56.94534683227539 -2.5
endloop
endfacet
facet normal -0.04266015461541709 0.11646798277646264 0.9922778442533977
outer loop
vertex 48.42691421508789 56.93988037109375 -1.2000000476837158
vertex 48.51426315307617 56.11989974975586 -1.100000023841858
vertex 50.767845153808594 56.94534683227539 -1.100000023841858
endloop
endfacet
endsolid auto-kdk-case
